log_text,label,prediction,inference_time_ms,correct
TYPE=RAS COMPONENT=KERNEL LEVEL=INFO CONTENT=instruction cache parity error corrected,0,0,334.1119178750205,1
TYPE=RAS COMPONENT=KERNEL LEVEL=INFO CONTENT=instruction cache parity error corrected,0,0,334.1119178750205,1
TYPE=RAS COMPONENT=KERNEL LEVEL=INFO CONTENT=instruction cache parity error corrected,0,0,334.1119178750205,1
TYPE=RAS COMPONENT=KERNEL LEVEL=INFO CONTENT=instruction cache parity error corrected,0,0,334.1119178750205,1
TYPE=RAS COMPONENT=KERNEL LEVEL=INFO CONTENT=63543 double-hummer alignment exceptions,0,0,334.1119178750205,1
TYPE=RAS COMPONENT=KERNEL LEVEL=INFO CONTENT=162 double-hummer alignment exceptions,0,1,334.1119178750205,0
TYPE=RAS COMPONENT=KERNEL LEVEL=INFO CONTENT=141 double-hummer alignment exceptions,0,1,334.1119178750205,0
"TYPE=RAS COMPONENT=KERNEL LEVEL=INFO CONTENT=CE sym 2, at 0x0b85eee0, mask 0x05",0,0,334.1119178750205,1
TYPE=RAS COMPONENT=APP LEVEL=FATAL CONTENT=ciod: failed to read message prefix on control stream (CioStream socket to 172.16.96.116:33569,1,0,286.4043603750588,0
TYPE=RAS COMPONENT=APP LEVEL=FATAL CONTENT=ciod: failed to read message prefix on control stream (CioStream socket to 172.16.96.116:33370,1,0,286.4043603750588,0
"TYPE=RAS COMPONENT=KERNEL LEVEL=INFO CONTENT=CE sym 20, at 0x1438f9e0, mask 0x40",0,0,286.4043603750588,1
TYPE=RAS COMPONENT=KERNEL LEVEL=INFO CONTENT=generating core.2275,0,0,286.4043603750588,1
TYPE=RAS COMPONENT=KERNEL LEVEL=INFO CONTENT=generating core.862,0,1,286.4043603750588,0
TYPE=RAS COMPONENT=KERNEL LEVEL=INFO CONTENT=generating core.728,0,0,286.4043603750588,1
TYPE=RAS COMPONENT=KERNEL LEVEL=INFO CONTENT=generating core.775,0,0,286.4043603750588,1
TYPE=RAS COMPONENT=KERNEL LEVEL=INFO CONTENT=generating core.3276,0,1,286.4043603750588,0
TYPE=RAS COMPONENT=KERNEL LEVEL=INFO CONTENT=generating core.1717,0,1,271.4498112500223,0
TYPE=RAS COMPONENT=KERNEL LEVEL=INFO CONTENT=generating core.3919,0,1,271.4498112500223,0
TYPE=RAS COMPONENT=KERNEL LEVEL=INFO CONTENT=generating core.2079,0,0,271.4498112500223,1
TYPE=RAS COMPONENT=KERNEL LEVEL=INFO CONTENT=generating core.1414,0,1,271.4498112500223,0
TYPE=RAS COMPONENT=KERNEL LEVEL=INFO CONTENT=generating core.3055,0,0,271.4498112500223,1
TYPE=RAS COMPONENT=KERNEL LEVEL=INFO CONTENT=generating core.201,0,0,271.4498112500223,1
TYPE=RAS COMPONENT=KERNEL LEVEL=INFO CONTENT=generating core.1125,0,1,271.4498112500223,0
TYPE=RAS COMPONENT=KERNEL LEVEL=INFO CONTENT=generating core.412,0,1,271.4498112500223,0
TYPE=RAS COMPONENT=KERNEL LEVEL=INFO CONTENT=generating core.7828,0,0,270.42431587494775,1
TYPE=RAS COMPONENT=KERNEL LEVEL=INFO CONTENT=generating core.5570,0,0,270.42431587494775,1
TYPE=RAS COMPONENT=KERNEL LEVEL=INFO CONTENT=generating core.8275,0,1,270.42431587494775,0
TYPE=RAS COMPONENT=KERNEL LEVEL=INFO CONTENT=generating core.4183,0,1,270.42431587494775,0
TYPE=RAS COMPONENT=KERNEL LEVEL=INFO CONTENT=generating core.6545,0,0,270.42431587494775,1
TYPE=RAS COMPONENT=KERNEL LEVEL=INFO CONTENT=generating core.4245,0,1,270.42431587494775,0
TYPE=RAS COMPONENT=KERNEL LEVEL=INFO CONTENT=generating core.6884,0,1,270.42431587494775,0
TYPE=RAS COMPONENT=KERNEL LEVEL=FATAL CONTENT=force load/store alignment...............0,0,0,270.42431587494775,1
TYPE=RAS COMPONENT=KERNEL LEVEL=INFO CONTENT=generating core.6471,0,1,270.11938700002247,0
TYPE=RAS COMPONENT=KERNEL LEVEL=INFO CONTENT=generating core.4155,0,0,270.11938700002247,1
TYPE=RAS COMPONENT=KERNEL LEVEL=INFO CONTENT=generating core.449,0,1,270.11938700002247,0
TYPE=RAS COMPONENT=KERNEL LEVEL=INFO CONTENT=generating core.6990,0,1,270.11938700002247,0
TYPE=RAS COMPONENT=KERNEL LEVEL=INFO CONTENT=generating core.4876,0,1,270.11938700002247,0
TYPE=RAS COMPONENT=KERNEL LEVEL=INFO CONTENT=generating core.2218,0,1,270.11938700002247,0
TYPE=RAS COMPONENT=KERNEL LEVEL=INFO CONTENT=generating core.7518,0,0,270.11938700002247,1
TYPE=RAS COMPONENT=KERNEL LEVEL=INFO CONTENT=generating core.5854,0,0,270.11938700002247,1
TYPE=RAS COMPONENT=KERNEL LEVEL=INFO CONTENT=generating core.7457,0,0,270.12764737503403,1
TYPE=RAS COMPONENT=KERNEL LEVEL=INFO CONTENT=generating core.6896,0,1,270.12764737503403,0
TYPE=RAS COMPONENT=KERNEL LEVEL=INFO CONTENT=generating core.3488,0,1,270.12764737503403,0
TYPE=RAS COMPONENT=KERNEL LEVEL=INFO CONTENT=generating core.1172,0,1,270.12764737503403,0
TYPE=RAS COMPONENT=KERNEL LEVEL=INFO CONTENT=generating core.2286,0,0,270.12764737503403,1
TYPE=RAS COMPONENT=KERNEL LEVEL=INFO CONTENT=generating core.786,0,0,270.12764737503403,1
TYPE=RAS COMPONENT=KERNEL LEVEL=INFO CONTENT=generating core.2680,0,0,270.12764737503403,1
TYPE=RAS COMPONENT=KERNEL LEVEL=INFO CONTENT=generating core.1524,0,1,270.12764737503403,0
TYPE=RAS COMPONENT=KERNEL LEVEL=INFO CONTENT=generating core.4937,0,1,270.31984799998554,0
TYPE=RAS COMPONENT=KERNEL LEVEL=INFO CONTENT=generating core.6801,0,1,270.31984799998554,0
TYPE=RAS COMPONENT=KERNEL LEVEL=INFO CONTENT=generating core.4368,0,1,270.31984799998554,0
TYPE=RAS COMPONENT=KERNEL LEVEL=INFO CONTENT=generating core.851,0,1,270.31984799998554,0
TYPE=RAS COMPONENT=KERNEL LEVEL=INFO CONTENT=generating core.1744,0,1,270.31984799998554,0
TYPE=RAS COMPONENT=KERNEL LEVEL=INFO CONTENT=generating core.1588,0,1,270.31984799998554,0
TYPE=RAS COMPONENT=KERNEL LEVEL=INFO CONTENT=generating core.5307,0,0,270.31984799998554,1
TYPE=RAS COMPONENT=KERNEL LEVEL=INFO CONTENT=generating core.7192,0,0,270.31984799998554,1
"TYPE=RAS COMPONENT=KERNEL LEVEL=INFO CONTENT=CE sym 20, at 0x01228120, mask 0x10",0,0,281.7251462499826,1
"TYPE=RAS COMPONENT=KERNEL LEVEL=INFO CONTENT=CE sym 5, at 0x11042a80, mask 0x04",0,0,281.7251462499826,1
TYPE=RAS COMPONENT=KERNEL LEVEL=INFO CONTENT=instruction cache parity error corrected,0,0,281.7251462499826,1
TYPE=RAS COMPONENT=KERNEL LEVEL=INFO CONTENT=instruction cache parity error corrected,0,0,281.7251462499826,1
TYPE=RAS COMPONENT=KERNEL LEVEL=INFO CONTENT=instruction cache parity error corrected,0,0,281.7251462499826,1
TYPE=RAS COMPONENT=KERNEL LEVEL=INFO CONTENT=instruction cache parity error corrected,0,0,281.7251462499826,1
TYPE=RAS COMPONENT=KERNEL LEVEL=INFO CONTENT=instruction cache parity error corrected,0,0,281.7251462499826,1
TYPE=RAS COMPONENT=KERNEL LEVEL=INFO CONTENT=instruction cache parity error corrected,0,0,281.7251462499826,1
TYPE=RAS COMPONENT=KERNEL LEVEL=INFO CONTENT=instruction cache parity error corrected,0,0,281.0790076249532,1
TYPE=RAS COMPONENT=KERNEL LEVEL=INFO CONTENT=instruction cache parity error corrected,0,0,281.0790076249532,1
TYPE=RAS COMPONENT=KERNEL LEVEL=INFO CONTENT=generating core.430,0,0,281.0790076249532,1
TYPE=RAS COMPONENT=KERNEL LEVEL=INFO CONTENT=generating core.174,0,1,281.0790076249532,0
TYPE=RAS COMPONENT=KERNEL LEVEL=INFO CONTENT=ciod: cpu 0 at treeaddr 438 sent unrecognized message 0xffffffff,0,0,281.0790076249532,1
TYPE=RAS COMPONENT=KERNEL LEVEL=INFO CONTENT=generating core.976,0,1,281.0790076249532,0
TYPE=RAS COMPONENT=KERNEL LEVEL=INFO CONTENT=generating core.1990,0,1,281.0790076249532,0
TYPE=RAS COMPONENT=KERNEL LEVEL=INFO CONTENT=generating core.3638,0,1,281.0790076249532,0
TYPE=RAS COMPONENT=KERNEL LEVEL=INFO CONTENT=generating core.2690,0,0,270.10301987502316,1
TYPE=RAS COMPONENT=KERNEL LEVEL=INFO CONTENT=generating core.3804,0,1,270.10301987502316,0
TYPE=RAS COMPONENT=KERNEL LEVEL=INFO CONTENT=generating core.418,0,1,270.10301987502316,0
TYPE=RAS COMPONENT=KERNEL LEVEL=INFO CONTENT=generating core.310,0,0,270.10301987502316,1
TYPE=RAS COMPONENT=KERNEL LEVEL=INFO CONTENT=generating core.2409,0,0,270.10301987502316,1
TYPE=RAS COMPONENT=KERNEL LEVEL=INFO CONTENT=generating core.4182,0,1,270.10301987502316,0
TYPE=RAS COMPONENT=KERNEL LEVEL=INFO CONTENT=generating core.8153,0,1,270.10301987502316,0
TYPE=RAS COMPONENT=KERNEL LEVEL=INFO CONTENT=generating core.7836,0,0,270.10301987502316,1
TYPE=RAS COMPONENT=KERNEL LEVEL=INFO CONTENT=generating core.2911,0,1,284.6743683750219,0
TYPE=RAS COMPONENT=KERNEL LEVEL=INFO CONTENT=generating core.2921,0,1,284.6743683750219,0
TYPE=RAS COMPONENT=KERNEL LEVEL=INFO CONTENT=generating core.122,0,1,284.6743683750219,0
TYPE=RAS COMPONENT=KERNEL LEVEL=INFO CONTENT=generating core.1973,0,1,284.6743683750219,0
TYPE=RAS COMPONENT=APP LEVEL=FATAL CONTENT=ciod: LOGIN chdir(/p/gb2/glosli/8M_5000K/t800) failed: No such file or directory,0,0,284.6743683750219,1
TYPE=RAS COMPONENT=KERNEL LEVEL=INFO CONTENT=generating core.4984,0,1,284.6743683750219,0
TYPE=RAS COMPONENT=KERNEL LEVEL=INFO CONTENT=generating core.1822,0,1,284.6743683750219,0
"TYPE=RAS COMPONENT=KERNEL LEVEL=INFO CONTENT=CE sym 28, at 0x110067e0, mask 0x02",0,0,284.6743683750219,1
"TYPE=RAS COMPONENT=KERNEL LEVEL=INFO CONTENT=1 ddr errors(s) detected and corrected on rank 0, symbol 25, bit 1",0,1,280.8671102500284,0
"TYPE=RAS COMPONENT=KERNEL LEVEL=INFO CONTENT=CE sym 14, at 0x06047860, mask 0x20",0,0,280.8671102500284,1
TYPE=RAS COMPONENT=KERNEL LEVEL=INFO CONTENT=generating core.3265,0,0,280.8671102500284,1
TYPE=RAS COMPONENT=KERNEL LEVEL=INFO CONTENT=generating core.2599,0,0,280.8671102500284,1
TYPE=RAS COMPONENT=KERNEL LEVEL=INFO CONTENT=generating core.1818,0,1,280.8671102500284,0
TYPE=RAS COMPONENT=KERNEL LEVEL=INFO CONTENT=generating core.1694,0,1,280.8671102500284,0
TYPE=RAS COMPONENT=KERNEL LEVEL=INFO CONTENT=generating core.3401,0,0,280.8671102500284,1
TYPE=RAS COMPONENT=KERNEL LEVEL=INFO CONTENT=generating core.25350,0,0,280.8671102500284,1
TYPE=RAS COMPONENT=KERNEL LEVEL=INFO CONTENT=generating core.1820,0,1,280.6945772499603,0
"TYPE=RAS COMPONENT=KERNEL LEVEL=INFO CONTENT=CE sym 2, at 0x1b85f080, mask 0x02",0,0,280.6945772499603,1
TYPE=RAS COMPONENT=KERNEL LEVEL=INFO CONTENT=generating core.254,0,0,280.6945772499603,1
TYPE=RAS COMPONENT=KERNEL LEVEL=INFO CONTENT=generating core.1887,0,1,280.6945772499603,0
"TYPE=RAS COMPONENT=KERNEL LEVEL=INFO CONTENT=CE sym 2, at 0x1b85fe80, mask 0x02",0,0,280.6945772499603,1
TYPE=RAS COMPONENT=KERNEL LEVEL=INFO CONTENT=generating core.8280,0,0,280.6945772499603,1
TYPE=RAS COMPONENT=KERNEL LEVEL=INFO CONTENT=generating core.12357,0,1,280.6945772499603,0
TYPE=RAS COMPONENT=KERNEL LEVEL=FATAL CONTENT=data TLB error interrupt,1,0,280.6945772499603,0
TYPE=RAS COMPONENT=KERNEL LEVEL=FATAL CONTENT=data TLB error interrupt,1,0,268.04306550002366,0
TYPE=RAS COMPONENT=KERNEL LEVEL=FATAL CONTENT=data TLB error interrupt,1,0,268.04306550002366,0
TYPE=RAS COMPONENT=KERNEL LEVEL=FATAL CONTENT=data TLB error interrupt,1,0,268.04306550002366,0
TYPE=RAS COMPONENT=KERNEL LEVEL=FATAL CONTENT=data TLB error interrupt,1,0,268.04306550002366,0
TYPE=RAS COMPONENT=KERNEL LEVEL=FATAL CONTENT=data TLB error interrupt,1,0,268.04306550002366,0
TYPE=RAS COMPONENT=KERNEL LEVEL=FATAL CONTENT=data TLB error interrupt,1,0,268.04306550002366,0
TYPE=RAS COMPONENT=KERNEL LEVEL=FATAL CONTENT=data TLB error interrupt,1,0,268.04306550002366,0
TYPE=RAS COMPONENT=KERNEL LEVEL=FATAL CONTENT=data TLB error interrupt,1,0,268.04306550002366,0
TYPE=RAS COMPONENT=KERNEL LEVEL=FATAL CONTENT=data TLB error interrupt,1,0,267.06213012505486,0
TYPE=RAS COMPONENT=KERNEL LEVEL=FATAL CONTENT=data TLB error interrupt,1,0,267.06213012505486,0
TYPE=RAS COMPONENT=KERNEL LEVEL=FATAL CONTENT=data TLB error interrupt,1,0,267.06213012505486,0
TYPE=RAS COMPONENT=KERNEL LEVEL=FATAL CONTENT=data TLB error interrupt,1,0,267.06213012505486,0
TYPE=RAS COMPONENT=KERNEL LEVEL=FATAL CONTENT=data TLB error interrupt,1,0,267.06213012505486,0
TYPE=RAS COMPONENT=KERNEL LEVEL=FATAL CONTENT=data TLB error interrupt,1,0,267.06213012505486,0
TYPE=RAS COMPONENT=KERNEL LEVEL=FATAL CONTENT=data TLB error interrupt,1,0,267.06213012505486,0
TYPE=RAS COMPONENT=KERNEL LEVEL=FATAL CONTENT=data TLB error interrupt,1,0,267.06213012505486,0
TYPE=RAS COMPONENT=KERNEL LEVEL=FATAL CONTENT=data TLB error interrupt,1,0,267.5088137500552,0
TYPE=RAS COMPONENT=KERNEL LEVEL=FATAL CONTENT=data TLB error interrupt,1,0,267.5088137500552,0
TYPE=RAS COMPONENT=KERNEL LEVEL=FATAL CONTENT=data TLB error interrupt,1,0,267.5088137500552,0
TYPE=RAS COMPONENT=KERNEL LEVEL=FATAL CONTENT=data TLB error interrupt,1,0,267.5088137500552,0
TYPE=RAS COMPONENT=KERNEL LEVEL=FATAL CONTENT=data TLB error interrupt,1,0,267.5088137500552,0
TYPE=RAS COMPONENT=KERNEL LEVEL=FATAL CONTENT=data TLB error interrupt,1,0,267.5088137500552,0
TYPE=RAS COMPONENT=KERNEL LEVEL=FATAL CONTENT=data TLB error interrupt,1,0,267.5088137500552,0
TYPE=RAS COMPONENT=KERNEL LEVEL=FATAL CONTENT=data TLB error interrupt,1,0,267.5088137500552,0
TYPE=RAS COMPONENT=KERNEL LEVEL=FATAL CONTENT=data TLB error interrupt,1,0,267.3607506250164,0
TYPE=RAS COMPONENT=KERNEL LEVEL=FATAL CONTENT=data TLB error interrupt,1,0,267.3607506250164,0
TYPE=RAS COMPONENT=KERNEL LEVEL=FATAL CONTENT=data TLB error interrupt,1,0,267.3607506250164,0
TYPE=RAS COMPONENT=KERNEL LEVEL=FATAL CONTENT=data TLB error interrupt,1,0,267.3607506250164,0
TYPE=RAS COMPONENT=KERNEL LEVEL=FATAL CONTENT=data TLB error interrupt,1,0,267.3607506250164,0
TYPE=RAS COMPONENT=KERNEL LEVEL=FATAL CONTENT=data TLB error interrupt,1,0,267.3607506250164,0
TYPE=RAS COMPONENT=KERNEL LEVEL=FATAL CONTENT=data TLB error interrupt,1,0,267.3607506250164,0
TYPE=RAS COMPONENT=KERNEL LEVEL=FATAL CONTENT=data TLB error interrupt,1,0,267.3607506250164,0
TYPE=RAS COMPONENT=KERNEL LEVEL=FATAL CONTENT=data TLB error interrupt,1,0,267.1294171250338,0
TYPE=RAS COMPONENT=KERNEL LEVEL=FATAL CONTENT=data TLB error interrupt,1,0,267.1294171250338,0
TYPE=RAS COMPONENT=KERNEL LEVEL=FATAL CONTENT=data TLB error interrupt,1,0,267.1294171250338,0
TYPE=RAS COMPONENT=KERNEL LEVEL=FATAL CONTENT=data TLB error interrupt,1,0,267.1294171250338,0
TYPE=RAS COMPONENT=KERNEL LEVEL=FATAL CONTENT=data TLB error interrupt,1,0,267.1294171250338,0
TYPE=RAS COMPONENT=KERNEL LEVEL=FATAL CONTENT=data TLB error interrupt,1,0,267.1294171250338,0
TYPE=RAS COMPONENT=KERNEL LEVEL=FATAL CONTENT=data TLB error interrupt,1,0,267.1294171250338,0
TYPE=RAS COMPONENT=KERNEL LEVEL=FATAL CONTENT=data TLB error interrupt,1,0,267.1294171250338,0
TYPE=RAS COMPONENT=KERNEL LEVEL=FATAL CONTENT=data TLB error interrupt,1,0,267.2323587499932,0
TYPE=RAS COMPONENT=KERNEL LEVEL=FATAL CONTENT=data TLB error interrupt,1,0,267.2323587499932,0
TYPE=RAS COMPONENT=KERNEL LEVEL=FATAL CONTENT=data TLB error interrupt,1,0,267.2323587499932,0
TYPE=RAS COMPONENT=KERNEL LEVEL=FATAL CONTENT=data TLB error interrupt,1,0,267.2323587499932,0
TYPE=RAS COMPONENT=KERNEL LEVEL=FATAL CONTENT=data TLB error interrupt,1,0,267.2323587499932,0
TYPE=RAS COMPONENT=KERNEL LEVEL=FATAL CONTENT=data TLB error interrupt,1,0,267.2323587499932,0
TYPE=RAS COMPONENT=KERNEL LEVEL=FATAL CONTENT=data TLB error interrupt,1,0,267.2323587499932,0
TYPE=RAS COMPONENT=KERNEL LEVEL=FATAL CONTENT=data TLB error interrupt,1,0,267.2323587499932,0
TYPE=RAS COMPONENT=KERNEL LEVEL=FATAL CONTENT=data TLB error interrupt,1,0,268.4673302500187,0
TYPE=RAS COMPONENT=KERNEL LEVEL=FATAL CONTENT=data TLB error interrupt,1,0,268.4673302500187,0
TYPE=RAS COMPONENT=KERNEL LEVEL=FATAL CONTENT=data TLB error interrupt,1,0,268.4673302500187,0
TYPE=RAS COMPONENT=KERNEL LEVEL=FATAL CONTENT=data TLB error interrupt,1,0,268.4673302500187,0
TYPE=RAS COMPONENT=KERNEL LEVEL=FATAL CONTENT=data TLB error interrupt,1,0,268.4673302500187,0
TYPE=RAS COMPONENT=KERNEL LEVEL=FATAL CONTENT=data TLB error interrupt,1,0,268.4673302500187,0
TYPE=RAS COMPONENT=KERNEL LEVEL=FATAL CONTENT=data TLB error interrupt,1,0,268.4673302500187,0
TYPE=RAS COMPONENT=KERNEL LEVEL=FATAL CONTENT=data TLB error interrupt,1,0,268.4673302500187,0
TYPE=RAS COMPONENT=KERNEL LEVEL=FATAL CONTENT=data TLB error interrupt,1,0,281.0555337499636,0
TYPE=RAS COMPONENT=KERNEL LEVEL=FATAL CONTENT=data TLB error interrupt,1,0,281.0555337499636,0
TYPE=RAS COMPONENT=KERNEL LEVEL=FATAL CONTENT=data TLB error interrupt,1,0,281.0555337499636,0
"TYPE=RAS COMPONENT=KERNEL LEVEL=INFO CONTENT=CE sym 10, at 0x08d10580, mask 0x08",0,0,281.0555337499636,1
TYPE=RAS COMPONENT=KERNEL LEVEL=INFO CONTENT=ciod: Message code 0 is not 51 or 4294967295,0,0,281.0555337499636,1
TYPE=RAS COMPONENT=KERNEL LEVEL=FATAL CONTENT=data storage interrupt,1,0,281.0555337499636,0
TYPE=RAS COMPONENT=KERNEL LEVEL=FATAL CONTENT=data storage interrupt,1,0,281.0555337499636,0
TYPE=RAS COMPONENT=KERNEL LEVEL=FATAL CONTENT=data storage interrupt,1,0,281.0555337499636,0
TYPE=RAS COMPONENT=KERNEL LEVEL=FATAL CONTENT=data storage interrupt,1,0,278.4688484999833,0
TYPE=RAS COMPONENT=KERNEL LEVEL=FATAL CONTENT=data storage interrupt,1,0,278.4688484999833,0
TYPE=RAS COMPONENT=KERNEL LEVEL=FATAL CONTENT=data storage interrupt,1,0,278.4688484999833,0
TYPE=RAS COMPONENT=KERNEL LEVEL=FATAL CONTENT=data storage interrupt,1,0,278.4688484999833,0
TYPE=RAS COMPONENT=KERNEL LEVEL=FATAL CONTENT=data storage interrupt,1,0,278.4688484999833,0
TYPE=RAS COMPONENT=KERNEL LEVEL=FATAL CONTENT=instruction address: 0x00004ed8,0,0,278.4688484999833,1
TYPE=RAS COMPONENT=KERNEL LEVEL=FATAL CONTENT=instruction address: 0x00004ed8,0,0,278.4688484999833,1
TYPE=RAS COMPONENT=KERNEL LEVEL=FATAL CONTENT=instruction address: 0x00004ed8,0,0,278.4688484999833,1
TYPE=RAS COMPONENT=KERNEL LEVEL=FATAL CONTENT=instruction address: 0x00004ed8,0,0,277.6616071249691,1
TYPE=RAS COMPONENT=KERNEL LEVEL=FATAL CONTENT=instruction address: 0x00004ed8,0,0,277.6616071249691,1
TYPE=RAS COMPONENT=KERNEL LEVEL=FATAL CONTENT=instruction address: 0x00004ed8,0,0,277.6616071249691,1
TYPE=RAS COMPONENT=KERNEL LEVEL=FATAL CONTENT=instruction address: 0x00004ed8,0,0,277.6616071249691,1
TYPE=RAS COMPONENT=KERNEL LEVEL=INFO CONTENT=generating core.2522,0,0,277.6616071249691,1
TYPE=RAS COMPONENT=KERNEL LEVEL=INFO CONTENT=generating core.1711,0,1,277.6616071249691,0
TYPE=RAS COMPONENT=KERNEL LEVEL=INFO CONTENT=generating core.2332,0,0,277.6616071249691,1
TYPE=RAS COMPONENT=KERNEL LEVEL=INFO CONTENT=generating core.4505,0,0,277.6616071249691,1
TYPE=RAS COMPONENT=KERNEL LEVEL=INFO CONTENT=generating core.1521,0,1,269.52536587498344,0
TYPE=RAS COMPONENT=KERNEL LEVEL=FATAL CONTENT=data storage interrupt,1,0,269.52536587498344,0
TYPE=RAS COMPONENT=KERNEL LEVEL=FATAL CONTENT=data storage interrupt,1,0,269.52536587498344,0
TYPE=RAS COMPONENT=KERNEL LEVEL=FATAL CONTENT=data storage interrupt,1,0,269.52536587498344,0
TYPE=RAS COMPONENT=KERNEL LEVEL=FATAL CONTENT=data storage interrupt,1,0,269.52536587498344,0
TYPE=RAS COMPONENT=KERNEL LEVEL=FATAL CONTENT=data storage interrupt,1,0,269.52536587498344,0
TYPE=RAS COMPONENT=KERNEL LEVEL=FATAL CONTENT=data storage interrupt,1,0,269.52536587498344,0
TYPE=RAS COMPONENT=KERNEL LEVEL=FATAL CONTENT=data storage interrupt,1,0,269.52536587498344,0
TYPE=RAS COMPONENT=KERNEL LEVEL=FATAL CONTENT=data storage interrupt,1,0,278.48781712498294,0
TYPE=RAS COMPONENT=KERNEL LEVEL=FATAL CONTENT=instruction address: 0x00004ed8,0,0,278.48781712498294,1
TYPE=RAS COMPONENT=KERNEL LEVEL=FATAL CONTENT=instruction address: 0x00004ed8,0,0,278.48781712498294,1
TYPE=RAS COMPONENT=KERNEL LEVEL=FATAL CONTENT=instruction address: 0x00004ed8,0,0,278.48781712498294,1
TYPE=RAS COMPONENT=KERNEL LEVEL=FATAL CONTENT=instruction address: 0x00004ed8,0,0,278.48781712498294,1
TYPE=RAS COMPONENT=KERNEL LEVEL=FATAL CONTENT=instruction address: 0x00004ed8,0,0,278.48781712498294,1
TYPE=RAS COMPONENT=KERNEL LEVEL=FATAL CONTENT=instruction address: 0x00004ed8,0,0,278.48781712498294,1
TYPE=RAS COMPONENT=KERNEL LEVEL=FATAL CONTENT=instruction address: 0x00004ed8,0,0,278.48781712498294,1
TYPE=RAS COMPONENT=KERNEL LEVEL=FATAL CONTENT=instruction address: 0x00004ed8,0,0,277.6882057499961,1
TYPE=RAS COMPONENT=KERNEL LEVEL=FATAL CONTENT=data storage interrupt,1,0,277.6882057499961,0
TYPE=RAS COMPONENT=KERNEL LEVEL=FATAL CONTENT=instruction address: 0x00004ed8,0,0,277.6882057499961,1
TYPE=RAS COMPONENT=KERNEL LEVEL=FATAL CONTENT=instruction address: 0x00004ed8,0,0,277.6882057499961,1
TYPE=RAS COMPONENT=KERNEL LEVEL=FATAL CONTENT=data address: 0x00000002,0,0,277.6882057499961,1
TYPE=RAS COMPONENT=KERNEL LEVEL=FATAL CONTENT=data address: 0x00000002,0,0,277.6882057499961,1
TYPE=RAS COMPONENT=KERNEL LEVEL=FATAL CONTENT=machine check: i-fetch......................0,0,0,277.6882057499961,1
TYPE=RAS COMPONENT=KERNEL LEVEL=FATAL CONTENT=machine check: i-fetch......................0,0,0,277.6882057499961,1
TYPE=RAS COMPONENT=KERNEL LEVEL=FATAL CONTENT=program interrupt: illegal instruction......0,0,0,277.8358880000269,1
TYPE=RAS COMPONENT=KERNEL LEVEL=FATAL CONTENT=data storage interrupt,1,0,277.8358880000269,0
TYPE=RAS COMPONENT=KERNEL LEVEL=FATAL CONTENT=data storage interrupt,1,0,277.8358880000269,0
TYPE=RAS COMPONENT=KERNEL LEVEL=FATAL CONTENT=data storage interrupt,1,0,277.8358880000269,0
TYPE=RAS COMPONENT=KERNEL LEVEL=FATAL CONTENT=data storage interrupt,1,0,277.8358880000269,0
TYPE=RAS COMPONENT=KERNEL LEVEL=FATAL CONTENT=data storage interrupt,1,0,277.8358880000269,0
TYPE=RAS COMPONENT=KERNEL LEVEL=FATAL CONTENT=instruction address: 0x00004ed8,0,0,277.8358880000269,1
TYPE=RAS COMPONENT=KERNEL LEVEL=FATAL CONTENT=data storage interrupt,1,0,277.8358880000269,0
TYPE=RAS COMPONENT=KERNEL LEVEL=FATAL CONTENT=instruction address: 0x00004ed8,0,0,277.6583856249317,1
TYPE=RAS COMPONENT=KERNEL LEVEL=FATAL CONTENT=data storage interrupt,1,0,277.6583856249317,0
TYPE=RAS COMPONENT=KERNEL LEVEL=FATAL CONTENT=data address: 0x00000002,0,0,277.6583856249317,1
TYPE=RAS COMPONENT=KERNEL LEVEL=FATAL CONTENT=data storage interrupt,1,0,277.6583856249317,0
TYPE=RAS COMPONENT=KERNEL LEVEL=FATAL CONTENT=data address: 0x00000002,0,0,277.6583856249317,1
TYPE=RAS COMPONENT=KERNEL LEVEL=FATAL CONTENT=data address: 0x00000002,0,0,277.6583856249317,1
TYPE=RAS COMPONENT=KERNEL LEVEL=FATAL CONTENT=data storage interrupt,1,0,277.6583856249317,0
TYPE=RAS COMPONENT=KERNEL LEVEL=FATAL CONTENT=data address: 0x00000002,0,0,277.6583856249317,1
TYPE=RAS COMPONENT=KERNEL LEVEL=FATAL CONTENT=machine check: i-fetch......................0,0,0,277.6708520000284,1
TYPE=RAS COMPONENT=KERNEL LEVEL=FATAL CONTENT=data storage interrupt,1,0,277.6708520000284,0
TYPE=RAS COMPONENT=KERNEL LEVEL=FATAL CONTENT=data storage interrupt,1,0,277.6708520000284,0
TYPE=RAS COMPONENT=KERNEL LEVEL=FATAL CONTENT=data storage interrupt,1,0,277.6708520000284,0
TYPE=RAS COMPONENT=KERNEL LEVEL=FATAL CONTENT=data storage interrupt,1,0,277.6708520000284,0
TYPE=RAS COMPONENT=KERNEL LEVEL=FATAL CONTENT=data address: 0x00000002,0,0,277.6708520000284,1
TYPE=RAS COMPONENT=KERNEL LEVEL=FATAL CONTENT=instruction address: 0x00004ed8,0,0,277.6708520000284,1
TYPE=RAS COMPONENT=KERNEL LEVEL=FATAL CONTENT=exception syndrome register: 0x00800000,0,0,277.6708520000284,1
TYPE=RAS COMPONENT=KERNEL LEVEL=FATAL CONTENT=exception syndrome register: 0x00800000,0,0,277.63972025002204,1
TYPE=RAS COMPONENT=KERNEL LEVEL=FATAL CONTENT=exception syndrome register: 0x00800000,0,0,277.63972025002204,1
TYPE=RAS COMPONENT=KERNEL LEVEL=FATAL CONTENT=exception syndrome register: 0x00800000,0,0,277.63972025002204,1
TYPE=RAS COMPONENT=KERNEL LEVEL=FATAL CONTENT=program interrupt: illegal instruction......0,0,0,277.63972025002204,1
TYPE=RAS COMPONENT=KERNEL LEVEL=FATAL CONTENT=program interrupt: illegal instruction......0,0,0,277.63972025002204,1
TYPE=RAS COMPONENT=KERNEL LEVEL=FATAL CONTENT=data address: 0x00000002,0,0,277.63972025002204,1
TYPE=RAS COMPONENT=KERNEL LEVEL=FATAL CONTENT=exception syndrome register: 0x00800000,0,0,277.63972025002204,1
TYPE=RAS COMPONENT=KERNEL LEVEL=FATAL CONTENT=machine check: i-fetch......................0,0,0,277.63972025002204,1
TYPE=RAS COMPONENT=KERNEL LEVEL=FATAL CONTENT=data store interrupt caused by dcbf.........0,0,0,277.2010880000835,1
TYPE=RAS COMPONENT=KERNEL LEVEL=FATAL CONTENT=machine check: i-fetch......................0,0,0,277.2010880000835,1
TYPE=RAS COMPONENT=KERNEL LEVEL=FATAL CONTENT=data store interrupt caused by dcbf.........0,0,0,277.2010880000835,1
TYPE=RAS COMPONENT=KERNEL LEVEL=FATAL CONTENT=program interrupt: illegal instruction......0,0,0,277.2010880000835,1
TYPE=RAS COMPONENT=KERNEL LEVEL=FATAL CONTENT=program interrupt: illegal instruction......0,0,0,277.2010880000835,1
TYPE=RAS COMPONENT=KERNEL LEVEL=FATAL CONTENT=program interrupt: privileged instruction...0,0,0,277.2010880000835,1
TYPE=RAS COMPONENT=KERNEL LEVEL=FATAL CONTENT=program interrupt: privileged instruction...0,0,0,277.2010880000835,1
TYPE=RAS COMPONENT=KERNEL LEVEL=FATAL CONTENT=program interrupt: trap instruction.........0,0,0,277.2010880000835,1
TYPE=RAS COMPONENT=KERNEL LEVEL=FATAL CONTENT=program interrupt: imprecise exception......0,0,0,277.62154999993527,1
TYPE=RAS COMPONENT=KERNEL LEVEL=FATAL CONTENT=store operation.............................1,0,1,277.62154999993527,0
TYPE=RAS COMPONENT=KERNEL LEVEL=FATAL CONTENT=store operation.............................1,0,1,277.62154999993527,0
TYPE=RAS COMPONENT=KERNEL LEVEL=FATAL CONTENT=machine state register: 0x00002000,0,0,277.62154999993527,1
TYPE=RAS COMPONENT=KERNEL LEVEL=FATAL CONTENT=data store interrupt caused by icbi.........0,0,0,277.62154999993527,1
"TYPE=RAS COMPONENT=KERNEL LEVEL=FATAL CONTENT=problem state (0=sup,1=usr).......0",0,0,277.62154999993527,1
TYPE=RAS COMPONENT=KERNEL LEVEL=FATAL CONTENT=data store interrupt caused by icbi.........0,0,0,277.62154999993527,1
TYPE=RAS COMPONENT=KERNEL LEVEL=FATAL CONTENT=data store interrupt caused by icbi.........0,0,0,277.62154999993527,1
TYPE=RAS COMPONENT=KERNEL LEVEL=FATAL CONTENT=floating point instr. enabled.....1,0,0,277.1497945000192,1
TYPE=RAS COMPONENT=KERNEL LEVEL=FATAL CONTENT=floating point instr. enabled.....1,0,0,277.1497945000192,1
TYPE=RAS COMPONENT=KERNEL LEVEL=FATAL CONTENT=floating point instr. enabled.....1,0,0,277.1497945000192,1
TYPE=RAS COMPONENT=KERNEL LEVEL=FATAL CONTENT=auxiliary processor.........................0,0,0,277.1497945000192,1
TYPE=RAS COMPONENT=KERNEL LEVEL=FATAL CONTENT=machine check enable..............0,0,0,277.1497945000192,1
TYPE=RAS COMPONENT=KERNEL LEVEL=FATAL CONTENT=machine check enable..............0,0,0,277.1497945000192,1
TYPE=RAS COMPONENT=KERNEL LEVEL=FATAL CONTENT=floating pt ex mode 0 enable......0,0,0,277.1497945000192,1
TYPE=RAS COMPONENT=KERNEL LEVEL=FATAL CONTENT=program interrupt: unimplemented operation..0,0,0,277.1497945000192,1
TYPE=RAS COMPONENT=KERNEL LEVEL=FATAL CONTENT=debug interrupt enable............0,0,0,277.80678324995733,1
TYPE=RAS COMPONENT=KERNEL LEVEL=FATAL CONTENT=floating pt ex mode 1 enable......0,0,0,277.80678324995733,1
TYPE=RAS COMPONENT=KERNEL LEVEL=FATAL CONTENT=byte ordering exception.....................0,0,0,277.80678324995733,1
TYPE=RAS COMPONENT=KERNEL LEVEL=FATAL CONTENT=byte ordering exception.....................0,0,0,277.80678324995733,1
TYPE=RAS COMPONENT=KERNEL LEVEL=FATAL CONTENT=data address space................0,0,0,277.80678324995733,1
TYPE=RAS COMPONENT=KERNEL LEVEL=FATAL CONTENT=data address space................0,0,0,277.80678324995733,1
TYPE=RAS COMPONENT=KERNEL LEVEL=FATAL CONTENT=program interrupt: imprecise exception......0,0,0,277.80678324995733,1
TYPE=RAS COMPONENT=KERNEL LEVEL=FATAL CONTENT=core configuration register: 0x00002000,0,0,277.80678324995733,1
TYPE=RAS COMPONENT=KERNEL LEVEL=FATAL CONTENT=program interrupt: imprecise exception......0,0,0,275.2312439999969,1
TYPE=RAS COMPONENT=KERNEL LEVEL=FATAL CONTENT=program interrupt: fp cr update.............0,0,0,275.2312439999969,1
TYPE=RAS COMPONENT=KERNEL LEVEL=FATAL CONTENT=guaranteed instruction cache block touch.0,0,0,275.2312439999969,1
TYPE=RAS COMPONENT=KERNEL LEVEL=FATAL CONTENT=guaranteed instruction cache block touch.0,0,0,275.2312439999969,1
TYPE=RAS COMPONENT=KERNEL LEVEL=FATAL CONTENT=program interrupt: fp cr field .............0,0,0,275.2312439999969,1
TYPE=RAS COMPONENT=KERNEL LEVEL=FATAL CONTENT=program interrupt: fp cr field .............0,0,0,275.2312439999969,1
TYPE=RAS COMPONENT=KERNEL LEVEL=FATAL CONTENT=program interrupt: fp cr field .............0,0,0,275.2312439999969,1
TYPE=RAS COMPONENT=KERNEL LEVEL=FATAL CONTENT=guaranteed data cache block touch........1,0,0,275.2312439999969,1
TYPE=RAS COMPONENT=KERNEL LEVEL=FATAL CONTENT=program interrupt: fp cr field .............0,0,0,278.52101824998954,1
TYPE=RAS COMPONENT=KERNEL LEVEL=FATAL CONTENT=force load/store alignment...............0,0,0,278.52101824998954,1
TYPE=RAS COMPONENT=KERNEL LEVEL=FATAL CONTENT=icache prefetch depth....................0,0,0,278.52101824998954,1
TYPE=RAS COMPONENT=KERNEL LEVEL=FATAL CONTENT=machine state register: 0x00002000,0,0,278.52101824998954,1
TYPE=RAS COMPONENT=KERNEL LEVEL=FATAL CONTENT=machine state register: 0x00002000,0,0,278.52101824998954,1
TYPE=RAS COMPONENT=KERNEL LEVEL=FATAL CONTENT=icache prefetch threshold................0,0,0,278.52101824998954,1
TYPE=RAS COMPONENT=KERNEL LEVEL=FATAL CONTENT=icache prefetch threshold................0,0,0,278.52101824998954,1
TYPE=RAS COMPONENT=KERNEL LEVEL=FATAL CONTENT=machine state register: 0x00002000,0,0,278.52101824998954,1
TYPE=RAS COMPONENT=KERNEL LEVEL=FATAL CONTENT=wait state enable.................0,0,1,284.09857750000356,0
TYPE=RAS COMPONENT=KERNEL LEVEL=FATAL CONTENT=critical input interrupt enable...0,0,1,284.09857750000356,0
"TYPE=RAS COMPONENT=KERNEL LEVEL=FATAL CONTENT=problem state (0=sup,1=usr).......0",0,0,284.09857750000356,1
"TYPE=RAS COMPONENT=KERNEL LEVEL=FATAL CONTENT=problem state (0=sup,1=usr).......0",0,0,284.09857750000356,1
TYPE=RAS COMPONENT=KERNEL LEVEL=FATAL CONTENT=floating point instr. enabled.....1,0,1,284.09857750000356,0
TYPE=RAS COMPONENT=KERNEL LEVEL=FATAL CONTENT=special purpose registers:,0,0,284.09857750000356,1
TYPE=RAS COMPONENT=KERNEL LEVEL=FATAL CONTENT=lr:00004ed0 cr:28244842 xer:20000002 ctr:00086000,0,0,284.09857750000356,1
TYPE=RAS COMPONENT=KERNEL LEVEL=FATAL CONTENT=rts internal error,0,0,284.09857750000356,1
TYPE=RAS COMPONENT=KERNEL LEVEL=FATAL CONTENT=floating pt ex mode 0 enable......0,0,0,277.1125960000518,1
TYPE=RAS COMPONENT=KERNEL LEVEL=FATAL CONTENT=floating pt ex mode 0 enable......0,0,0,277.1125960000518,1
TYPE=RAS COMPONENT=KERNEL LEVEL=FATAL CONTENT=debug wait enable.................0,0,0,277.1125960000518,1
TYPE=RAS COMPONENT=KERNEL LEVEL=FATAL CONTENT=floating pt ex mode 1 enable......0,0,0,277.1125960000518,1
TYPE=RAS COMPONENT=KERNEL LEVEL=FATAL CONTENT=instruction address space.........0,0,0,277.1125960000518,1
TYPE=RAS COMPONENT=KERNEL LEVEL=FATAL CONTENT=data address space................0,0,0,277.1125960000518,1
TYPE=RAS COMPONENT=KERNEL LEVEL=FATAL CONTENT=data address space................0,0,0,277.1125960000518,1
TYPE=RAS COMPONENT=KERNEL LEVEL=FATAL CONTENT=data address space................0,0,0,277.1125960000518,1
TYPE=RAS COMPONENT=KERNEL LEVEL=FATAL CONTENT=core configuration register: 0x00002000,0,0,278.79268762501397,1
TYPE=RAS COMPONENT=KERNEL LEVEL=FATAL CONTENT=core configuration register: 0x00002000,0,0,278.79268762501397,1
TYPE=RAS COMPONENT=KERNEL LEVEL=FATAL CONTENT=core configuration register: 0x00002000,0,0,278.79268762501397,1
TYPE=RAS COMPONENT=KERNEL LEVEL=FATAL CONTENT=core configuration register: 0x00002000,0,0,278.79268762501397,1
TYPE=RAS COMPONENT=KERNEL LEVEL=FATAL CONTENT=core configuration register: 0x00002000,0,0,278.79268762501397,1
TYPE=RAS COMPONENT=KERNEL LEVEL=FATAL CONTENT=core configuration register: 0x00002000,0,0,278.79268762501397,1
TYPE=RAS COMPONENT=KERNEL LEVEL=FATAL CONTENT=disable store gathering..................0,0,0,278.79268762501397,1
TYPE=RAS COMPONENT=KERNEL LEVEL=FATAL CONTENT=disable store gathering..................0,0,0,278.79268762501397,1
TYPE=RAS COMPONENT=KERNEL LEVEL=FATAL CONTENT=disable store gathering..................0,0,0,277.5068618749401,1
TYPE=RAS COMPONENT=KERNEL LEVEL=INFO CONTENT=generating core.42,0,1,277.5068618749401,0
TYPE=RAS COMPONENT=KERNEL LEVEL=INFO CONTENT=total of 1 ddr error(s) detected and corrected,0,1,277.5068618749401,0
TYPE=RAS COMPONENT=KERNEL LEVEL=INFO CONTENT=generating core.145,0,1,277.5068618749401,0
TYPE=RAS COMPONENT=KERNEL LEVEL=INFO CONTENT=instruction cache parity error corrected,0,0,277.5068618749401,1
TYPE=RAS COMPONENT=KERNEL LEVEL=INFO CONTENT=instruction cache parity error corrected,0,0,277.5068618749401,1
TYPE=RAS COMPONENT=KERNEL LEVEL=INFO CONTENT=instruction cache parity error corrected,0,0,277.5068618749401,1
TYPE=RAS COMPONENT=KERNEL LEVEL=INFO CONTENT=instruction cache parity error corrected,0,0,277.5068618749401,1
TYPE=RAS COMPONENT=KERNEL LEVEL=INFO CONTENT=instruction cache parity error corrected,0,0,270.2153102500233,1
TYPE=RAS COMPONENT=KERNEL LEVEL=INFO CONTENT=instruction cache parity error corrected,0,0,270.2153102500233,1
TYPE=RAS COMPONENT=KERNEL LEVEL=INFO CONTENT=generating core.1978,0,1,270.2153102500233,0
TYPE=RAS COMPONENT=KERNEL LEVEL=INFO CONTENT=generating core.2040,0,0,270.2153102500233,1
TYPE=RAS COMPONENT=KERNEL LEVEL=INFO CONTENT=generating core.15,0,1,270.2153102500233,0
TYPE=RAS COMPONENT=KERNEL LEVEL=INFO CONTENT=instruction cache parity error corrected,0,0,270.2153102500233,1
TYPE=RAS COMPONENT=KERNEL LEVEL=INFO CONTENT=instruction cache parity error corrected,0,0,270.2153102500233,1
TYPE=RAS COMPONENT=KERNEL LEVEL=INFO CONTENT=instruction cache parity error corrected,0,0,270.2153102500233,1
TYPE=RAS COMPONENT=KERNEL LEVEL=INFO CONTENT=instruction cache parity error corrected,0,0,278.1251411249741,1
TYPE=RAS COMPONENT=KERNEL LEVEL=INFO CONTENT=instruction cache parity error corrected,0,0,278.1251411249741,1
TYPE=RAS COMPONENT=KERNEL LEVEL=INFO CONTENT=instruction cache parity error corrected,0,0,278.1251411249741,1
TYPE=RAS COMPONENT=KERNEL LEVEL=INFO CONTENT=instruction cache parity error corrected,0,0,278.1251411249741,1
TYPE=RAS COMPONENT=KERNEL LEVEL=INFO CONTENT=generating core.16218,0,1,278.1251411249741,0
TYPE=RAS COMPONENT=KERNEL LEVEL=INFO CONTENT=instruction cache parity error corrected,0,0,278.1251411249741,1
TYPE=RAS COMPONENT=KERNEL LEVEL=INFO CONTENT=instruction cache parity error corrected,0,0,278.1251411249741,1
TYPE=RAS COMPONENT=KERNEL LEVEL=INFO CONTENT=generating core.8531,0,1,278.1251411249741,0
TYPE=RAS COMPONENT=KERNEL LEVEL=INFO CONTENT=generating core.2961,0,1,278.06789225007833,0
TYPE=RAS COMPONENT=KERNEL LEVEL=INFO CONTENT=generating core.15966,0,1,278.06789225007833,0
TYPE=RAS COMPONENT=KERNEL LEVEL=INFO CONTENT=generating core.42,0,1,278.06789225007833,0
TYPE=RAS COMPONENT=KERNEL LEVEL=INFO CONTENT=generating core.93,0,0,278.06789225007833,1
TYPE=RAS COMPONENT=KERNEL LEVEL=INFO CONTENT=generating core.2605,0,0,278.06789225007833,1
TYPE=RAS COMPONENT=KERNEL LEVEL=INFO CONTENT=generating core.6037,0,1,278.06789225007833,0
TYPE=RAS COMPONENT=KERNEL LEVEL=INFO CONTENT=generating core.886,0,1,278.06789225007833,0
TYPE=RAS COMPONENT=KERNEL LEVEL=INFO CONTENT=generating core.3053,0,0,278.06789225007833,1
TYPE=RAS COMPONENT=KERNEL LEVEL=INFO CONTENT=generating core.2790,0,0,283.88122137505434,1
TYPE=RAS COMPONENT=APP LEVEL=FATAL CONTENT=ciod: failed to read message prefix on control stream (CioStream socket to 172.16.96.116:51706,1,0,283.88122137505434,0
TYPE=RAS COMPONENT=KERNEL LEVEL=INFO CONTENT=instruction cache parity error corrected,0,1,283.88122137505434,0
TYPE=RAS COMPONENT=KERNEL LEVEL=INFO CONTENT=generating core.1488,0,1,283.88122137505434,0
"TYPE=RAS COMPONENT=KERNEL LEVEL=INFO CONTENT=CE sym 2, at 0x0b85f680, mask 0x0e",0,0,283.88122137505434,1
TYPE=RAS COMPONENT=KERNEL LEVEL=INFO CONTENT=generating core.2186,0,1,283.88122137505434,0
TYPE=RAS COMPONENT=KERNEL LEVEL=INFO CONTENT=generating core.978,0,0,283.88122137505434,1
TYPE=RAS COMPONENT=KERNEL LEVEL=INFO CONTENT=generating core.2808,0,0,283.88122137505434,1
TYPE=RAS COMPONENT=KERNEL LEVEL=INFO CONTENT=generating core.2486,0,1,277.97610674997486,0
TYPE=RAS COMPONENT=KERNEL LEVEL=INFO CONTENT=generating core.334,0,1,277.97610674997486,0
TYPE=RAS COMPONENT=KERNEL LEVEL=INFO CONTENT=generating core.5401,0,0,277.97610674997486,1
TYPE=RAS COMPONENT=KERNEL LEVEL=INFO CONTENT=generating core.14418,0,1,277.97610674997486,0
TYPE=RAS COMPONENT=KERNEL LEVEL=INFO CONTENT=generating core.2558,0,0,277.97610674997486,1
TYPE=RAS COMPONENT=KERNEL LEVEL=INFO CONTENT=generating core.9785,0,0,277.97610674997486,1
TYPE=RAS COMPONENT=KERNEL LEVEL=INFO CONTENT=generating core.4614,0,1,277.97610674997486,0
TYPE=RAS COMPONENT=KERNEL LEVEL=INFO CONTENT=generating core.7615,0,1,277.97610674997486,0
TYPE=RAS COMPONENT=KERNEL LEVEL=INFO CONTENT=generating core.15935,0,1,287.0302223749377,0
"TYPE=RAS COMPONENT=APP LEVEL=FATAL CONTENT=ciod: Error loading /home/draeger/testQboxhang-nozerobytebug-nosleepyescomm: invalid or missing program image, No such file or directory",0,0,287.0302223749377,1
TYPE=RAS COMPONENT=APP LEVEL=FATAL CONTENT=ciod: Error creating node map from file /p/gb2/cabot/miranda/newmaps/8k_128x64x1_8x4x4.map: No child processes,1,0,287.0302223749377,0
"TYPE=RAS COMPONENT=KERNEL LEVEL=INFO CONTENT=CE sym 0, at 0x1b858280, mask 0x40",0,0,287.0302223749377,1
TYPE=RAS COMPONENT=KERNEL LEVEL=INFO CONTENT=generating core.8089,0,1,287.0302223749377,0
TYPE=RAS COMPONENT=KERNEL LEVEL=INFO CONTENT=generating core.4660,0,1,287.0302223749377,0
TYPE=RAS COMPONENT=KERNEL LEVEL=INFO CONTENT=generating core.721,0,0,287.0302223749377,1
TYPE=RAS COMPONENT=KERNEL LEVEL=INFO CONTENT=generating core.5287,0,1,287.0302223749377,0
TYPE=RAS COMPONENT=KERNEL LEVEL=INFO CONTENT=generating core.783,0,0,281.1829032499418,1
"TYPE=RAS COMPONENT=KERNEL LEVEL=INFO CONTENT=1 ddr errors(s) detected and corrected on rank 0, symbol 17, bit 1",0,1,281.1829032499418,0
TYPE=RAS COMPONENT=KERNEL LEVEL=INFO CONTENT=instruction cache parity error corrected,0,0,281.1829032499418,1
"TYPE=RAS COMPONENT=APP LEVEL=FATAL CONTENT=ciod: Error loading ./runtime_malloc: invalid or missing program image, No such file or directory",0,0,281.1829032499418,1
TYPE=RAS COMPONENT=KERNEL LEVEL=INFO CONTENT=instruction cache parity error corrected,0,0,281.1829032499418,1
TYPE=RAS COMPONENT=KERNEL LEVEL=INFO CONTENT=199680 double-hummer alignment exceptions,0,0,281.1829032499418,1
TYPE=RAS COMPONENT=KERNEL LEVEL=INFO CONTENT=1969920 double-hummer alignment exceptions,0,0,281.1829032499418,1
TYPE=RAS COMPONENT=KERNEL LEVEL=INFO CONTENT=2576000 double-hummer alignment exceptions,0,0,281.1829032499418,1
TYPE=RAS COMPONENT=KERNEL LEVEL=INFO CONTENT=2576000 double-hummer alignment exceptions,0,0,281.0499843750449,1
TYPE=RAS COMPONENT=KERNEL LEVEL=INFO CONTENT=6182400 double-hummer alignment exceptions,0,0,281.0499843750449,1
TYPE=RAS COMPONENT=KERNEL LEVEL=INFO CONTENT=6182400 double-hummer alignment exceptions,0,0,281.0499843750449,1
TYPE=RAS COMPONENT=KERNEL LEVEL=INFO CONTENT=6182400 double-hummer alignment exceptions,0,0,281.0499843750449,1
TYPE=RAS COMPONENT=KERNEL LEVEL=INFO CONTENT=3091200 double-hummer alignment exceptions,0,1,281.0499843750449,0
TYPE=RAS COMPONENT=KERNEL LEVEL=INFO CONTENT=3091200 double-hummer alignment exceptions,0,1,281.0499843750449,0
TYPE=RAS COMPONENT=KERNEL LEVEL=INFO CONTENT=3091200 double-hummer alignment exceptions,0,1,281.0499843750449,0
"TYPE=RAS COMPONENT=KERNEL LEVEL=INFO CONTENT=CE sym 12, at 0x1b786f60, mask 0x04",0,0,281.0499843750449,1
"TYPE=RAS COMPONENT=KERNEL LEVEL=INFO CONTENT=CE sym 0, at 0x1b8584e0, mask 0x80",0,0,281.84905662499204,1
"TYPE=RAS COMPONENT=KERNEL LEVEL=INFO CONTENT=CE sym 23, at 0x03f89c00, mask 0x10",0,0,281.84905662499204,1
TYPE=RAS COMPONENT=KERNEL LEVEL=INFO CONTENT=23431872 double-hummer alignment exceptions,0,1,281.84905662499204,0
TYPE=RAS COMPONENT=KERNEL LEVEL=INFO CONTENT=259966605 double-hummer alignment exceptions,0,0,281.84905662499204,1
TYPE=RAS COMPONENT=KERNEL LEVEL=INFO CONTENT=255244071 double-hummer alignment exceptions,0,0,281.84905662499204,1
TYPE=RAS COMPONENT=KERNEL LEVEL=INFO CONTENT=259822751 double-hummer alignment exceptions,0,1,281.84905662499204,0
TYPE=RAS COMPONENT=KERNEL LEVEL=INFO CONTENT=generating core.24721,0,1,281.84905662499204,0
TYPE=RAS COMPONENT=KERNEL LEVEL=INFO CONTENT=generating core.4184,0,1,281.84905662499204,0
TYPE=RAS COMPONENT=KERNEL LEVEL=INFO CONTENT=generating core.58109,0,0,277.2216708749511,1
TYPE=RAS COMPONENT=KERNEL LEVEL=INFO CONTENT=generating core.9881,0,0,277.2216708749511,1
TYPE=RAS COMPONENT=KERNEL LEVEL=INFO CONTENT=generating core.19579,0,1,277.2216708749511,0
TYPE=RAS COMPONENT=KERNEL LEVEL=INFO CONTENT=generating core.4501,0,1,277.2216708749511,0
TYPE=RAS COMPONENT=KERNEL LEVEL=INFO CONTENT=generating core.50230,0,0,277.2216708749511,1
TYPE=RAS COMPONENT=KERNEL LEVEL=INFO CONTENT=generating core.62516,0,1,277.2216708749511,0
TYPE=RAS COMPONENT=KERNEL LEVEL=INFO CONTENT=generating core.27921,0,1,277.2216708749511,0
TYPE=RAS COMPONENT=KERNEL LEVEL=INFO CONTENT=generating core.16830,0,1,277.2216708749511,0
TYPE=RAS COMPONENT=KERNEL LEVEL=INFO CONTENT=generating core.9369,0,1,277.268753750036,0
TYPE=RAS COMPONENT=KERNEL LEVEL=INFO CONTENT=generating core.10140,0,1,277.268753750036,0
TYPE=RAS COMPONENT=KERNEL LEVEL=INFO CONTENT=generating core.37749,0,1,277.268753750036,0
TYPE=RAS COMPONENT=KERNEL LEVEL=INFO CONTENT=generating core.9654,0,1,277.268753750036,0
TYPE=RAS COMPONENT=KERNEL LEVEL=INFO CONTENT=generating core.56155,0,0,277.268753750036,1
TYPE=RAS COMPONENT=KERNEL LEVEL=INFO CONTENT=generating core.40250,0,0,277.268753750036,1
TYPE=RAS COMPONENT=KERNEL LEVEL=INFO CONTENT=generating core.45353,0,1,277.268753750036,0
TYPE=RAS COMPONENT=KERNEL LEVEL=INFO CONTENT=generating core.9578,0,0,277.268753750036,1
TYPE=RAS COMPONENT=KERNEL LEVEL=INFO CONTENT=generating core.14856,0,1,278.00658637499964,0
TYPE=RAS COMPONENT=KERNEL LEVEL=INFO CONTENT=generating core.62468,0,1,278.00658637499964,0
TYPE=RAS COMPONENT=KERNEL LEVEL=INFO CONTENT=generating core.38415,0,0,278.00658637499964,1
TYPE=RAS COMPONENT=KERNEL LEVEL=INFO CONTENT=generating core.39138,0,1,278.00658637499964,0
TYPE=RAS COMPONENT=KERNEL LEVEL=INFO CONTENT=generating core.10394,0,1,278.00658637499964,0
TYPE=RAS COMPONENT=KERNEL LEVEL=INFO CONTENT=generating core.41347,0,1,278.00658637499964,0
TYPE=RAS COMPONENT=KERNEL LEVEL=INFO CONTENT=generating core.7619,0,1,278.00658637499964,0
TYPE=RAS COMPONENT=KERNEL LEVEL=INFO CONTENT=generating core.54486,0,0,278.00658637499964,1
TYPE=RAS COMPONENT=KERNEL LEVEL=INFO CONTENT=generating core.22421,0,1,275.3987826249613,0
TYPE=RAS COMPONENT=KERNEL LEVEL=INFO CONTENT=generating core.18261,0,1,275.3987826249613,0
TYPE=RAS COMPONENT=KERNEL LEVEL=INFO CONTENT=generating core.58616,0,0,275.3987826249613,1
TYPE=RAS COMPONENT=KERNEL LEVEL=INFO CONTENT=generating core.47736,0,0,275.3987826249613,1
TYPE=RAS COMPONENT=KERNEL LEVEL=INFO CONTENT=generating core.25048,0,0,275.3987826249613,1
TYPE=RAS COMPONENT=KERNEL LEVEL=INFO CONTENT=generating core.58777,0,0,275.3987826249613,1
TYPE=RAS COMPONENT=KERNEL LEVEL=INFO CONTENT=generating core.49137,0,1,275.3987826249613,0
TYPE=RAS COMPONENT=KERNEL LEVEL=INFO CONTENT=generating core.42553,0,0,275.3987826249613,1
TYPE=RAS COMPONENT=KERNEL LEVEL=INFO CONTENT=generating core.2109,0,1,285.5089313750341,0
TYPE=RAS COMPONENT=KERNEL LEVEL=INFO CONTENT=generating core.718,0,1,285.5089313750341,0
TYPE=RAS COMPONENT=KERNEL LEVEL=INFO CONTENT=generating core.10752,0,1,285.5089313750341,0
TYPE=RAS COMPONENT=KERNEL LEVEL=INFO CONTENT=generating core.323,0,1,285.5089313750341,0
"TYPE=RAS COMPONENT=APP LEVEL=FATAL CONTENT=ciod: Error loading /home/glosli/src/ddcMD/ddcMD/1.1.13/ddcMDbglV: invalid or missing program image, No such file or directory",0,0,285.5089313750341,1
"TYPE=RAS COMPONENT=KERNEL LEVEL=INFO CONTENT=CE sym 5, at 0x11042a80, mask 0x04",0,1,285.5089313750341,0
TYPE=RAS COMPONENT=KERNEL LEVEL=INFO CONTENT=instruction cache parity error corrected,0,0,285.5089313750341,1
TYPE=RAS COMPONENT=KERNEL LEVEL=INFO CONTENT=generating core.21112,0,1,285.5089313750341,0
TYPE=RAS COMPONENT=KERNEL LEVEL=INFO CONTENT=program interrupt,0,0,277.1229227499816,1
TYPE=RAS COMPONENT=KERNEL LEVEL=INFO CONTENT=generating core.28370,0,0,277.1229227499816,1
TYPE=RAS COMPONENT=KERNEL LEVEL=INFO CONTENT=program interrupt: illegal instruction......1,0,1,277.1229227499816,0
TYPE=RAS COMPONENT=KERNEL LEVEL=INFO CONTENT=program interrupt: illegal instruction......1,0,1,277.1229227499816,0
TYPE=RAS COMPONENT=KERNEL LEVEL=INFO CONTENT=program interrupt: privileged instruction...0,0,0,277.1229227499816,1
TYPE=RAS COMPONENT=KERNEL LEVEL=INFO CONTENT=data store interrupt caused by dcbf.........0,0,0,277.1229227499816,1
TYPE=RAS COMPONENT=KERNEL LEVEL=INFO CONTENT=data store interrupt caused by icbi.........0,0,0,277.1229227499816,1
TYPE=RAS COMPONENT=KERNEL LEVEL=INFO CONTENT=data store interrupt caused by icbi.........0,0,0,277.1229227499816,1
TYPE=RAS COMPONENT=KERNEL LEVEL=INFO CONTENT=auxiliary processor.........................0,0,1,278.4312873749286,0
TYPE=RAS COMPONENT=KERNEL LEVEL=INFO CONTENT=auxiliary processor.........................0,0,1,278.4312873749286,0
TYPE=RAS COMPONENT=KERNEL LEVEL=INFO CONTENT=auxiliary processor.........................0,0,1,278.4312873749286,0
TYPE=RAS COMPONENT=KERNEL LEVEL=INFO CONTENT=program interrupt: unimplemented operation..0,0,0,278.4312873749286,1
TYPE=RAS COMPONENT=KERNEL LEVEL=INFO CONTENT=program interrupt: imprecise exception......0,0,0,278.4312873749286,1
TYPE=RAS COMPONENT=KERNEL LEVEL=INFO CONTENT=program interrupt: imprecise exception......0,0,0,278.4312873749286,1
TYPE=RAS COMPONENT=KERNEL LEVEL=INFO CONTENT=generating core.14700,0,1,278.4312873749286,0
TYPE=RAS COMPONENT=KERNEL LEVEL=INFO CONTENT=program interrupt,0,0,278.4312873749286,1
TYPE=RAS COMPONENT=KERNEL LEVEL=INFO CONTENT=program interrupt,0,0,277.7381324999624,1
TYPE=RAS COMPONENT=KERNEL LEVEL=INFO CONTENT=instruction address: 0x0062fe04,0,0,277.7381324999624,1
TYPE=RAS COMPONENT=KERNEL LEVEL=INFO CONTENT=exception syndrome register: 0x08000000,0,0,277.7381324999624,1
TYPE=RAS COMPONENT=KERNEL LEVEL=INFO CONTENT=program interrupt: illegal instruction......1,0,1,277.7381324999624,0
TYPE=RAS COMPONENT=KERNEL LEVEL=INFO CONTENT=program interrupt: privileged instruction...0,0,0,277.7381324999624,1
TYPE=RAS COMPONENT=KERNEL LEVEL=INFO CONTENT=data store interrupt caused by dcbf.........0,0,0,277.7381324999624,1
TYPE=RAS COMPONENT=KERNEL LEVEL=INFO CONTENT=data store interrupt caused by dcbf.........0,0,0,277.7381324999624,1
TYPE=RAS COMPONENT=KERNEL LEVEL=INFO CONTENT=auxiliary processor.........................0,0,0,277.7381324999624,1
"TYPE=RAS COMPONENT=KERNEL LEVEL=INFO CONTENT=CE sym 0, at 0x1b8594e0, mask 0x40",0,0,281.98848187503245,1
TYPE=NULL COMPONENT=DISCOVERY LEVEL=WARNING CONTENT=Node card is not fully functional,0,0,281.98848187503245,1
"TYPE=RAS COMPONENT=KERNEL LEVEL=INFO CONTENT=CE sym 10, at 0x08e70580, mask 0x08",0,0,281.98848187503245,1
TYPE=RAS COMPONENT=KERNEL LEVEL=INFO CONTENT=generating core.1786,0,1,281.98848187503245,0
TYPE=RAS COMPONENT=KERNEL LEVEL=INFO CONTENT=generating core.26918,0,1,281.98848187503245,0
TYPE=RAS COMPONENT=KERNEL LEVEL=INFO CONTENT=generating core.10125,0,1,281.98848187503245,0
TYPE=RAS COMPONENT=KERNEL LEVEL=INFO CONTENT=generating core.4230,0,0,281.98848187503245,1
TYPE=RAS COMPONENT=KERNEL LEVEL=INFO CONTENT=generating core.179,0,1,281.98848187503245,0
TYPE=RAS COMPONENT=KERNEL LEVEL=INFO CONTENT=generating core.1177,0,1,277.3323047499616,0
TYPE=RAS COMPONENT=KERNEL LEVEL=INFO CONTENT=generating core.32693,0,0,277.3323047499616,1
TYPE=RAS COMPONENT=KERNEL LEVEL=INFO CONTENT=generating core.7151,0,0,277.3323047499616,1
TYPE=RAS COMPONENT=KERNEL LEVEL=INFO CONTENT=generating core.7023,0,0,277.3323047499616,1
TYPE=RAS COMPONENT=KERNEL LEVEL=INFO CONTENT=344040 double-hummer alignment exceptions,0,0,277.3323047499616,1
TYPE=RAS COMPONENT=KERNEL LEVEL=INFO CONTENT=344040 double-hummer alignment exceptions,0,0,277.3323047499616,1
TYPE=RAS COMPONENT=KERNEL LEVEL=INFO CONTENT=344040 double-hummer alignment exceptions,0,0,277.3323047499616,1
TYPE=RAS COMPONENT=KERNEL LEVEL=INFO CONTENT=generating core.29308,0,0,277.3323047499616,1
TYPE=RAS COMPONENT=KERNEL LEVEL=INFO CONTENT=generating core.2586,0,0,277.072013625002,1
TYPE=RAS COMPONENT=KERNEL LEVEL=INFO CONTENT=generating core.6040,0,1,277.072013625002,0
TYPE=RAS COMPONENT=KERNEL LEVEL=INFO CONTENT=generating core.16904,0,1,277.072013625002,0
TYPE=RAS COMPONENT=KERNEL LEVEL=INFO CONTENT=generating core.26186,0,1,277.072013625002,0
TYPE=RAS COMPONENT=KERNEL LEVEL=INFO CONTENT=generating core.26156,0,1,277.072013625002,0
TYPE=RAS COMPONENT=KERNEL LEVEL=INFO CONTENT=generating core.2112,0,1,277.072013625002,0
TYPE=RAS COMPONENT=KERNEL LEVEL=INFO CONTENT=generating core.23659,0,0,277.072013625002,1
TYPE=RAS COMPONENT=KERNEL LEVEL=INFO CONTENT=generating core.1605,0,1,277.072013625002,0
TYPE=RAS COMPONENT=KERNEL LEVEL=INFO CONTENT=generating core.16483,0,1,277.12956962500357,0
TYPE=RAS COMPONENT=KERNEL LEVEL=INFO CONTENT=generating core.257,0,0,277.12956962500357,1
TYPE=RAS COMPONENT=KERNEL LEVEL=INFO CONTENT=generating core.18751,0,1,277.12956962500357,0
TYPE=RAS COMPONENT=KERNEL LEVEL=INFO CONTENT=generating core.22783,0,1,277.12956962500357,0
TYPE=RAS COMPONENT=KERNEL LEVEL=INFO CONTENT=generating core.8021,0,1,277.12956962500357,0
TYPE=RAS COMPONENT=KERNEL LEVEL=INFO CONTENT=generating core.10734,0,1,277.12956962500357,0
TYPE=RAS COMPONENT=KERNEL LEVEL=INFO CONTENT=generating core.3613,0,0,277.12956962500357,1
TYPE=RAS COMPONENT=KERNEL LEVEL=INFO CONTENT=generating core.1916,0,1,277.12956962500357,0
TYPE=RAS COMPONENT=KERNEL LEVEL=INFO CONTENT=generating core.4246,0,1,280.5589583749679,0
TYPE=RAS COMPONENT=KERNEL LEVEL=INFO CONTENT=generating core.7777,0,0,280.5589583749679,1
TYPE=RAS COMPONENT=KERNEL LEVEL=INFO CONTENT=generating core.5935,0,0,280.5589583749679,1
TYPE=RAS COMPONENT=KERNEL LEVEL=INFO CONTENT=generating core.8691,0,1,280.5589583749679,0
TYPE=RAS COMPONENT=KERNEL LEVEL=INFO CONTENT=generating core.5512,0,1,280.5589583749679,0
TYPE=RAS COMPONENT=KERNEL LEVEL=INFO CONTENT=generating core.1123,0,1,280.5589583749679,0
TYPE=RAS COMPONENT=KERNEL LEVEL=INFO CONTENT=generating core.1641,0,1,280.5589583749679,0
"TYPE=RAS COMPONENT=KERNEL LEVEL=INFO CONTENT=CE sym 0, at 0x1b858ca0, mask 0x40",0,0,280.5589583749679,1
TYPE=RAS COMPONENT=APP LEVEL=FATAL CONTENT=ciod: Error creating node map from file /p/gb2/welcome3/32k_128x256x1_8x4x4.map: Bad file descriptor,0,0,284.32380687490877,1
"TYPE=RAS COMPONENT=KERNEL LEVEL=INFO CONTENT=CE sym 0, at 0x1b858280, mask 0x40",0,0,284.32380687490877,1
"TYPE=RAS COMPONENT=KERNEL LEVEL=INFO CONTENT=CE sym 22, at 0x049af800, mask 0x02",0,0,284.32380687490877,1
TYPE=RAS COMPONENT=KERNEL LEVEL=INFO CONTENT=generating core.1165,0,1,284.32380687490877,0
TYPE=RAS COMPONENT=KERNEL LEVEL=INFO CONTENT=generating core.23615,0,1,284.32380687490877,0
TYPE=RAS COMPONENT=KERNEL LEVEL=INFO CONTENT=generating core.865,0,1,284.32380687490877,0
TYPE=RAS COMPONENT=KERNEL LEVEL=INFO CONTENT=generating core.1626,0,1,284.32380687490877,0
TYPE=RAS COMPONENT=KERNEL LEVEL=INFO CONTENT=generating core.16594,0,1,284.32380687490877,0
TYPE=RAS COMPONENT=KERNEL LEVEL=INFO CONTENT=generating core.30586,0,1,278.0687744999568,0
TYPE=RAS COMPONENT=KERNEL LEVEL=INFO CONTENT=generating core.18540,0,1,278.0687744999568,0
TYPE=RAS COMPONENT=KERNEL LEVEL=INFO CONTENT=generating core.9825,0,1,278.0687744999568,0
TYPE=RAS COMPONENT=KERNEL LEVEL=INFO CONTENT=generating core.6698,0,1,278.0687744999568,0
TYPE=RAS COMPONENT=KERNEL LEVEL=INFO CONTENT=generating core.4525,0,0,278.0687744999568,1
TYPE=RAS COMPONENT=KERNEL LEVEL=INFO CONTENT=generating core.28084,0,0,278.0687744999568,1
TYPE=RAS COMPONENT=KERNEL LEVEL=INFO CONTENT=generating core.6028,0,1,278.0687744999568,0
TYPE=RAS COMPONENT=KERNEL LEVEL=INFO CONTENT=generating core.536,0,0,278.0687744999568,1
TYPE=RAS COMPONENT=KERNEL LEVEL=INFO CONTENT=generating core.15655,0,1,278.09385862508407,0
TYPE=RAS COMPONENT=KERNEL LEVEL=INFO CONTENT=generating core.8628,0,1,278.09385862508407,0
TYPE=RAS COMPONENT=KERNEL LEVEL=INFO CONTENT=generating core.12122,0,1,278.09385862508407,0
TYPE=RAS COMPONENT=KERNEL LEVEL=INFO CONTENT=generating core.2210,0,1,278.09385862508407,0
TYPE=RAS COMPONENT=KERNEL LEVEL=INFO CONTENT=generating core.10312,0,1,278.09385862508407,0
TYPE=RAS COMPONENT=KERNEL LEVEL=INFO CONTENT=generating core.228,0,0,278.09385862508407,1
TYPE=RAS COMPONENT=KERNEL LEVEL=INFO CONTENT=generating core.332,0,1,278.09385862508407,0
TYPE=RAS COMPONENT=KERNEL LEVEL=INFO CONTENT=generating core.15740,0,1,278.09385862508407,0
TYPE=RAS COMPONENT=KERNEL LEVEL=INFO CONTENT=generating core.3389,0,0,296.6254415000549,1
TYPE=NULL COMPONENT=DISCOVERY LEVEL=INFO CONTENT=Ido chip status changed: FF:F2:9F:16:E2:23:00:0D:60:E9:1D:DC ip=10.0.0.151 v=9 t=4 status=M Fri Jul 01 08:16:53 PDT 2005,0,0,296.6254415000549,1
TYPE=NULL COMPONENT=DISCOVERY LEVEL=SEVERE CONTENT=Can not get assembly information for node card,0,0,296.6254415000549,1
TYPE=RAS COMPONENT=KERNEL LEVEL=INFO CONTENT=1146800 double-hummer alignment exceptions,0,0,296.6254415000549,1
TYPE=RAS COMPONENT=KERNEL LEVEL=INFO CONTENT=1146800 double-hummer alignment exceptions,0,0,296.6254415000549,1
TYPE=RAS COMPONENT=KERNEL LEVEL=INFO CONTENT=1146800 double-hummer alignment exceptions,0,0,296.6254415000549,1
TYPE=RAS COMPONENT=KERNEL LEVEL=INFO CONTENT=1146800 double-hummer alignment exceptions,0,0,296.6254415000549,1
TYPE=RAS COMPONENT=KERNEL LEVEL=INFO CONTENT=1146800 double-hummer alignment exceptions,0,0,296.6254415000549,1
TYPE=RAS COMPONENT=KERNEL LEVEL=INFO CONTENT=1146800 double-hummer alignment exceptions,0,1,276.3666118750052,0
TYPE=RAS COMPONENT=KERNEL LEVEL=INFO CONTENT=1146800 double-hummer alignment exceptions,0,1,276.3666118750052,0
TYPE=RAS COMPONENT=KERNEL LEVEL=INFO CONTENT=1146800 double-hummer alignment exceptions,0,1,276.3666118750052,0
TYPE=RAS COMPONENT=KERNEL LEVEL=INFO CONTENT=1146800 double-hummer alignment exceptions,0,1,276.3666118750052,0
TYPE=RAS COMPONENT=KERNEL LEVEL=INFO CONTENT=1146800 double-hummer alignment exceptions,0,1,276.3666118750052,0
TYPE=RAS COMPONENT=KERNEL LEVEL=INFO CONTENT=1146800 double-hummer alignment exceptions,0,1,276.3666118750052,0
TYPE=RAS COMPONENT=KERNEL LEVEL=INFO CONTENT=1146800 double-hummer alignment exceptions,0,1,276.3666118750052,0
TYPE=RAS COMPONENT=KERNEL LEVEL=INFO CONTENT=1146800 double-hummer alignment exceptions,0,1,276.3666118750052,0
TYPE=RAS COMPONENT=KERNEL LEVEL=INFO CONTENT=1146800 double-hummer alignment exceptions,0,1,277.33304662490355,0
TYPE=RAS COMPONENT=KERNEL LEVEL=INFO CONTENT=1146800 double-hummer alignment exceptions,0,1,277.33304662490355,0
TYPE=RAS COMPONENT=KERNEL LEVEL=INFO CONTENT=1146800 double-hummer alignment exceptions,0,1,277.33304662490355,0
TYPE=RAS COMPONENT=KERNEL LEVEL=INFO CONTENT=1146800 double-hummer alignment exceptions,0,1,277.33304662490355,0
TYPE=RAS COMPONENT=KERNEL LEVEL=INFO CONTENT=1146800 double-hummer alignment exceptions,0,1,277.33304662490355,0
TYPE=RAS COMPONENT=KERNEL LEVEL=INFO CONTENT=1146800 double-hummer alignment exceptions,0,1,277.33304662490355,0
TYPE=RAS COMPONENT=KERNEL LEVEL=INFO CONTENT=1146800 double-hummer alignment exceptions,0,1,277.33304662490355,0
TYPE=RAS COMPONENT=KERNEL LEVEL=INFO CONTENT=458720 double-hummer alignment exceptions,0,0,277.33304662490355,1
TYPE=RAS COMPONENT=KERNEL LEVEL=INFO CONTENT=458720 double-hummer alignment exceptions,0,0,278.3140420000336,1
TYPE=RAS COMPONENT=KERNEL LEVEL=INFO CONTENT=458720 double-hummer alignment exceptions,0,0,278.3140420000336,1
TYPE=RAS COMPONENT=KERNEL LEVEL=INFO CONTENT=458720 double-hummer alignment exceptions,0,0,278.3140420000336,1
TYPE=RAS COMPONENT=KERNEL LEVEL=INFO CONTENT=458720 double-hummer alignment exceptions,0,0,278.3140420000336,1
TYPE=RAS COMPONENT=KERNEL LEVEL=INFO CONTENT=458720 double-hummer alignment exceptions,0,0,278.3140420000336,1
TYPE=RAS COMPONENT=KERNEL LEVEL=INFO CONTENT=458720 double-hummer alignment exceptions,0,0,278.3140420000336,1
TYPE=RAS COMPONENT=KERNEL LEVEL=INFO CONTENT=458720 double-hummer alignment exceptions,0,0,278.3140420000336,1
TYPE=RAS COMPONENT=KERNEL LEVEL=INFO CONTENT=1146800 double-hummer alignment exceptions,0,1,278.3140420000336,0
TYPE=RAS COMPONENT=KERNEL LEVEL=INFO CONTENT=1146800 double-hummer alignment exceptions,0,1,277.19852174993775,0
TYPE=RAS COMPONENT=KERNEL LEVEL=INFO CONTENT=1146800 double-hummer alignment exceptions,0,1,277.19852174993775,0
TYPE=RAS COMPONENT=KERNEL LEVEL=INFO CONTENT=1146800 double-hummer alignment exceptions,0,1,277.19852174993775,0
TYPE=RAS COMPONENT=KERNEL LEVEL=INFO CONTENT=1146800 double-hummer alignment exceptions,0,1,277.19852174993775,0
TYPE=RAS COMPONENT=KERNEL LEVEL=INFO CONTENT=1146800 double-hummer alignment exceptions,0,1,277.19852174993775,0
TYPE=RAS COMPONENT=KERNEL LEVEL=INFO CONTENT=1146800 double-hummer alignment exceptions,0,1,277.19852174993775,0
TYPE=RAS COMPONENT=KERNEL LEVEL=INFO CONTENT=generating core.1114,0,1,277.19852174993775,0
TYPE=RAS COMPONENT=KERNEL LEVEL=INFO CONTENT=generating core.848,0,1,277.19852174993775,0
TYPE=RAS COMPONENT=KERNEL LEVEL=INFO CONTENT=generating core.2117,0,1,277.08326987510645,0
TYPE=RAS COMPONENT=KERNEL LEVEL=INFO CONTENT=generating core.3293,0,0,277.08326987510645,1
TYPE=RAS COMPONENT=KERNEL LEVEL=INFO CONTENT=generating core.1351,0,1,277.08326987510645,0
TYPE=RAS COMPONENT=KERNEL LEVEL=INFO CONTENT=generating core.17222,0,1,277.08326987510645,0
TYPE=RAS COMPONENT=KERNEL LEVEL=INFO CONTENT=generating core.20392,0,0,277.08326987510645,1
TYPE=RAS COMPONENT=KERNEL LEVEL=INFO CONTENT=generating core.31006,0,0,277.08326987510645,1
TYPE=RAS COMPONENT=KERNEL LEVEL=INFO CONTENT=generating core.20088,0,0,277.08326987510645,1
TYPE=RAS COMPONENT=KERNEL LEVEL=INFO CONTENT=generating core.26993,0,0,277.08326987510645,1
TYPE=RAS COMPONENT=KERNEL LEVEL=INFO CONTENT=generating core.20954,0,0,277.9400370000076,1
TYPE=RAS COMPONENT=KERNEL LEVEL=INFO CONTENT=generating core.6139,0,1,277.9400370000076,0
TYPE=RAS COMPONENT=KERNEL LEVEL=INFO CONTENT=generating core.10185,0,1,277.9400370000076,0
TYPE=RAS COMPONENT=KERNEL LEVEL=INFO CONTENT=generating core.13776,0,1,277.9400370000076,0
TYPE=RAS COMPONENT=KERNEL LEVEL=INFO CONTENT=generating core.19596,0,1,277.9400370000076,0
TYPE=RAS COMPONENT=KERNEL LEVEL=INFO CONTENT=generating core.15557,0,1,277.9400370000076,0
TYPE=RAS COMPONENT=KERNEL LEVEL=INFO CONTENT=generating core.4193,0,1,277.9400370000076,0
TYPE=RAS COMPONENT=KERNEL LEVEL=INFO CONTENT=generating core.7539,0,0,277.9400370000076,1
TYPE=RAS COMPONENT=KERNEL LEVEL=INFO CONTENT=generating core.22024,0,0,277.20740500001284,1
TYPE=RAS COMPONENT=KERNEL LEVEL=INFO CONTENT=generating core.22905,0,0,277.20740500001284,1
TYPE=RAS COMPONENT=KERNEL LEVEL=INFO CONTENT=generating core.24671,0,1,277.20740500001284,0
TYPE=RAS COMPONENT=KERNEL LEVEL=INFO CONTENT=generating core.17853,0,1,277.20740500001284,0
TYPE=RAS COMPONENT=KERNEL LEVEL=INFO CONTENT=generating core.25568,0,0,277.20740500001284,1
TYPE=RAS COMPONENT=KERNEL LEVEL=INFO CONTENT=generating core.23080,0,0,277.20740500001284,1
TYPE=RAS COMPONENT=KERNEL LEVEL=INFO CONTENT=generating core.9739,0,0,277.20740500001284,1
TYPE=RAS COMPONENT=KERNEL LEVEL=INFO CONTENT=generating core.7187,0,1,277.20740500001284,0
TYPE=RAS COMPONENT=KERNEL LEVEL=INFO CONTENT=generating core.23438,0,1,277.3728668749982,0
TYPE=RAS COMPONENT=KERNEL LEVEL=INFO CONTENT=generating core.7881,0,0,277.3728668749982,1
TYPE=RAS COMPONENT=KERNEL LEVEL=INFO CONTENT=generating core.9778,0,0,277.3728668749982,1
TYPE=RAS COMPONENT=KERNEL LEVEL=INFO CONTENT=generating core.7915,0,0,277.3728668749982,1
TYPE=RAS COMPONENT=KERNEL LEVEL=INFO CONTENT=generating core.3006,0,0,277.3728668749982,1
TYPE=RAS COMPONENT=KERNEL LEVEL=INFO CONTENT=generating core.14627,0,1,277.3728668749982,0
TYPE=RAS COMPONENT=KERNEL LEVEL=INFO CONTENT=generating core.2348,0,0,277.3728668749982,1
TYPE=RAS COMPONENT=KERNEL LEVEL=INFO CONTENT=generating core.226,0,0,277.3728668749982,1
TYPE=RAS COMPONENT=KERNEL LEVEL=INFO CONTENT=generating core.1219,0,1,281.1740287500015,0
TYPE=RAS COMPONENT=KERNEL LEVEL=INFO CONTENT=generating core.8877,0,1,281.1740287500015,0
TYPE=RAS COMPONENT=KERNEL LEVEL=INFO CONTENT=generating core.13558,0,1,281.1740287500015,0
TYPE=RAS COMPONENT=KERNEL LEVEL=INFO CONTENT=generating core.404,0,0,281.1740287500015,1
TYPE=RAS COMPONENT=KERNEL LEVEL=INFO CONTENT=ciod: Missing or invalid fields on line 1 of node map file /home/auselton/bgl/64mps.sequential.mapfile,0,0,281.1740287500015,1
TYPE=RAS COMPONENT=KERNEL LEVEL=INFO CONTENT=1 torus receiver z+ input pipe error(s) (dcr 0x02f0) detected and corrected,0,1,281.1740287500015,0
TYPE=RAS COMPONENT=KERNEL LEVEL=INFO CONTENT=generating core.631,0,1,281.1740287500015,0
TYPE=RAS COMPONENT=KERNEL LEVEL=INFO CONTENT=generating core.998,0,0,281.1740287500015,1
TYPE=RAS COMPONENT=KERNEL LEVEL=INFO CONTENT=generating core.1129,0,1,269.5107983749949,0
TYPE=RAS COMPONENT=KERNEL LEVEL=INFO CONTENT=generating core.424,0,1,269.5107983749949,0
TYPE=RAS COMPONENT=KERNEL LEVEL=INFO CONTENT=generating core.1213,0,1,269.5107983749949,0
TYPE=RAS COMPONENT=KERNEL LEVEL=INFO CONTENT=generating core.1433,0,1,269.5107983749949,0
TYPE=RAS COMPONENT=KERNEL LEVEL=INFO CONTENT=generating core.2950,0,0,269.5107983749949,1
TYPE=RAS COMPONENT=KERNEL LEVEL=INFO CONTENT=generating core.319,0,0,269.5107983749949,1
TYPE=RAS COMPONENT=KERNEL LEVEL=INFO CONTENT=generating core.303,0,0,269.5107983749949,1
TYPE=RAS COMPONENT=KERNEL LEVEL=INFO CONTENT=generating core.1998,0,1,269.5107983749949,0
TYPE=RAS COMPONENT=KERNEL LEVEL=INFO CONTENT=632431728 double-hummer alignment exceptions,0,1,277.50507225005094,0
TYPE=RAS COMPONENT=KERNEL LEVEL=INFO CONTENT=634368144 double-hummer alignment exceptions,0,1,277.50507225005094,0
TYPE=RAS COMPONENT=KERNEL LEVEL=INFO CONTENT=632254896 double-hummer alignment exceptions,0,0,277.50507225005094,1
TYPE=RAS COMPONENT=KERNEL LEVEL=INFO CONTENT=633283776 double-hummer alignment exceptions,0,0,277.50507225005094,1
TYPE=RAS COMPONENT=KERNEL LEVEL=INFO CONTENT=generating core.841,0,1,277.50507225005094,0
TYPE=RAS COMPONENT=KERNEL LEVEL=INFO CONTENT=generating core.815,0,1,277.50507225005094,0
TYPE=RAS COMPONENT=KERNEL LEVEL=INFO CONTENT=generating core.57762,0,1,277.50507225005094,0
TYPE=RAS COMPONENT=KERNEL LEVEL=INFO CONTENT=generating core.3436,0,0,277.50507225005094,1
TYPE=RAS COMPONENT=KERNEL LEVEL=INFO CONTENT=generating core.4592,0,0,291.93478212505397,1
TYPE=RAS COMPONENT=KERNEL LEVEL=INFO CONTENT=generating core.149,0,0,291.93478212505397,1
TYPE=RAS COMPONENT=KERNEL LEVEL=INFO CONTENT=generating core.62507,0,0,291.93478212505397,1
TYPE=RAS COMPONENT=KERNEL LEVEL=INFO CONTENT=generating core.1807,0,0,291.93478212505397,1
TYPE=NULL COMPONENT=DISCOVERY LEVEL=WARNING CONTENT=Node card is not fully functional,0,0,291.93478212505397,1
TYPE=RAS COMPONENT=KERNEL LEVEL=INFO CONTENT=ciod: duplicate canonical-rank 31 to logical-rank 0 mapping at line 3 of node map file /p/gb2/pakin1/sweep3d-5x5x400-10mk-3mmi-1024pes-sweep/sweep.map,0,1,291.93478212505397,0
TYPE=RAS COMPONENT=APP LEVEL=FATAL CONTENT=ciod: Error creating node map from file /p/gb2/pakin1/sweep3d-5x5x400-10mk-3mmi-1024pes-xyzt/xyzt.map: Block device required,0,0,291.93478212505397,1
TYPE=RAS COMPONENT=KERNEL LEVEL=INFO CONTENT=generating core.9652,0,0,291.93478212505397,1
TYPE=RAS COMPONENT=KERNEL LEVEL=INFO CONTENT=generating core.11154,0,1,277.4326082500238,0
TYPE=RAS COMPONENT=KERNEL LEVEL=INFO CONTENT=generating core.7571,0,0,277.4326082500238,1
TYPE=RAS COMPONENT=KERNEL LEVEL=INFO CONTENT=generating core.12364,0,1,277.4326082500238,0
TYPE=RAS COMPONENT=KERNEL LEVEL=INFO CONTENT=generating core.13817,0,1,277.4326082500238,0
TYPE=RAS COMPONENT=KERNEL LEVEL=INFO CONTENT=generating core.14349,0,1,277.4326082500238,0
TYPE=RAS COMPONENT=KERNEL LEVEL=INFO CONTENT=generating core.8897,0,1,277.4326082500238,0
TYPE=RAS COMPONENT=KERNEL LEVEL=INFO CONTENT=generating core.7946,0,1,277.4326082500238,0
TYPE=RAS COMPONENT=KERNEL LEVEL=INFO CONTENT=generating core.10299,0,1,277.4326082500238,0
TYPE=RAS COMPONENT=KERNEL LEVEL=INFO CONTENT=generating core.9949,0,0,277.2492752500284,1
TYPE=RAS COMPONENT=KERNEL LEVEL=INFO CONTENT=generating core.12012,0,1,277.2492752500284,0
TYPE=RAS COMPONENT=KERNEL LEVEL=INFO CONTENT=generating core.9051,0,0,277.2492752500284,1
TYPE=RAS COMPONENT=KERNEL LEVEL=INFO CONTENT=generating core.7752,0,0,277.2492752500284,1
TYPE=RAS COMPONENT=KERNEL LEVEL=INFO CONTENT=generating core.10793,0,1,277.2492752500284,0
TYPE=RAS COMPONENT=KERNEL LEVEL=INFO CONTENT=generating core.24671,0,1,277.2492752500284,0
TYPE=RAS COMPONENT=KERNEL LEVEL=INFO CONTENT=generating core.40979,0,1,277.2492752500284,0
TYPE=RAS COMPONENT=KERNEL LEVEL=INFO CONTENT=generating core.18129,0,1,277.2492752500284,0
TYPE=RAS COMPONENT=KERNEL LEVEL=INFO CONTENT=generating core.47738,0,1,277.2745793749891,0
TYPE=RAS COMPONENT=KERNEL LEVEL=INFO CONTENT=generating core.42109,0,1,277.2745793749891,0
TYPE=RAS COMPONENT=KERNEL LEVEL=INFO CONTENT=generating core.6682,0,1,277.2745793749891,0
TYPE=RAS COMPONENT=KERNEL LEVEL=INFO CONTENT=generating core.7672,0,0,277.2745793749891,1
TYPE=RAS COMPONENT=KERNEL LEVEL=INFO CONTENT=generating core.47122,0,1,277.2745793749891,0
TYPE=RAS COMPONENT=KERNEL LEVEL=INFO CONTENT=generating core.17493,0,1,277.2745793749891,0
TYPE=RAS COMPONENT=KERNEL LEVEL=INFO CONTENT=generating core.23664,0,0,277.2745793749891,1
TYPE=RAS COMPONENT=KERNEL LEVEL=INFO CONTENT=generating core.19296,0,1,277.2745793749891,0
TYPE=RAS COMPONENT=KERNEL LEVEL=INFO CONTENT=generating core.6553,0,1,277.14718162508234,0
TYPE=RAS COMPONENT=KERNEL LEVEL=INFO CONTENT=generating core.56320,0,0,277.14718162508234,1
TYPE=RAS COMPONENT=KERNEL LEVEL=INFO CONTENT=generating core.3824,0,1,277.14718162508234,0
TYPE=RAS COMPONENT=KERNEL LEVEL=INFO CONTENT=generating core.5781,0,0,277.14718162508234,1
TYPE=RAS COMPONENT=KERNEL LEVEL=INFO CONTENT=generating core.55191,0,0,277.14718162508234,1
TYPE=RAS COMPONENT=KERNEL LEVEL=INFO CONTENT=generating core.38077,0,1,277.14718162508234,0
TYPE=RAS COMPONENT=KERNEL LEVEL=INFO CONTENT=generating core.41557,0,0,277.14718162508234,1
TYPE=RAS COMPONENT=KERNEL LEVEL=INFO CONTENT=generating core.36539,0,0,277.14718162508234,1
TYPE=RAS COMPONENT=KERNEL LEVEL=INFO CONTENT=generating core.51900,0,0,277.1922321250031,1
TYPE=RAS COMPONENT=KERNEL LEVEL=INFO CONTENT=generating core.33018,0,0,277.1922321250031,1
TYPE=RAS COMPONENT=KERNEL LEVEL=INFO CONTENT=generating core.29433,0,1,277.1922321250031,0
TYPE=RAS COMPONENT=KERNEL LEVEL=INFO CONTENT=generating core.36248,0,1,277.1922321250031,0
TYPE=RAS COMPONENT=KERNEL LEVEL=INFO CONTENT=generating core.41080,0,0,277.1922321250031,1
TYPE=RAS COMPONENT=KERNEL LEVEL=INFO CONTENT=generating core.57878,0,0,277.1922321250031,1
TYPE=RAS COMPONENT=KERNEL LEVEL=INFO CONTENT=generating core.245,0,0,277.1922321250031,1
TYPE=RAS COMPONENT=KERNEL LEVEL=INFO CONTENT=generating core.2315,0,1,277.1922321250031,0
TYPE=RAS COMPONENT=KERNEL LEVEL=INFO CONTENT=generating core.30603,0,0,277.20741937503135,1
TYPE=RAS COMPONENT=KERNEL LEVEL=INFO CONTENT=generating core.17517,0,1,277.20741937503135,0
TYPE=RAS COMPONENT=KERNEL LEVEL=INFO CONTENT=generating core.2633,0,0,277.20741937503135,1
TYPE=RAS COMPONENT=KERNEL LEVEL=INFO CONTENT=generating core.50240,0,0,277.20741937503135,1
TYPE=RAS COMPONENT=KERNEL LEVEL=INFO CONTENT=generating core.10211,0,1,277.20741937503135,0
TYPE=RAS COMPONENT=KERNEL LEVEL=INFO CONTENT=generating core.57863,0,0,277.20741937503135,1
TYPE=RAS COMPONENT=KERNEL LEVEL=INFO CONTENT=generating core.51808,0,0,277.20741937503135,1
TYPE=RAS COMPONENT=KERNEL LEVEL=INFO CONTENT=generating core.59907,0,0,277.20741937503135,1
TYPE=RAS COMPONENT=KERNEL LEVEL=INFO CONTENT=generating core.25382,0,0,277.1860371250341,1
TYPE=RAS COMPONENT=KERNEL LEVEL=INFO CONTENT=generating core.8646,0,1,277.1860371250341,0
TYPE=RAS COMPONENT=KERNEL LEVEL=INFO CONTENT=generating core.7167,0,0,277.1860371250341,1
TYPE=RAS COMPONENT=KERNEL LEVEL=INFO CONTENT=generating core.14589,0,1,277.1860371250341,0
TYPE=RAS COMPONENT=KERNEL LEVEL=INFO CONTENT=generating core.2300,0,0,277.1860371250341,1
TYPE=RAS COMPONENT=KERNEL LEVEL=INFO CONTENT=generating core.14652,0,1,277.1860371250341,0
TYPE=RAS COMPONENT=KERNEL LEVEL=INFO CONTENT=generating core.14807,0,1,277.1860371250341,0
TYPE=RAS COMPONENT=KERNEL LEVEL=INFO CONTENT=generating core.31758,0,0,277.1860371250341,1
TYPE=RAS COMPONENT=KERNEL LEVEL=INFO CONTENT=generating core.7205,0,0,278.099834874979,1
TYPE=RAS COMPONENT=KERNEL LEVEL=INFO CONTENT=generating core.10247,0,1,278.099834874979,0
TYPE=RAS COMPONENT=KERNEL LEVEL=INFO CONTENT=generating core.30230,0,0,278.099834874979,1
TYPE=RAS COMPONENT=KERNEL LEVEL=INFO CONTENT=generating core.2299,0,1,278.099834874979,0
TYPE=RAS COMPONENT=KERNEL LEVEL=INFO CONTENT=generating core.28666,0,0,278.099834874979,1
TYPE=RAS COMPONENT=KERNEL LEVEL=INFO CONTENT=generating core.2481,0,1,278.099834874979,0
TYPE=RAS COMPONENT=KERNEL LEVEL=INFO CONTENT=generating core.52376,0,0,278.099834874979,1
TYPE=RAS COMPONENT=KERNEL LEVEL=INFO CONTENT=generating core.10930,0,1,278.099834874979,0
TYPE=RAS COMPONENT=KERNEL LEVEL=INFO CONTENT=generating core.51134,0,0,277.2074356249732,1
TYPE=RAS COMPONENT=KERNEL LEVEL=INFO CONTENT=generating core.5235,0,0,277.2074356249732,1
TYPE=RAS COMPONENT=KERNEL LEVEL=INFO CONTENT=generating core.50841,0,0,277.2074356249732,1
TYPE=RAS COMPONENT=KERNEL LEVEL=INFO CONTENT=generating core.48433,0,1,277.2074356249732,0
TYPE=RAS COMPONENT=KERNEL LEVEL=INFO CONTENT=generating core.34955,0,1,277.2074356249732,0
TYPE=RAS COMPONENT=KERNEL LEVEL=INFO CONTENT=generating core.46408,0,1,277.2074356249732,0
TYPE=RAS COMPONENT=KERNEL LEVEL=INFO CONTENT=generating core.35872,0,0,277.2074356249732,1
TYPE=RAS COMPONENT=KERNEL LEVEL=INFO CONTENT=generating core.133,0,1,277.2074356249732,0
TYPE=RAS COMPONENT=KERNEL LEVEL=INFO CONTENT=generating core.4622,0,1,278.54381099996317,0
TYPE=RAS COMPONENT=KERNEL LEVEL=INFO CONTENT=generating core.58351,0,0,278.54381099996317,1
TYPE=RAS COMPONENT=KERNEL LEVEL=INFO CONTENT=generating core.9158,0,1,278.54381099996317,0
TYPE=RAS COMPONENT=KERNEL LEVEL=INFO CONTENT=generating core.22376,0,0,278.54381099996317,1
TYPE=RAS COMPONENT=KERNEL LEVEL=INFO CONTENT=generating core.12329,0,1,278.54381099996317,0
TYPE=RAS COMPONENT=KERNEL LEVEL=INFO CONTENT=generating core.4035,0,0,278.54381099996317,1
TYPE=RAS COMPONENT=KERNEL LEVEL=INFO CONTENT=generating core.15459,0,1,278.54381099996317,0
TYPE=RAS COMPONENT=KERNEL LEVEL=INFO CONTENT=generating core.55384,0,0,278.54381099996317,1
TYPE=RAS COMPONENT=KERNEL LEVEL=INFO CONTENT=generating core.5342,0,0,278.17143075003514,1
TYPE=RAS COMPONENT=KERNEL LEVEL=INFO CONTENT=generating core.46559,0,1,278.17143075003514,0
TYPE=RAS COMPONENT=KERNEL LEVEL=INFO CONTENT=generating core.25604,0,0,278.17143075003514,1
TYPE=RAS COMPONENT=KERNEL LEVEL=INFO CONTENT=generating core.61172,0,1,278.17143075003514,0
TYPE=RAS COMPONENT=KERNEL LEVEL=INFO CONTENT=generating core.25271,0,1,278.17143075003514,0
TYPE=RAS COMPONENT=KERNEL LEVEL=INFO CONTENT=generating core.34015,0,0,278.17143075003514,1
TYPE=RAS COMPONENT=KERNEL LEVEL=INFO CONTENT=generating core.63070,0,1,278.17143075003514,0
TYPE=RAS COMPONENT=KERNEL LEVEL=INFO CONTENT=generating core.31192,0,1,278.17143075003514,0
TYPE=RAS COMPONENT=KERNEL LEVEL=INFO CONTENT=generating core.40344,0,0,278.1907924999132,1
TYPE=RAS COMPONENT=KERNEL LEVEL=INFO CONTENT=generating core.62462,0,1,278.1907924999132,0
TYPE=RAS COMPONENT=KERNEL LEVEL=INFO CONTENT=generating core.40528,0,0,278.1907924999132,1
TYPE=RAS COMPONENT=KERNEL LEVEL=INFO CONTENT=generating core.42234,0,0,278.1907924999132,1
TYPE=RAS COMPONENT=KERNEL LEVEL=INFO CONTENT=generating core.23259,0,0,278.1907924999132,1
TYPE=RAS COMPONENT=KERNEL LEVEL=INFO CONTENT=generating core.24314,0,1,278.1907924999132,0
TYPE=RAS COMPONENT=KERNEL LEVEL=INFO CONTENT=generating core.4180,0,1,278.1907924999132,0
TYPE=RAS COMPONENT=KERNEL LEVEL=INFO CONTENT=generating core.24538,0,1,278.1907924999132,0
TYPE=RAS COMPONENT=KERNEL LEVEL=INFO CONTENT=generating core.26078,0,0,277.25275212503675,1
TYPE=RAS COMPONENT=KERNEL LEVEL=INFO CONTENT=generating core.30706,0,0,277.25275212503675,1
TYPE=RAS COMPONENT=KERNEL LEVEL=INFO CONTENT=generating core.8147,0,1,277.25275212503675,0
TYPE=RAS COMPONENT=KERNEL LEVEL=INFO CONTENT=generating core.57391,0,0,277.25275212503675,1
TYPE=RAS COMPONENT=KERNEL LEVEL=INFO CONTENT=generating core.11784,0,1,277.25275212503675,0
TYPE=RAS COMPONENT=KERNEL LEVEL=INFO CONTENT=generating core.61963,0,1,277.25275212503675,0
TYPE=RAS COMPONENT=KERNEL LEVEL=INFO CONTENT=generating core.33163,0,1,277.25275212503675,0
TYPE=RAS COMPONENT=KERNEL LEVEL=INFO CONTENT=generating core.30275,0,0,277.25275212503675,1
TYPE=RAS COMPONENT=KERNEL LEVEL=INFO CONTENT=generating core.15753,0,1,277.34808774994235,0
TYPE=RAS COMPONENT=KERNEL LEVEL=INFO CONTENT=generating core.7362,0,0,277.34808774994235,1
TYPE=RAS COMPONENT=KERNEL LEVEL=INFO CONTENT=generating core.8575,0,0,277.34808774994235,1
TYPE=RAS COMPONENT=KERNEL LEVEL=INFO CONTENT=generating core.9784,0,0,277.34808774994235,1
TYPE=RAS COMPONENT=KERNEL LEVEL=INFO CONTENT=generating core.11921,0,1,277.34808774994235,0
TYPE=RAS COMPONENT=KERNEL LEVEL=INFO CONTENT=generating core.11879,0,1,277.34808774994235,0
TYPE=RAS COMPONENT=KERNEL LEVEL=INFO CONTENT=generating core.13067,0,1,277.34808774994235,0
TYPE=RAS COMPONENT=KERNEL LEVEL=INFO CONTENT=generating core.13131,0,1,277.34808774994235,0
TYPE=RAS COMPONENT=KERNEL LEVEL=INFO CONTENT=generating core.14071,0,1,277.20902600003683,0
TYPE=RAS COMPONENT=KERNEL LEVEL=INFO CONTENT=generating core.8544,0,1,277.20902600003683,0
TYPE=RAS COMPONENT=KERNEL LEVEL=INFO CONTENT=generating core.8531,0,1,277.20902600003683,0
TYPE=RAS COMPONENT=KERNEL LEVEL=INFO CONTENT=generating core.13946,0,1,277.20902600003683,0
TYPE=RAS COMPONENT=KERNEL LEVEL=INFO CONTENT=generating core.16095,0,1,277.20902600003683,0
TYPE=RAS COMPONENT=KERNEL LEVEL=INFO CONTENT=generating core.7183,0,0,277.20902600003683,1
TYPE=RAS COMPONENT=KERNEL LEVEL=INFO CONTENT=generating core.1988,0,1,277.20902600003683,0
TYPE=RAS COMPONENT=KERNEL LEVEL=INFO CONTENT=generating core.2347,0,0,277.20902600003683,1
TYPE=RAS COMPONENT=KERNEL LEVEL=INFO CONTENT=generating core.2790,0,0,278.52952962496147,1
TYPE=RAS COMPONENT=KERNEL LEVEL=INFO CONTENT=generating core.2573,0,0,278.52952962496147,1
TYPE=RAS COMPONENT=KERNEL LEVEL=INFO CONTENT=generating core.3985,0,0,278.52952962496147,1
TYPE=RAS COMPONENT=KERNEL LEVEL=INFO CONTENT=generating core.13592,0,1,278.52952962496147,0
TYPE=RAS COMPONENT=KERNEL LEVEL=INFO CONTENT=generating core.10019,0,0,278.52952962496147,1
TYPE=RAS COMPONENT=KERNEL LEVEL=INFO CONTENT=generating core.10842,0,1,278.52952962496147,0
TYPE=RAS COMPONENT=KERNEL LEVEL=INFO CONTENT=generating core.8138,0,1,278.52952962496147,0
TYPE=RAS COMPONENT=KERNEL LEVEL=INFO CONTENT=1365301360 double-hummer alignment exceptions,0,1,278.52952962496147,0
TYPE=RAS COMPONENT=KERNEL LEVEL=INFO CONTENT=1315337824 double-hummer alignment exceptions,0,1,277.68252049997955,0
TYPE=RAS COMPONENT=KERNEL LEVEL=INFO CONTENT=1401390016 double-hummer alignment exceptions,0,1,277.68252049997955,0
TYPE=RAS COMPONENT=KERNEL LEVEL=INFO CONTENT=generating core.32657,0,1,277.68252049997955,0
TYPE=RAS COMPONENT=KERNEL LEVEL=INFO CONTENT=generating core.26835,0,1,277.68252049997955,0
TYPE=RAS COMPONENT=KERNEL LEVEL=INFO CONTENT=generating core.28242,0,0,277.68252049997955,1
TYPE=RAS COMPONENT=KERNEL LEVEL=INFO CONTENT=generating core.20970,0,0,277.68252049997955,1
TYPE=RAS COMPONENT=KERNEL LEVEL=INFO CONTENT=generating core.18514,0,1,277.68252049997955,0
TYPE=RAS COMPONENT=KERNEL LEVEL=INFO CONTENT=generating core.19321,0,1,277.68252049997955,0
TYPE=RAS COMPONENT=KERNEL LEVEL=INFO CONTENT=generating core.13753,0,1,277.21725387493734,0
TYPE=RAS COMPONENT=KERNEL LEVEL=INFO CONTENT=generating core.23542,0,0,277.21725387493734,1
TYPE=RAS COMPONENT=KERNEL LEVEL=INFO CONTENT=generating core.28918,0,1,277.21725387493734,0
TYPE=RAS COMPONENT=KERNEL LEVEL=INFO CONTENT=generating core.21145,0,1,277.21725387493734,0
TYPE=RAS COMPONENT=KERNEL LEVEL=INFO CONTENT=generating core.8832,0,1,277.21725387493734,0
TYPE=RAS COMPONENT=KERNEL LEVEL=INFO CONTENT=generating core.20015,0,0,277.21725387493734,1
TYPE=RAS COMPONENT=KERNEL LEVEL=INFO CONTENT=generating core.11564,0,1,277.21725387493734,0
TYPE=RAS COMPONENT=KERNEL LEVEL=INFO CONTENT=generating core.1557,0,1,277.21725387493734,0
TYPE=RAS COMPONENT=KERNEL LEVEL=INFO CONTENT=generating core.5167,0,1,277.26153512503515,0
TYPE=RAS COMPONENT=KERNEL LEVEL=INFO CONTENT=generating core.3111,0,1,277.26153512503515,0
TYPE=RAS COMPONENT=KERNEL LEVEL=INFO CONTENT=generating core.7193,0,1,277.26153512503515,0
TYPE=RAS COMPONENT=KERNEL LEVEL=INFO CONTENT=generating core.5861,0,0,277.26153512503515,1
TYPE=RAS COMPONENT=KERNEL LEVEL=INFO CONTENT=generating core.15425,0,1,277.26153512503515,0
TYPE=RAS COMPONENT=KERNEL LEVEL=INFO CONTENT=generating core.560,0,0,277.26153512503515,1
TYPE=RAS COMPONENT=KERNEL LEVEL=INFO CONTENT=generating core.5760,0,0,277.26153512503515,1
TYPE=RAS COMPONENT=KERNEL LEVEL=INFO CONTENT=generating core.13752,0,1,277.26153512503515,0
TYPE=RAS COMPONENT=KERNEL LEVEL=INFO CONTENT=generating core.10860,0,1,278.0979307499365,0
TYPE=RAS COMPONENT=KERNEL LEVEL=INFO CONTENT=generating core.12536,0,1,278.0979307499365,0
TYPE=RAS COMPONENT=KERNEL LEVEL=INFO CONTENT=generating core.19744,0,1,278.0979307499365,0
TYPE=RAS COMPONENT=KERNEL LEVEL=INFO CONTENT=generating core.8803,0,1,278.0979307499365,0
TYPE=RAS COMPONENT=KERNEL LEVEL=INFO CONTENT=generating core.28238,0,0,278.0979307499365,1
TYPE=RAS COMPONENT=KERNEL LEVEL=INFO CONTENT=generating core.12643,0,1,278.0979307499365,0
TYPE=RAS COMPONENT=KERNEL LEVEL=INFO CONTENT=generating core.12927,0,1,278.0979307499365,0
TYPE=RAS COMPONENT=KERNEL LEVEL=INFO CONTENT=generating core.6917,0,1,278.0979307499365,0
TYPE=RAS COMPONENT=KERNEL LEVEL=INFO CONTENT=generating core.21353,0,1,277.3642501249469,0
TYPE=RAS COMPONENT=KERNEL LEVEL=INFO CONTENT=generating core.17276,0,1,277.3642501249469,0
TYPE=RAS COMPONENT=KERNEL LEVEL=INFO CONTENT=generating core.26955,0,0,277.3642501249469,1
TYPE=RAS COMPONENT=KERNEL LEVEL=INFO CONTENT=generating core.11135,0,1,277.3642501249469,0
TYPE=RAS COMPONENT=KERNEL LEVEL=INFO CONTENT=generating core.6711,0,1,277.3642501249469,0
TYPE=RAS COMPONENT=KERNEL LEVEL=INFO CONTENT=generating core.22283,0,1,277.3642501249469,0
TYPE=RAS COMPONENT=KERNEL LEVEL=INFO CONTENT=generating core.21175,0,1,277.3642501249469,0
TYPE=RAS COMPONENT=KERNEL LEVEL=INFO CONTENT=generating core.28329,0,0,277.3642501249469,1
TYPE=RAS COMPONENT=KERNEL LEVEL=INFO CONTENT=generating core.20367,0,0,277.1107033750013,1
TYPE=RAS COMPONENT=KERNEL LEVEL=INFO CONTENT=generating core.23838,0,0,277.1107033750013,1
TYPE=RAS COMPONENT=KERNEL LEVEL=INFO CONTENT=generating core.16300,0,1,277.1107033750013,0
TYPE=RAS COMPONENT=KERNEL LEVEL=INFO CONTENT=generating core.7623,0,1,277.1107033750013,0
TYPE=RAS COMPONENT=KERNEL LEVEL=INFO CONTENT=generating core.1957,0,1,277.1107033750013,0
TYPE=RAS COMPONENT=KERNEL LEVEL=INFO CONTENT=generating core.3292,0,1,277.1107033750013,0
TYPE=RAS COMPONENT=KERNEL LEVEL=INFO CONTENT=generating core.3249,0,1,277.1107033750013,0
TYPE=RAS COMPONENT=KERNEL LEVEL=INFO CONTENT=generating core.2606,0,0,277.1107033750013,1
TYPE=RAS COMPONENT=KERNEL LEVEL=INFO CONTENT=generating core.2233,0,0,278.0286043749811,1
TYPE=RAS COMPONENT=KERNEL LEVEL=INFO CONTENT=generating core.3959,0,0,278.0286043749811,1
TYPE=RAS COMPONENT=KERNEL LEVEL=INFO CONTENT=generating core.2880,0,0,278.0286043749811,1
TYPE=RAS COMPONENT=KERNEL LEVEL=INFO CONTENT=generating core.3792,0,1,278.0286043749811,0
TYPE=RAS COMPONENT=KERNEL LEVEL=INFO CONTENT=generating core.2971,0,1,278.0286043749811,0
TYPE=RAS COMPONENT=KERNEL LEVEL=INFO CONTENT=generating core.3269,0,1,278.0286043749811,0
TYPE=RAS COMPONENT=KERNEL LEVEL=INFO CONTENT=generating core.24376,0,1,278.0286043749811,0
TYPE=RAS COMPONENT=KERNEL LEVEL=INFO CONTENT=generating core.31435,0,0,278.0286043749811,1
TYPE=RAS COMPONENT=KERNEL LEVEL=INFO CONTENT=generating core.3851,0,1,278.015458124969,0
TYPE=RAS COMPONENT=KERNEL LEVEL=INFO CONTENT=generating core.20257,0,0,278.015458124969,1
TYPE=RAS COMPONENT=KERNEL LEVEL=INFO CONTENT=generating core.32257,0,0,278.015458124969,1
TYPE=RAS COMPONENT=KERNEL LEVEL=INFO CONTENT=generating core.7068,0,1,278.015458124969,0
TYPE=RAS COMPONENT=KERNEL LEVEL=INFO CONTENT=generating core.4329,0,1,278.015458124969,0
TYPE=RAS COMPONENT=KERNEL LEVEL=INFO CONTENT=generating core.16600,0,1,278.015458124969,0
TYPE=RAS COMPONENT=KERNEL LEVEL=INFO CONTENT=generating core.6519,0,1,278.015458124969,0
TYPE=RAS COMPONENT=KERNEL LEVEL=INFO CONTENT=generating core.15313,0,1,278.015458124969,0
TYPE=RAS COMPONENT=KERNEL LEVEL=INFO CONTENT=generating core.16623,0,1,284.21135550001964,0
TYPE=RAS COMPONENT=KERNEL LEVEL=INFO CONTENT=generating core.10429,0,1,284.21135550001964,0
TYPE=RAS COMPONENT=KERNEL LEVEL=INFO CONTENT=generating core.32116,0,1,284.21135550001964,0
TYPE=RAS COMPONENT=KERNEL LEVEL=INFO CONTENT=generating core.15924,0,1,284.21135550001964,0
"TYPE=RAS COMPONENT=KERNEL LEVEL=INFO CONTENT=CE sym 2, at 0x0d09f1c0, mask 0x80",0,1,284.21135550001964,0
"TYPE=RAS COMPONENT=APP LEVEL=FATAL CONTENT=ciod: Error loading /home/greeno/raptor.new.dev.3d.BGL.CXX_XL.MPI.ex: invalid or missing program image, No such file or directory",0,0,284.21135550001964,1
TYPE=RAS COMPONENT=KERNEL LEVEL=FATAL CONTENT=rts panic! - stopping execution,1,0,284.21135550001964,0
TYPE=RAS COMPONENT=KERNEL LEVEL=FATAL CONTENT=rts panic! - stopping execution,1,0,284.21135550001964,0
TYPE=RAS COMPONENT=KERNEL LEVEL=INFO CONTENT=generating core.9079,0,0,278.24369712504904,1
TYPE=RAS COMPONENT=KERNEL LEVEL=INFO CONTENT=generating core.6425,0,1,278.24369712504904,0
TYPE=RAS COMPONENT=KERNEL LEVEL=INFO CONTENT=generating core.3400,0,0,278.24369712504904,1
TYPE=RAS COMPONENT=KERNEL LEVEL=INFO CONTENT=generating core.6711,0,1,278.24369712504904,0
TYPE=RAS COMPONENT=KERNEL LEVEL=INFO CONTENT=generating core.2263,0,0,278.24369712504904,1
TYPE=RAS COMPONENT=KERNEL LEVEL=INFO CONTENT=generating core.9386,0,1,278.24369712504904,0
TYPE=RAS COMPONENT=KERNEL LEVEL=INFO CONTENT=generating core.4061,0,1,278.24369712504904,0
TYPE=RAS COMPONENT=KERNEL LEVEL=INFO CONTENT=generating core.14070,0,1,278.24369712504904,0
TYPE=RAS COMPONENT=KERNEL LEVEL=INFO CONTENT=generating core.14021,0,1,278.61023374998695,0
TYPE=RAS COMPONENT=KERNEL LEVEL=INFO CONTENT=generating core.1715,0,1,278.61023374998695,0
TYPE=RAS COMPONENT=KERNEL LEVEL=INFO CONTENT=generating core.4489,0,1,278.61023374998695,0
TYPE=RAS COMPONENT=KERNEL LEVEL=INFO CONTENT=generating core.2092,0,0,278.61023374998695,1
TYPE=RAS COMPONENT=KERNEL LEVEL=INFO CONTENT=generating core.5967,0,0,278.61023374998695,1
TYPE=RAS COMPONENT=KERNEL LEVEL=INFO CONTENT=total of 1 ddr error(s) detected and corrected,0,1,278.61023374998695,0
TYPE=RAS COMPONENT=KERNEL LEVEL=INFO CONTENT=118661512 double-hummer alignment exceptions,0,1,278.61023374998695,0
TYPE=RAS COMPONENT=KERNEL LEVEL=INFO CONTENT=112099344 double-hummer alignment exceptions,0,1,278.61023374998695,0
TYPE=RAS COMPONENT=KERNEL LEVEL=INFO CONTENT=113170696 double-hummer alignment exceptions,0,1,276.9131306249619,0
TYPE=RAS COMPONENT=KERNEL LEVEL=INFO CONTENT=117400328 double-hummer alignment exceptions,0,1,276.9131306249619,0
TYPE=RAS COMPONENT=KERNEL LEVEL=INFO CONTENT=112762744 double-hummer alignment exceptions,0,1,276.9131306249619,0
TYPE=RAS COMPONENT=KERNEL LEVEL=INFO CONTENT=116130784 double-hummer alignment exceptions,0,1,276.9131306249619,0
TYPE=RAS COMPONENT=KERNEL LEVEL=INFO CONTENT=114147592 double-hummer alignment exceptions,0,1,276.9131306249619,0
TYPE=RAS COMPONENT=KERNEL LEVEL=INFO CONTENT=113622512 double-hummer alignment exceptions,0,1,276.9131306249619,0
TYPE=RAS COMPONENT=KERNEL LEVEL=INFO CONTENT=114059360 double-hummer alignment exceptions,0,1,276.9131306249619,0
TYPE=RAS COMPONENT=KERNEL LEVEL=INFO CONTENT=114091808 double-hummer alignment exceptions,0,1,276.9131306249619,0
TYPE=RAS COMPONENT=KERNEL LEVEL=INFO CONTENT=115325776 double-hummer alignment exceptions,0,1,275.8399161250509,0
TYPE=RAS COMPONENT=KERNEL LEVEL=INFO CONTENT=113982272 double-hummer alignment exceptions,0,1,275.8399161250509,0
TYPE=RAS COMPONENT=KERNEL LEVEL=INFO CONTENT=113355952 double-hummer alignment exceptions,0,1,275.8399161250509,0
TYPE=RAS COMPONENT=KERNEL LEVEL=INFO CONTENT=115193048 double-hummer alignment exceptions,0,1,275.8399161250509,0
TYPE=RAS COMPONENT=KERNEL LEVEL=INFO CONTENT=111990296 double-hummer alignment exceptions,0,1,275.8399161250509,0
TYPE=RAS COMPONENT=KERNEL LEVEL=INFO CONTENT=112625368 double-hummer alignment exceptions,0,1,275.8399161250509,0
TYPE=RAS COMPONENT=KERNEL LEVEL=INFO CONTENT=116249832 double-hummer alignment exceptions,0,1,275.8399161250509,0
TYPE=RAS COMPONENT=KERNEL LEVEL=INFO CONTENT=112481672 double-hummer alignment exceptions,0,1,275.8399161250509,0
TYPE=RAS COMPONENT=KERNEL LEVEL=INFO CONTENT=116332728 double-hummer alignment exceptions,0,1,278.42285012502543,0
TYPE=RAS COMPONENT=KERNEL LEVEL=INFO CONTENT=generating core.691,0,1,278.42285012502543,0
TYPE=RAS COMPONENT=KERNEL LEVEL=INFO CONTENT=generating core.52403,0,0,278.42285012502543,1
TYPE=RAS COMPONENT=KERNEL LEVEL=INFO CONTENT=generating core.12883,0,1,278.42285012502543,0
TYPE=RAS COMPONENT=KERNEL LEVEL=INFO CONTENT=generating core.4159,0,1,278.42285012502543,0
TYPE=RAS COMPONENT=KERNEL LEVEL=INFO CONTENT=generating core.5054,0,0,278.42285012502543,1
TYPE=RAS COMPONENT=KERNEL LEVEL=INFO CONTENT=generating core.17150,0,0,278.42285012502543,1
TYPE=RAS COMPONENT=KERNEL LEVEL=INFO CONTENT=generating core.47314,0,1,278.42285012502543,0
TYPE=RAS COMPONENT=KERNEL LEVEL=INFO CONTENT=generating core.5520,0,0,280.3643343750082,1
TYPE=RAS COMPONENT=KERNEL LEVEL=INFO CONTENT=generating core.17817,0,1,280.3643343750082,0
TYPE=RAS COMPONENT=KERNEL LEVEL=INFO CONTENT=generating core.34898,0,1,280.3643343750082,0
TYPE=RAS COMPONENT=KERNEL LEVEL=INFO CONTENT=generating core.47007,0,0,280.3643343750082,1
TYPE=RAS COMPONENT=KERNEL LEVEL=INFO CONTENT=generating core.18363,0,1,280.3643343750082,0
TYPE=RAS COMPONENT=KERNEL LEVEL=INFO CONTENT=generating core.22494,0,0,280.3643343750082,1
"TYPE=RAS COMPONENT=KERNEL LEVEL=INFO CONTENT=CE sym 16, at 0x0456cd40, mask 0x04",0,0,280.3643343750082,1
TYPE=RAS COMPONENT=KERNEL LEVEL=INFO CONTENT=generating core.26059,0,0,280.3643343750082,1
TYPE=RAS COMPONENT=KERNEL LEVEL=INFO CONTENT=generating core.17999,0,1,278.1197887500184,0
TYPE=RAS COMPONENT=KERNEL LEVEL=INFO CONTENT=generating core.30671,0,0,278.1197887500184,1
TYPE=RAS COMPONENT=KERNEL LEVEL=INFO CONTENT=generating core.2600,0,0,278.1197887500184,1
TYPE=RAS COMPONENT=KERNEL LEVEL=INFO CONTENT=generating core.15192,0,1,278.1197887500184,0
TYPE=RAS COMPONENT=KERNEL LEVEL=INFO CONTENT=generating core.26224,0,0,278.1197887500184,1
TYPE=RAS COMPONENT=KERNEL LEVEL=INFO CONTENT=generating core.25712,0,1,278.1197887500184,0
TYPE=RAS COMPONENT=KERNEL LEVEL=INFO CONTENT=generating core.22807,0,1,278.1197887500184,0
TYPE=RAS COMPONENT=KERNEL LEVEL=INFO CONTENT=generating core.284,0,0,278.1197887500184,1
TYPE=RAS COMPONENT=KERNEL LEVEL=INFO CONTENT=generating core.5381,0,0,278.12497749994236,1
TYPE=RAS COMPONENT=KERNEL LEVEL=INFO CONTENT=generating core.27051,0,0,278.12497749994236,1
TYPE=RAS COMPONENT=KERNEL LEVEL=INFO CONTENT=generating core.29420,0,0,278.12497749994236,1
TYPE=RAS COMPONENT=KERNEL LEVEL=INFO CONTENT=generating core.8374,0,1,278.12497749994236,0
TYPE=RAS COMPONENT=KERNEL LEVEL=INFO CONTENT=generating core.15966,0,1,278.12497749994236,0
TYPE=RAS COMPONENT=KERNEL LEVEL=INFO CONTENT=generating core.7855,0,0,278.12497749994236,1
TYPE=RAS COMPONENT=KERNEL LEVEL=INFO CONTENT=generating core.2296,0,0,278.12497749994236,1
TYPE=RAS COMPONENT=KERNEL LEVEL=INFO CONTENT=generating core.1103,0,1,278.12497749994236,0
TYPE=RAS COMPONENT=KERNEL LEVEL=INFO CONTENT=generating core.2010,0,0,277.27119774999665,1
TYPE=RAS COMPONENT=KERNEL LEVEL=INFO CONTENT=generating core.3181,0,1,277.27119774999665,0
TYPE=RAS COMPONENT=KERNEL LEVEL=INFO CONTENT=generating core.32010,0,0,277.27119774999665,1
TYPE=RAS COMPONENT=KERNEL LEVEL=INFO CONTENT=generating core.9651,0,1,277.27119774999665,0
TYPE=RAS COMPONENT=KERNEL LEVEL=INFO CONTENT=generating core.10057,0,1,277.27119774999665,0
TYPE=RAS COMPONENT=KERNEL LEVEL=INFO CONTENT=generating core.5939,0,0,277.27119774999665,1
TYPE=RAS COMPONENT=KERNEL LEVEL=INFO CONTENT=generating core.12984,0,1,277.27119774999665,0
TYPE=RAS COMPONENT=KERNEL LEVEL=INFO CONTENT=generating core.17467,0,1,277.27119774999665,0
TYPE=RAS COMPONENT=KERNEL LEVEL=INFO CONTENT=generating core.29367,0,0,278.0019501250308,1
TYPE=RAS COMPONENT=KERNEL LEVEL=INFO CONTENT=generating core.14852,0,1,278.0019501250308,0
TYPE=RAS COMPONENT=KERNEL LEVEL=INFO CONTENT=generating core.4862,0,1,278.0019501250308,0
TYPE=RAS COMPONENT=KERNEL LEVEL=INFO CONTENT=generating core.27323,0,0,278.0019501250308,1
TYPE=RAS COMPONENT=KERNEL LEVEL=INFO CONTENT=generating core.26646,0,0,278.0019501250308,1
TYPE=RAS COMPONENT=KERNEL LEVEL=INFO CONTENT=generating core.5428,0,0,278.0019501250308,1
TYPE=RAS COMPONENT=KERNEL LEVEL=INFO CONTENT=generating core.12212,0,1,278.0019501250308,0
TYPE=RAS COMPONENT=KERNEL LEVEL=INFO CONTENT=generating core.3343,0,0,278.0019501250308,1
TYPE=RAS COMPONENT=KERNEL LEVEL=INFO CONTENT=generating core.19942,0,1,278.12281787498705,0
TYPE=RAS COMPONENT=KERNEL LEVEL=INFO CONTENT=generating core.18324,0,1,278.12281787498705,0
TYPE=RAS COMPONENT=KERNEL LEVEL=INFO CONTENT=generating core.3510,0,0,278.12281787498705,1
TYPE=RAS COMPONENT=KERNEL LEVEL=INFO CONTENT=generating core.17851,0,1,278.12281787498705,0
TYPE=RAS COMPONENT=KERNEL LEVEL=INFO CONTENT=generating core.30632,0,0,278.12281787498705,1
TYPE=RAS COMPONENT=KERNEL LEVEL=INFO CONTENT=generating core.26735,0,0,278.12281787498705,1
TYPE=RAS COMPONENT=KERNEL LEVEL=INFO CONTENT=generating core.18689,0,1,278.12281787498705,0
TYPE=RAS COMPONENT=KERNEL LEVEL=INFO CONTENT=generating core.27698,0,0,278.12281787498705,1
TYPE=RAS COMPONENT=KERNEL LEVEL=INFO CONTENT=generating core.10645,0,1,277.2700966249886,0
TYPE=RAS COMPONENT=KERNEL LEVEL=INFO CONTENT=generating core.5009,0,0,277.2700966249886,1
TYPE=RAS COMPONENT=KERNEL LEVEL=INFO CONTENT=generating core.5785,0,0,277.2700966249886,1
TYPE=RAS COMPONENT=KERNEL LEVEL=INFO CONTENT=generating core.4505,0,1,277.2700966249886,0
TYPE=RAS COMPONENT=KERNEL LEVEL=INFO CONTENT=generating core.27577,0,0,277.2700966249886,1
TYPE=RAS COMPONENT=KERNEL LEVEL=INFO CONTENT=generating core.32755,0,0,277.2700966249886,1
TYPE=RAS COMPONENT=KERNEL LEVEL=INFO CONTENT=generating core.30675,0,0,277.2700966249886,1
TYPE=RAS COMPONENT=KERNEL LEVEL=INFO CONTENT=generating core.11493,0,1,277.2700966249886,0
TYPE=RAS COMPONENT=KERNEL LEVEL=INFO CONTENT=generating core.5671,0,0,278.26856287492774,1
TYPE=RAS COMPONENT=KERNEL LEVEL=INFO CONTENT=generating core.27926,0,0,278.26856287492774,1
TYPE=RAS COMPONENT=KERNEL LEVEL=INFO CONTENT=generating core.15967,0,1,278.26856287492774,0
TYPE=RAS COMPONENT=KERNEL LEVEL=INFO CONTENT=generating core.24172,0,1,278.26856287492774,0
TYPE=RAS COMPONENT=KERNEL LEVEL=INFO CONTENT=generating core.29732,0,0,278.26856287492774,1
TYPE=RAS COMPONENT=KERNEL LEVEL=INFO CONTENT=generating core.17526,0,1,278.26856287492774,0
TYPE=RAS COMPONENT=KERNEL LEVEL=INFO CONTENT=generating core.19481,0,1,278.26856287492774,0
TYPE=RAS COMPONENT=KERNEL LEVEL=INFO CONTENT=generating core.23873,0,0,278.26856287492774,1
TYPE=RAS COMPONENT=KERNEL LEVEL=INFO CONTENT=generating core.14603,0,1,277.1320033750726,0
TYPE=RAS COMPONENT=KERNEL LEVEL=INFO CONTENT=generating core.15737,0,1,277.1320033750726,0
TYPE=RAS COMPONENT=KERNEL LEVEL=INFO CONTENT=generating core.23119,0,1,277.1320033750726,0
TYPE=RAS COMPONENT=KERNEL LEVEL=INFO CONTENT=generating core.14824,0,1,277.1320033750726,0
TYPE=RAS COMPONENT=KERNEL LEVEL=INFO CONTENT=generating core.15648,0,1,277.1320033750726,0
TYPE=RAS COMPONENT=KERNEL LEVEL=INFO CONTENT=generating core.7156,0,1,277.1320033750726,0
TYPE=RAS COMPONENT=KERNEL LEVEL=INFO CONTENT=generating core.22967,0,1,277.1320033750726,0
TYPE=RAS COMPONENT=KERNEL LEVEL=INFO CONTENT=generating core.3980,0,0,277.1320033750726,1
TYPE=RAS COMPONENT=KERNEL LEVEL=INFO CONTENT=generating core.11473,0,1,277.20657200006826,0
TYPE=RAS COMPONENT=KERNEL LEVEL=INFO CONTENT=generating core.13043,0,1,277.20657200006826,0
TYPE=RAS COMPONENT=KERNEL LEVEL=INFO CONTENT=generating core.28011,0,1,277.20657200006826,0
TYPE=RAS COMPONENT=KERNEL LEVEL=INFO CONTENT=generating core.27197,0,1,277.20657200006826,0
TYPE=RAS COMPONENT=KERNEL LEVEL=INFO CONTENT=generating core.27704,0,0,277.20657200006826,1
TYPE=RAS COMPONENT=KERNEL LEVEL=INFO CONTENT=generating core.9337,0,0,277.20657200006826,1
TYPE=RAS COMPONENT=KERNEL LEVEL=INFO CONTENT=generating core.22886,0,1,277.20657200006826,0
TYPE=RAS COMPONENT=KERNEL LEVEL=INFO CONTENT=generating core.22325,0,0,277.20657200006826,1
TYPE=RAS COMPONENT=KERNEL LEVEL=INFO CONTENT=generating core.23998,0,0,291.33056474995556,1
TYPE=RAS COMPONENT=APP LEVEL=FATAL CONTENT=ciod: Error creating node map from file /home/pakin1/sweep3d-2.2b/results/random1-8x32x32x2.map: Permission denied,0,1,291.33056474995556,0
TYPE=RAS COMPONENT=KERNEL LEVEL=INFO CONTENT=ciod: Z coordinate 32 exceeds physical dimension 32 at line 33 of node map file /p/gb2/pakin1/contention-32768cpes-torus/xyzt-1x1x32768x1.map,0,0,291.33056474995556,1
TYPE=RAS COMPONENT=KERNEL LEVEL=INFO CONTENT=generating core.4615,0,0,291.33056474995556,1
TYPE=RAS COMPONENT=KERNEL LEVEL=INFO CONTENT=generating core.1682,0,0,291.33056474995556,1
TYPE=RAS COMPONENT=KERNEL LEVEL=INFO CONTENT=generating core.896,0,0,291.33056474995556,1
TYPE=RAS COMPONENT=KERNEL LEVEL=INFO CONTENT=generating core.4675,0,0,291.33056474995556,1
TYPE=RAS COMPONENT=KERNEL LEVEL=INFO CONTENT=generating core.84,0,0,291.33056474995556,1
TYPE=RAS COMPONENT=KERNEL LEVEL=INFO CONTENT=generating core.1227,0,1,280.4197323749804,0
"TYPE=RAS COMPONENT=KERNEL LEVEL=INFO CONTENT=1 ddr errors(s) detected and corrected on rank 0, symbol 33, bit 7",0,1,280.4197323749804,0
TYPE=RAS COMPONENT=KERNEL LEVEL=INFO CONTENT=generating core.59955,0,0,280.4197323749804,1
TYPE=RAS COMPONENT=KERNEL LEVEL=INFO CONTENT=generating core.38143,0,1,280.4197323749804,0
TYPE=RAS COMPONENT=KERNEL LEVEL=INFO CONTENT=generating core.41718,0,1,280.4197323749804,0
TYPE=RAS COMPONENT=KERNEL LEVEL=INFO CONTENT=generating core.29431,0,1,280.4197323749804,0
TYPE=RAS COMPONENT=KERNEL LEVEL=INFO CONTENT=generating core.33399,0,0,280.4197323749804,1
TYPE=RAS COMPONENT=KERNEL LEVEL=INFO CONTENT=generating core.11379,0,1,280.4197323749804,0
TYPE=RAS COMPONENT=KERNEL LEVEL=INFO CONTENT=generating core.36339,0,0,275.48511737495573,1
TYPE=RAS COMPONENT=KERNEL LEVEL=INFO CONTENT=generating core.42833,0,1,275.48511737495573,0
TYPE=RAS COMPONENT=KERNEL LEVEL=INFO CONTENT=generating core.20595,0,0,275.48511737495573,1
TYPE=RAS COMPONENT=KERNEL LEVEL=INFO CONTENT=generating core.17560,0,1,275.48511737495573,0
TYPE=RAS COMPONENT=KERNEL LEVEL=INFO CONTENT=generating core.17212,0,1,275.48511737495573,0
TYPE=RAS COMPONENT=KERNEL LEVEL=INFO CONTENT=generating core.26131,0,1,275.48511737495573,0
TYPE=RAS COMPONENT=KERNEL LEVEL=INFO CONTENT=generating core.45777,0,0,275.48511737495573,1
TYPE=RAS COMPONENT=KERNEL LEVEL=INFO CONTENT=generating core.62940,0,1,275.48511737495573,0
TYPE=RAS COMPONENT=KERNEL LEVEL=INFO CONTENT=generating core.27867,0,0,277.37336100005905,1
TYPE=RAS COMPONENT=KERNEL LEVEL=INFO CONTENT=generating core.21016,0,1,277.37336100005905,0
TYPE=RAS COMPONENT=KERNEL LEVEL=INFO CONTENT=generating core.465,0,1,277.37336100005905,0
TYPE=RAS COMPONENT=KERNEL LEVEL=INFO CONTENT=generating core.55352,0,0,277.37336100005905,1
TYPE=RAS COMPONENT=KERNEL LEVEL=INFO CONTENT=generating core.44723,0,1,277.37336100005905,0
TYPE=RAS COMPONENT=KERNEL LEVEL=INFO CONTENT=generating core.36787,0,1,277.37336100005905,0
TYPE=RAS COMPONENT=KERNEL LEVEL=INFO CONTENT=generating core.29903,0,0,277.37336100005905,1
TYPE=RAS COMPONENT=KERNEL LEVEL=INFO CONTENT=generating core.33706,0,1,277.37336100005905,0
TYPE=RAS COMPONENT=KERNEL LEVEL=INFO CONTENT=generating core.8879,0,1,277.21688600001926,0
TYPE=RAS COMPONENT=KERNEL LEVEL=INFO CONTENT=generating core.50505,0,0,277.21688600001926,1
TYPE=RAS COMPONENT=KERNEL LEVEL=INFO CONTENT=generating core.29899,0,0,277.21688600001926,1
TYPE=RAS COMPONENT=KERNEL LEVEL=INFO CONTENT=generating core.46536,0,1,277.21688600001926,0
TYPE=RAS COMPONENT=KERNEL LEVEL=INFO CONTENT=generating core.50988,0,0,277.21688600001926,1
TYPE=RAS COMPONENT=KERNEL LEVEL=INFO CONTENT=generating core.22273,0,1,277.21688600001926,0
TYPE=RAS COMPONENT=KERNEL LEVEL=INFO CONTENT=generating core.46157,0,1,277.21688600001926,0
TYPE=RAS COMPONENT=KERNEL LEVEL=INFO CONTENT=generating core.59042,0,0,277.21688600001926,1
TYPE=RAS COMPONENT=KERNEL LEVEL=INFO CONTENT=generating core.29543,0,0,277.53809249998085,1
TYPE=RAS COMPONENT=KERNEL LEVEL=INFO CONTENT=generating core.22119,0,1,277.53809249998085,0
TYPE=RAS COMPONENT=KERNEL LEVEL=INFO CONTENT=generating core.4900,0,0,277.53809249998085,1
TYPE=RAS COMPONENT=KERNEL LEVEL=INFO CONTENT=generating core.30256,0,1,277.53809249998085,0
TYPE=RAS COMPONENT=KERNEL LEVEL=INFO CONTENT=generating core.64146,0,1,277.53809249998085,0
TYPE=RAS COMPONENT=KERNEL LEVEL=INFO CONTENT=generating core.58328,0,0,277.53809249998085,1
TYPE=RAS COMPONENT=KERNEL LEVEL=INFO CONTENT=generating core.20241,0,0,277.53809249998085,1
TYPE=RAS COMPONENT=KERNEL LEVEL=INFO CONTENT=generating core.24337,0,1,277.53809249998085,0
TYPE=RAS COMPONENT=KERNEL LEVEL=INFO CONTENT=generating core.21045,0,1,275.28237287504,0
TYPE=RAS COMPONENT=KERNEL LEVEL=INFO CONTENT=generating core.47256,0,1,275.28237287504,0
TYPE=RAS COMPONENT=KERNEL LEVEL=INFO CONTENT=generating core.45183,0,1,275.28237287504,0
TYPE=RAS COMPONENT=KERNEL LEVEL=INFO CONTENT=generating core.46654,0,0,275.28237287504,1
TYPE=RAS COMPONENT=KERNEL LEVEL=INFO CONTENT=generating core.21374,0,1,275.28237287504,0
TYPE=RAS COMPONENT=KERNEL LEVEL=INFO CONTENT=generating core.45880,0,0,275.28237287504,1
TYPE=RAS COMPONENT=KERNEL LEVEL=INFO CONTENT=generating core.20691,0,0,275.28237287504,1
TYPE=RAS COMPONENT=KERNEL LEVEL=INFO CONTENT=generating core.45943,0,0,275.28237287504,1
TYPE=RAS COMPONENT=KERNEL LEVEL=INFO CONTENT=generating core.46425,0,1,277.40974912501315,0
TYPE=RAS COMPONENT=KERNEL LEVEL=INFO CONTENT=generating core.11113,0,1,277.40974912501315,0
TYPE=RAS COMPONENT=KERNEL LEVEL=INFO CONTENT=generating core.5738,0,0,277.40974912501315,1
TYPE=RAS COMPONENT=KERNEL LEVEL=INFO CONTENT=generating core.237,0,0,277.40974912501315,1
TYPE=RAS COMPONENT=KERNEL LEVEL=INFO CONTENT=generating core.47690,0,0,277.40974912501315,1
TYPE=RAS COMPONENT=KERNEL LEVEL=INFO CONTENT=generating core.58120,0,0,277.40974912501315,1
TYPE=RAS COMPONENT=KERNEL LEVEL=INFO CONTENT=generating core.45167,0,1,277.40974912501315,0
TYPE=RAS COMPONENT=KERNEL LEVEL=INFO CONTENT=generating core.17638,0,1,277.40974912501315,0
TYPE=RAS COMPONENT=KERNEL LEVEL=INFO CONTENT=generating core.52833,0,0,278.0268449999994,1
TYPE=RAS COMPONENT=KERNEL LEVEL=INFO CONTENT=generating core.56961,0,0,278.0268449999994,1
TYPE=RAS COMPONENT=KERNEL LEVEL=INFO CONTENT=generating core.43008,0,0,278.0268449999994,1
TYPE=RAS COMPONENT=KERNEL LEVEL=INFO CONTENT=generating core.29025,0,0,278.0268449999994,1
TYPE=RAS COMPONENT=KERNEL LEVEL=INFO CONTENT=generating core.7682,0,1,278.0268449999994,0
TYPE=RAS COMPONENT=KERNEL LEVEL=INFO CONTENT=generating core.14519,0,1,278.0268449999994,0
TYPE=RAS COMPONENT=KERNEL LEVEL=INFO CONTENT=generating core.51421,0,0,278.0268449999994,1
TYPE=RAS COMPONENT=KERNEL LEVEL=INFO CONTENT=generating core.26734,0,0,278.0268449999994,1
TYPE=RAS COMPONENT=KERNEL LEVEL=INFO CONTENT=generating core.39406,0,0,275.36713512506594,1
TYPE=RAS COMPONENT=KERNEL LEVEL=INFO CONTENT=generating core.30886,0,0,275.36713512506594,1
TYPE=RAS COMPONENT=KERNEL LEVEL=INFO CONTENT=generating core.11916,0,1,275.36713512506594,0
TYPE=RAS COMPONENT=KERNEL LEVEL=INFO CONTENT=generating core.25367,0,1,275.36713512506594,0
TYPE=RAS COMPONENT=KERNEL LEVEL=INFO CONTENT=generating core.23150,0,1,275.36713512506594,0
TYPE=RAS COMPONENT=KERNEL LEVEL=INFO CONTENT=generating core.31197,0,1,275.36713512506594,0
TYPE=RAS COMPONENT=KERNEL LEVEL=INFO CONTENT=generating core.29207,0,0,275.36713512506594,1
TYPE=RAS COMPONENT=KERNEL LEVEL=INFO CONTENT=generating core.11244,0,1,275.36713512506594,0
TYPE=RAS COMPONENT=KERNEL LEVEL=INFO CONTENT=generating core.16134,0,0,290.4258489999165,1
TYPE=RAS COMPONENT=KERNEL LEVEL=INFO CONTENT=generating core.14142,0,0,290.4258489999165,1
TYPE=RAS COMPONENT=KERNEL LEVEL=INFO CONTENT=generating core.27997,0,0,290.4258489999165,1
TYPE=RAS COMPONENT=KERNEL LEVEL=INFO CONTENT=generating core.16038,0,0,290.4258489999165,1
TYPE=RAS COMPONENT=KERNEL LEVEL=INFO CONTENT=generating core.7663,0,0,290.4258489999165,1
"TYPE=RAS COMPONENT=KERNEL LEVEL=FATAL CONTENT=rts: kernel terminated for reason 1001rts: bad message header: invalid cpu, type=42315, cpu=105, index=1207960804, total=2691015",1,1,290.4258489999165,1
TYPE=RAS COMPONENT=KERNEL LEVEL=FATAL CONTENT=debug wait enable.................0,0,0,290.4258489999165,1
TYPE=RAS COMPONENT=KERNEL LEVEL=INFO CONTENT=generating core.176,0,0,290.4258489999165,1
TYPE=RAS COMPONENT=KERNEL LEVEL=INFO CONTENT=8 floating point alignment exceptions,0,0,267.2466168750134,1
TYPE=RAS COMPONENT=KERNEL LEVEL=INFO CONTENT=8 floating point alignment exceptions,0,0,267.2466168750134,1
TYPE=RAS COMPONENT=KERNEL LEVEL=INFO CONTENT=8 floating point alignment exceptions,0,0,267.2466168750134,1
TYPE=RAS COMPONENT=KERNEL LEVEL=INFO CONTENT=8 floating point alignment exceptions,0,0,267.2466168750134,1
TYPE=RAS COMPONENT=KERNEL LEVEL=INFO CONTENT=8 floating point alignment exceptions,0,0,267.2466168750134,1
TYPE=RAS COMPONENT=KERNEL LEVEL=INFO CONTENT=8 floating point alignment exceptions,0,0,267.2466168750134,1
TYPE=RAS COMPONENT=KERNEL LEVEL=INFO CONTENT=8 floating point alignment exceptions,0,0,267.2466168750134,1
TYPE=RAS COMPONENT=KERNEL LEVEL=INFO CONTENT=8 floating point alignment exceptions,0,0,267.2466168750134,1
TYPE=RAS COMPONENT=KERNEL LEVEL=INFO CONTENT=8 floating point alignment exceptions,0,0,267.31097662502634,1
TYPE=RAS COMPONENT=KERNEL LEVEL=INFO CONTENT=8 floating point alignment exceptions,0,0,267.31097662502634,1
TYPE=RAS COMPONENT=KERNEL LEVEL=INFO CONTENT=8 floating point alignment exceptions,0,0,267.31097662502634,1
TYPE=RAS COMPONENT=KERNEL LEVEL=INFO CONTENT=8 floating point alignment exceptions,0,0,267.31097662502634,1
TYPE=RAS COMPONENT=KERNEL LEVEL=INFO CONTENT=8 floating point alignment exceptions,0,0,267.31097662502634,1
TYPE=RAS COMPONENT=KERNEL LEVEL=INFO CONTENT=8 floating point alignment exceptions,0,0,267.31097662502634,1
TYPE=RAS COMPONENT=KERNEL LEVEL=INFO CONTENT=8 floating point alignment exceptions,0,0,267.31097662502634,1
TYPE=RAS COMPONENT=KERNEL LEVEL=INFO CONTENT=8 floating point alignment exceptions,0,0,267.31097662502634,1
TYPE=RAS COMPONENT=KERNEL LEVEL=INFO CONTENT=8 floating point alignment exceptions,0,0,267.24774612500823,1
TYPE=RAS COMPONENT=KERNEL LEVEL=INFO CONTENT=8 floating point alignment exceptions,0,0,267.24774612500823,1
TYPE=RAS COMPONENT=KERNEL LEVEL=INFO CONTENT=8 floating point alignment exceptions,0,0,267.24774612500823,1
TYPE=RAS COMPONENT=KERNEL LEVEL=INFO CONTENT=8 floating point alignment exceptions,0,0,267.24774612500823,1
TYPE=RAS COMPONENT=KERNEL LEVEL=INFO CONTENT=8 floating point alignment exceptions,0,0,267.24774612500823,1
TYPE=RAS COMPONENT=KERNEL LEVEL=INFO CONTENT=8 floating point alignment exceptions,0,0,267.24774612500823,1
TYPE=RAS COMPONENT=KERNEL LEVEL=INFO CONTENT=8 floating point alignment exceptions,0,0,267.24774612500823,1
TYPE=RAS COMPONENT=KERNEL LEVEL=INFO CONTENT=8 floating point alignment exceptions,0,0,267.24774612500823,1
TYPE=RAS COMPONENT=KERNEL LEVEL=INFO CONTENT=8 floating point alignment exceptions,0,0,268.0996445000119,1
TYPE=RAS COMPONENT=KERNEL LEVEL=INFO CONTENT=8 floating point alignment exceptions,0,0,268.0996445000119,1
TYPE=RAS COMPONENT=KERNEL LEVEL=INFO CONTENT=8 floating point alignment exceptions,0,0,268.0996445000119,1
TYPE=RAS COMPONENT=KERNEL LEVEL=INFO CONTENT=8 floating point alignment exceptions,0,0,268.0996445000119,1
TYPE=RAS COMPONENT=KERNEL LEVEL=INFO CONTENT=8 floating point alignment exceptions,0,0,268.0996445000119,1
TYPE=RAS COMPONENT=KERNEL LEVEL=INFO CONTENT=8 floating point alignment exceptions,0,0,268.0996445000119,1
TYPE=RAS COMPONENT=KERNEL LEVEL=INFO CONTENT=8 floating point alignment exceptions,0,0,268.0996445000119,1
TYPE=RAS COMPONENT=KERNEL LEVEL=INFO CONTENT=8 floating point alignment exceptions,0,0,268.0996445000119,1
TYPE=RAS COMPONENT=KERNEL LEVEL=INFO CONTENT=8 floating point alignment exceptions,0,0,278.60108599998057,1
TYPE=RAS COMPONENT=KERNEL LEVEL=INFO CONTENT=8 floating point alignment exceptions,0,0,278.60108599998057,1
TYPE=RAS COMPONENT=KERNEL LEVEL=INFO CONTENT=8 floating point alignment exceptions,0,0,278.60108599998057,1
TYPE=RAS COMPONENT=KERNEL LEVEL=INFO CONTENT=8 floating point alignment exceptions,0,0,278.60108599998057,1
TYPE=RAS COMPONENT=KERNEL LEVEL=INFO CONTENT=8 floating point alignment exceptions,0,0,278.60108599998057,1
TYPE=RAS COMPONENT=KERNEL LEVEL=INFO CONTENT=total of 1 ddr error(s) detected and corrected,0,1,278.60108599998057,0
TYPE=RAS COMPONENT=KERNEL LEVEL=INFO CONTENT=generating core.7830,0,0,278.60108599998057,1
TYPE=RAS COMPONENT=KERNEL LEVEL=INFO CONTENT=generating core.1781,0,1,278.60108599998057,0
TYPE=RAS COMPONENT=KERNEL LEVEL=INFO CONTENT=generating core.8977,0,1,277.41620412496104,0
TYPE=RAS COMPONENT=KERNEL LEVEL=INFO CONTENT=generating core.12721,0,1,277.41620412496104,0
TYPE=RAS COMPONENT=KERNEL LEVEL=INFO CONTENT=generating core.15193,0,1,277.41620412496104,0
TYPE=RAS COMPONENT=KERNEL LEVEL=INFO CONTENT=generating core.9136,0,1,277.41620412496104,0
TYPE=RAS COMPONENT=KERNEL LEVEL=INFO CONTENT=generating core.9021,0,0,277.41620412496104,1
TYPE=RAS COMPONENT=KERNEL LEVEL=INFO CONTENT=generating core.5927,0,0,277.41620412496104,1
TYPE=RAS COMPONENT=KERNEL LEVEL=INFO CONTENT=generating core.3455,0,0,277.41620412496104,1
TYPE=RAS COMPONENT=KERNEL LEVEL=INFO CONTENT=generating core.3093,0,1,277.41620412496104,0
TYPE=RAS COMPONENT=KERNEL LEVEL=INFO CONTENT=15 floating point alignment exceptions,0,1,278.18417312505517,0
TYPE=RAS COMPONENT=KERNEL LEVEL=INFO CONTENT=15 floating point alignment exceptions,0,1,278.18417312505517,0
TYPE=RAS COMPONENT=KERNEL LEVEL=INFO CONTENT=15 floating point alignment exceptions,0,1,278.18417312505517,0
TYPE=RAS COMPONENT=KERNEL LEVEL=INFO CONTENT=15 floating point alignment exceptions,0,1,278.18417312505517,0
TYPE=RAS COMPONENT=KERNEL LEVEL=INFO CONTENT=generating core.9315,0,0,278.18417312505517,1
TYPE=RAS COMPONENT=KERNEL LEVEL=INFO CONTENT=generating core.7205,0,0,278.18417312505517,1
TYPE=RAS COMPONENT=KERNEL LEVEL=INFO CONTENT=generating core.2241,0,1,278.18417312505517,0
TYPE=RAS COMPONENT=KERNEL LEVEL=INFO CONTENT=generating core.10607,0,1,278.18417312505517,0
TYPE=RAS COMPONENT=KERNEL LEVEL=INFO CONTENT=generating core.6940,0,0,277.0482786249886,1
TYPE=RAS COMPONENT=KERNEL LEVEL=INFO CONTENT=generating core.14911,0,1,277.0482786249886,0
TYPE=RAS COMPONENT=KERNEL LEVEL=INFO CONTENT=generating core.9713,0,0,277.0482786249886,1
TYPE=RAS COMPONENT=KERNEL LEVEL=INFO CONTENT=generating core.28529,0,0,277.0482786249886,1
TYPE=RAS COMPONENT=KERNEL LEVEL=INFO CONTENT=generating core.18632,0,1,277.0482786249886,0
TYPE=RAS COMPONENT=KERNEL LEVEL=INFO CONTENT=generating core.2505,0,0,277.0482786249886,1
TYPE=RAS COMPONENT=KERNEL LEVEL=INFO CONTENT=generating core.24634,0,1,277.0482786249886,0
TYPE=RAS COMPONENT=KERNEL LEVEL=INFO CONTENT=generating core.31691,0,1,277.0482786249886,0
TYPE=RAS COMPONENT=KERNEL LEVEL=INFO CONTENT=generating core.2767,0,0,280.45429150006385,1
TYPE=RAS COMPONENT=KERNEL LEVEL=INFO CONTENT=generating core.29493,0,0,280.45429150006385,1
TYPE=RAS COMPONENT=KERNEL LEVEL=INFO CONTENT=generating core.23425,0,0,280.45429150006385,1
TYPE=RAS COMPONENT=KERNEL LEVEL=INFO CONTENT=15 floating point alignment exceptions,0,1,280.45429150006385,0
"TYPE=RAS COMPONENT=KERNEL LEVEL=INFO CONTENT=1 ddr errors(s) detected and corrected on rank 0, symbol 20, bit 3",0,1,280.45429150006385,0
TYPE=RAS COMPONENT=KERNEL LEVEL=INFO CONTENT=total of 23 ddr error(s) detected and corrected,0,1,280.45429150006385,0
TYPE=RAS COMPONENT=KERNEL LEVEL=INFO CONTENT=5 floating point alignment exceptions,0,0,280.45429150006385,1
TYPE=RAS COMPONENT=KERNEL LEVEL=INFO CONTENT=5 floating point alignment exceptions,0,0,280.45429150006385,1
TYPE=RAS COMPONENT=KERNEL LEVEL=INFO CONTENT=5 floating point alignment exceptions,0,0,269.3078023750104,1
TYPE=RAS COMPONENT=KERNEL LEVEL=INFO CONTENT=15 floating point alignment exceptions,0,1,269.3078023750104,0
TYPE=RAS COMPONENT=KERNEL LEVEL=INFO CONTENT=15 floating point alignment exceptions,0,1,269.3078023750104,0
TYPE=RAS COMPONENT=KERNEL LEVEL=INFO CONTENT=15 floating point alignment exceptions,0,1,269.3078023750104,0
TYPE=RAS COMPONENT=KERNEL LEVEL=INFO CONTENT=15 floating point alignment exceptions,0,1,269.3078023750104,0
TYPE=RAS COMPONENT=KERNEL LEVEL=INFO CONTENT=15 floating point alignment exceptions,0,1,269.3078023750104,0
TYPE=RAS COMPONENT=KERNEL LEVEL=INFO CONTENT=15 floating point alignment exceptions,0,1,269.3078023750104,0
TYPE=RAS COMPONENT=KERNEL LEVEL=INFO CONTENT=15 floating point alignment exceptions,0,1,269.3078023750104,0
TYPE=RAS COMPONENT=KERNEL LEVEL=INFO CONTENT=15 floating point alignment exceptions,0,1,277.18459275001806,0
TYPE=RAS COMPONENT=KERNEL LEVEL=INFO CONTENT=15 floating point alignment exceptions,0,1,277.18459275001806,0
TYPE=RAS COMPONENT=KERNEL LEVEL=INFO CONTENT=generating core.7818,0,0,277.18459275001806,1
TYPE=RAS COMPONENT=KERNEL LEVEL=INFO CONTENT=generating core.15063,0,1,277.18459275001806,0
TYPE=RAS COMPONENT=KERNEL LEVEL=INFO CONTENT=5 floating point alignment exceptions,0,0,277.18459275001806,1
TYPE=RAS COMPONENT=KERNEL LEVEL=INFO CONTENT=5 floating point alignment exceptions,0,0,277.18459275001806,1
TYPE=RAS COMPONENT=KERNEL LEVEL=INFO CONTENT=5 floating point alignment exceptions,0,0,277.18459275001806,1
TYPE=RAS COMPONENT=KERNEL LEVEL=INFO CONTENT=5 floating point alignment exceptions,0,0,277.18459275001806,1
TYPE=RAS COMPONENT=KERNEL LEVEL=INFO CONTENT=5 floating point alignment exceptions,0,0,267.3438117499245,1
TYPE=RAS COMPONENT=KERNEL LEVEL=INFO CONTENT=5 floating point alignment exceptions,0,0,267.3438117499245,1
TYPE=RAS COMPONENT=KERNEL LEVEL=INFO CONTENT=5 floating point alignment exceptions,0,0,267.3438117499245,1
TYPE=RAS COMPONENT=KERNEL LEVEL=INFO CONTENT=5 floating point alignment exceptions,0,0,267.3438117499245,1
TYPE=RAS COMPONENT=KERNEL LEVEL=INFO CONTENT=5 floating point alignment exceptions,0,0,267.3438117499245,1
TYPE=RAS COMPONENT=KERNEL LEVEL=INFO CONTENT=5 floating point alignment exceptions,0,0,267.3438117499245,1
TYPE=RAS COMPONENT=KERNEL LEVEL=INFO CONTENT=5 floating point alignment exceptions,0,0,267.3438117499245,1
TYPE=RAS COMPONENT=KERNEL LEVEL=INFO CONTENT=5 floating point alignment exceptions,0,0,267.3438117499245,1
TYPE=RAS COMPONENT=KERNEL LEVEL=INFO CONTENT=generating core.2317,0,1,277.1083365000777,0
TYPE=RAS COMPONENT=KERNEL LEVEL=INFO CONTENT=generating core.12630,0,1,277.1083365000777,0
TYPE=RAS COMPONENT=KERNEL LEVEL=INFO CONTENT=generating core.11357,0,1,277.1083365000777,0
TYPE=RAS COMPONENT=KERNEL LEVEL=INFO CONTENT=generating core.14250,0,1,277.1083365000777,0
TYPE=RAS COMPONENT=KERNEL LEVEL=INFO CONTENT=generating core.10514,0,1,277.1083365000777,0
TYPE=RAS COMPONENT=KERNEL LEVEL=INFO CONTENT=5 floating point alignment exceptions,0,0,277.1083365000777,1
TYPE=RAS COMPONENT=KERNEL LEVEL=INFO CONTENT=generating core.4781,0,1,277.1083365000777,0
TYPE=RAS COMPONENT=KERNEL LEVEL=INFO CONTENT=5 floating point alignment exceptions,0,0,277.1083365000777,1
TYPE=RAS COMPONENT=KERNEL LEVEL=INFO CONTENT=5 floating point alignment exceptions,0,0,269.25481987495914,1
TYPE=RAS COMPONENT=KERNEL LEVEL=INFO CONTENT=5 floating point alignment exceptions,0,0,269.25481987495914,1
TYPE=RAS COMPONENT=KERNEL LEVEL=INFO CONTENT=5 floating point alignment exceptions,0,0,269.25481987495914,1
TYPE=RAS COMPONENT=KERNEL LEVEL=INFO CONTENT=5 floating point alignment exceptions,0,0,269.25481987495914,1
TYPE=RAS COMPONENT=KERNEL LEVEL=INFO CONTENT=5 floating point alignment exceptions,0,0,269.25481987495914,1
TYPE=RAS COMPONENT=KERNEL LEVEL=INFO CONTENT=685 floating point alignment exceptions,0,0,269.25481987495914,1
TYPE=RAS COMPONENT=KERNEL LEVEL=INFO CONTENT=685 floating point alignment exceptions,0,0,269.25481987495914,1
TYPE=RAS COMPONENT=KERNEL LEVEL=INFO CONTENT=685 floating point alignment exceptions,0,0,269.25481987495914,1
TYPE=RAS COMPONENT=KERNEL LEVEL=INFO CONTENT=685 floating point alignment exceptions,0,0,280.9130155000048,1
TYPE=RAS COMPONENT=KERNEL LEVEL=INFO CONTENT=1005 floating point alignment exceptions,0,1,280.9130155000048,0
TYPE=RAS COMPONENT=KERNEL LEVEL=INFO CONTENT=1005 floating point alignment exceptions,0,1,280.9130155000048,0
TYPE=RAS COMPONENT=KERNEL LEVEL=INFO CONTENT=1005 floating point alignment exceptions,0,1,280.9130155000048,0
TYPE=RAS COMPONENT=KERNEL LEVEL=INFO CONTENT=1005 floating point alignment exceptions,0,1,280.9130155000048,0
TYPE=RAS COMPONENT=KERNEL LEVEL=INFO CONTENT=1005 floating point alignment exceptions,0,1,280.9130155000048,0
"TYPE=RAS COMPONENT=KERNEL LEVEL=INFO CONTENT=CE sym 25, at 0x155e28e0, mask 0x08",0,0,280.9130155000048,1
TYPE=RAS COMPONENT=KERNEL LEVEL=INFO CONTENT=generating core.16019,0,1,280.9130155000048,0
TYPE=RAS COMPONENT=KERNEL LEVEL=INFO CONTENT=generating core.45168,0,1,278.0785404999051,0
TYPE=RAS COMPONENT=KERNEL LEVEL=INFO CONTENT=generating core.33115,0,1,278.0785404999051,0
TYPE=RAS COMPONENT=KERNEL LEVEL=INFO CONTENT=generating core.4535,0,0,278.0785404999051,1
TYPE=RAS COMPONENT=KERNEL LEVEL=INFO CONTENT=generating core.53271,0,0,278.0785404999051,1
TYPE=RAS COMPONENT=KERNEL LEVEL=INFO CONTENT=generating core.31056,0,0,278.0785404999051,1
TYPE=RAS COMPONENT=KERNEL LEVEL=INFO CONTENT=generating core.62637,0,1,278.0785404999051,0
TYPE=RAS COMPONENT=KERNEL LEVEL=INFO CONTENT=generating core.15977,0,1,278.0785404999051,0
TYPE=RAS COMPONENT=KERNEL LEVEL=INFO CONTENT=generating core.37807,0,0,278.0785404999051,1
TYPE=RAS COMPONENT=KERNEL LEVEL=INFO CONTENT=generating core.38022,0,1,278.4893565000175,0
TYPE=RAS COMPONENT=KERNEL LEVEL=INFO CONTENT=generating core.2704,0,0,278.4893565000175,1
TYPE=RAS COMPONENT=KERNEL LEVEL=INFO CONTENT=generating core.50,0,0,278.4893565000175,1
TYPE=RAS COMPONENT=KERNEL LEVEL=INFO CONTENT=generating core.4012,0,1,278.4893565000175,0
TYPE=RAS COMPONENT=KERNEL LEVEL=INFO CONTENT=generating core.2917,0,1,278.4893565000175,0
TYPE=RAS COMPONENT=KERNEL LEVEL=INFO CONTENT=generating core.114,0,1,278.4893565000175,0
TYPE=RAS COMPONENT=KERNEL LEVEL=INFO CONTENT=generating core.248,0,0,278.4893565000175,1
TYPE=RAS COMPONENT=KERNEL LEVEL=INFO CONTENT=generating core.118,0,1,278.4893565000175,0
TYPE=RAS COMPONENT=KERNEL LEVEL=INFO CONTENT=generating core.469,0,1,278.473348874968,0
TYPE=RAS COMPONENT=KERNEL LEVEL=INFO CONTENT=generating core.64538,0,1,278.473348874968,0
TYPE=RAS COMPONENT=KERNEL LEVEL=INFO CONTENT=generating core.37690,0,0,278.473348874968,1
TYPE=RAS COMPONENT=KERNEL LEVEL=INFO CONTENT=generating core.42905,0,1,278.473348874968,0
TYPE=RAS COMPONENT=KERNEL LEVEL=INFO CONTENT=generating core.55515,0,0,278.473348874968,1
TYPE=RAS COMPONENT=KERNEL LEVEL=INFO CONTENT=generating core.46655,0,1,278.473348874968,0
TYPE=RAS COMPONENT=KERNEL LEVEL=INFO CONTENT=generating core.38843,0,0,278.473348874968,1
TYPE=RAS COMPONENT=KERNEL LEVEL=INFO CONTENT=generating core.3098,0,1,278.473348874968,0
TYPE=RAS COMPONENT=KERNEL LEVEL=INFO CONTENT=generating core.45245,0,0,278.05729299996074,1
TYPE=RAS COMPONENT=KERNEL LEVEL=INFO CONTENT=generating core.34256,0,1,278.05729299996074,0
TYPE=RAS COMPONENT=KERNEL LEVEL=INFO CONTENT=generating core.29755,0,0,278.05729299996074,1
TYPE=RAS COMPONENT=KERNEL LEVEL=INFO CONTENT=generating core.50579,0,0,278.05729299996074,1
TYPE=RAS COMPONENT=KERNEL LEVEL=INFO CONTENT=generating core.9997,0,1,278.05729299996074,0
TYPE=RAS COMPONENT=KERNEL LEVEL=INFO CONTENT=generating core.64072,0,1,278.05729299996074,0
TYPE=RAS COMPONENT=KERNEL LEVEL=INFO CONTENT=generating core.25229,0,0,278.05729299996074,1
TYPE=RAS COMPONENT=KERNEL LEVEL=INFO CONTENT=generating core.45674,0,0,278.05729299996074,1
TYPE=RAS COMPONENT=KERNEL LEVEL=INFO CONTENT=generating core.36904,0,0,277.1992176250251,1
TYPE=RAS COMPONENT=KERNEL LEVEL=INFO CONTENT=generating core.59976,0,0,277.1992176250251,1
TYPE=RAS COMPONENT=KERNEL LEVEL=INFO CONTENT=generating core.59977,0,0,277.1992176250251,1
TYPE=RAS COMPONENT=KERNEL LEVEL=INFO CONTENT=generating core.9958,0,1,277.1992176250251,0
TYPE=RAS COMPONENT=KERNEL LEVEL=INFO CONTENT=generating core.19592,0,1,277.1992176250251,0
TYPE=RAS COMPONENT=KERNEL LEVEL=INFO CONTENT=generating core.50086,0,0,277.1992176250251,1
TYPE=RAS COMPONENT=KERNEL LEVEL=INFO CONTENT=generating core.22469,0,1,277.1992176250251,0
TYPE=RAS COMPONENT=KERNEL LEVEL=INFO CONTENT=generating core.63787,0,1,277.1992176250251,0
TYPE=RAS COMPONENT=KERNEL LEVEL=INFO CONTENT=generating core.18084,0,0,292.12301662505524,1
TYPE=RAS COMPONENT=KERNEL LEVEL=INFO CONTENT=generating core.23873,0,0,292.12301662505524,1
TYPE=RAS COMPONENT=KERNEL LEVEL=INFO CONTENT=generating core.2105,0,0,292.12301662505524,1
TYPE=RAS COMPONENT=KERNEL LEVEL=INFO CONTENT=generating core.306,0,0,292.12301662505524,1
TYPE=RAS COMPONENT=KERNEL LEVEL=INFO CONTENT=generating core.11346,0,0,292.12301662505524,1
TYPE=RAS COMPONENT=KERNEL LEVEL=INFO CONTENT=generating core.6161,0,0,292.12301662505524,1
"TYPE=RAS COMPONENT=KERNEL LEVEL=INFO CONTENT=1 ddr errors(s) detected and corrected on rank 0, symbol 11, bit 6",0,1,292.12301662505524,0
TYPE=NULL COMPONENT=DISCOVERY LEVEL=INFO CONTENT=New ido chip inserted into the database: FF:F2:9F:15:1F:72:00:0D:60:EA:E0:8D ip=10.7.0.13 v=9 t=2,0,0,292.12301662505524,1
TYPE=NULL COMPONENT=DISCOVERY LEVEL=INFO CONTENT=New ido chip inserted into the database: FF:F2:9F:16:BF:6C:00:0D:60:E9:40:93 ip=10.5.0.46 v=13 t=4,0,0,305.0548035000702,1
TYPE=NULL COMPONENT=HARDWARE LEVEL=SEVERE CONTENT=NodeCard is not fully functional,0,0,305.0548035000702,1
"TYPE=NULL COMPONENT=DISCOVERY LEVEL=ERROR CONTENT=Node card status: ALERT 0, ALERT 1, ALERT 2, ALERT 3 is (are) active. Clock Mode is Low. Clock Select is Midplane. Phy JTAG Reset is asserted. ASIC JTAG Reset is not asserted. Temperature Mask is not active. No temperature error. Temperature Limit Error Latch is clear. PGOOD is asserted. PGOOD error latch is clear. MPGOOD is OK. MPGOOD error latch is clear. The 2.5 volt rail is OK. The 1.5 volt rail is OK.",0,0,305.0548035000702,1
"TYPE=NULL COMPONENT=DISCOVERY LEVEL=INFO CONTENT=Node card VPD check: U11 node in processor card slot J16 do not match. VPD ecid 04DF80A7942FFFFF0C081AE08CD2, found 0000000000000000000000000000",0,0,305.0548035000702,1
TYPE=NULL COMPONENT=DISCOVERY LEVEL=SEVERE CONTENT=Can not get assembly information for node card,0,0,305.0548035000702,1
TYPE=NULL COMPONENT=DISCOVERY LEVEL=INFO CONTENT=New ido chip inserted into the database: FF:F2:9F:16:C4:C2:00:0D:60:E9:3B:3D ip=10.2.1.37 v=13 t=4,0,1,305.0548035000702,0
TYPE=NULL COMPONENT=DISCOVERY LEVEL=SEVERE CONTENT=Can not get assembly information for node card,0,0,305.0548035000702,1
"TYPE=RAS COMPONENT=MMCS LEVEL=ERROR CONTENT=idoproxydb hit ASSERT condition: ASSERT expression=0 Source file=idotransportmgr.cpp Source line=1043 Function=int IdoTransportMgr::SendPacket(IdoUdpMgr*, BglCtlPavTrace*)",0,0,305.0548035000702,1
"TYPE=RAS COMPONENT=MMCS LEVEL=ERROR CONTENT=idoproxydb hit ASSERT condition: ASSERT expression=0 Source file=idotransportmgr.cpp Source line=1043 Function=int IdoTransportMgr::SendPacket(IdoUdpMgr*, BglCtlPavTrace*)",0,0,284.1870241250035,1
"TYPE=RAS COMPONENT=MMCS LEVEL=ERROR CONTENT=idoproxydb hit ASSERT condition: ASSERT expression=0 Source file=idotransportmgr.cpp Source line=1043 Function=int IdoTransportMgr::SendPacket(IdoUdpMgr*, BglCtlPavTrace*)",0,0,284.1870241250035,1
"TYPE=RAS COMPONENT=MMCS LEVEL=ERROR CONTENT=idoproxydb hit ASSERT condition: ASSERT expression=0 Source file=idotransportmgr.cpp Source line=1043 Function=int IdoTransportMgr::SendPacket(IdoUdpMgr*, BglCtlPavTrace*)",0,0,284.1870241250035,1
"TYPE=RAS COMPONENT=MMCS LEVEL=ERROR CONTENT=idoproxydb hit ASSERT condition: ASSERT expression=0 Source file=idotransportmgr.cpp Source line=1043 Function=int IdoTransportMgr::SendPacket(IdoUdpMgr*, BglCtlPavTrace*)",0,0,284.1870241250035,1
"TYPE=RAS COMPONENT=MMCS LEVEL=ERROR CONTENT=idoproxydb hit ASSERT condition: ASSERT expression=0 Source file=idotransportmgr.cpp Source line=1043 Function=int IdoTransportMgr::SendPacket(IdoUdpMgr*, BglCtlPavTrace*)",0,0,284.1870241250035,1
"TYPE=RAS COMPONENT=MMCS LEVEL=ERROR CONTENT=idoproxydb hit ASSERT condition: ASSERT expression=0 Source file=idotransportmgr.cpp Source line=1043 Function=int IdoTransportMgr::SendPacket(IdoUdpMgr*, BglCtlPavTrace*)",0,0,284.1870241250035,1
"TYPE=RAS COMPONENT=MMCS LEVEL=ERROR CONTENT=idoproxydb hit ASSERT condition: ASSERT expression=0 Source file=idotransportmgr.cpp Source line=1043 Function=int IdoTransportMgr::SendPacket(IdoUdpMgr*, BglCtlPavTrace*)",0,0,284.1870241250035,1
"TYPE=RAS COMPONENT=MMCS LEVEL=ERROR CONTENT=idoproxydb hit ASSERT condition: ASSERT expression=0 Source file=idotransportmgr.cpp Source line=1043 Function=int IdoTransportMgr::SendPacket(IdoUdpMgr*, BglCtlPavTrace*)",0,0,284.1870241250035,1
TYPE=NULL COMPONENT=DISCOVERY LEVEL=ERROR CONTENT=Node card status: no ALERTs are active. Clock Mode is Low. Clock Select is Midplane. Phy JTAG Reset is asserted. ASIC JTAG Reset is asserted. Temperature Mask is not active. No temperature error. Temperature Limit Error Latch is clear. PGOOD IS NOT ASSERTED. PGOOD ERROR LATCH IS ACTIVE. MPGOOD IS NOT OK. MPGOOD ERROR LATCH IS ACTIVE. The 2.5 volt rail is OK. The 1.5 volt rail is OK.,0,1,317.02389912504714,0
"TYPE=NULL COMPONENT=DISCOVERY LEVEL=INFO CONTENT=Node card VPD check: U01 node in processor card slot J14 do not match. VPD ecid 074C04C10F7BFFFF08051AE08ED2, found 04C180A5D12FFFFF05081BD088E2",0,0,317.02389912504714,1
TYPE=NULL COMPONENT=DISCOVERY LEVEL=WARNING CONTENT=Node card is not fully functional,0,0,317.02389912504714,1
TYPE=NULL COMPONENT=DISCOVERY LEVEL=ERROR CONTENT=Node card status: no ALERTs are active. Clock Mode is Low. Clock Select is Midplane. Phy JTAG Reset is asserted. ASIC JTAG Reset is asserted. Temperature Mask is not active. No temperature error. Temperature Limit Error Latch is clear. PGOOD IS NOT ASSERTED. PGOOD ERROR LATCH IS ACTIVE. MPGOOD IS NOT OK. MPGOOD ERROR LATCH IS ACTIVE. The 2.5 volt rail is OK. The 1.5 volt rail is OK.,0,1,317.02389912504714,0
TYPE=NULL COMPONENT=DISCOVERY LEVEL=INFO CONTENT=Ido chip status changed: FF:F2:9F:16:EB:27:00:0D:60:E9:14:D8 ip=10.0.2.192 v=13 t=4 status=M Thu Aug 04 15:29:45 PDT 2005,0,0,317.02389912504714,1
TYPE=NULL COMPONENT=DISCOVERY LEVEL=INFO CONTENT=Ido chip status changed: FF:F2:9F:15:7E:6E:00:0D:60:EA:81:91 ip=10.0.1.155 v=13 t=1 status=M Thu Aug 04 15:31:25 PDT 2005,0,0,317.02389912504714,1
"TYPE=RAS COMPONENT=KERNEL LEVEL=INFO CONTENT=CE sym 27, at 0x11b3f3c0, mask 0x10",0,0,317.02389912504714,1
"TYPE=NULL COMPONENT=HARDWARE LEVEL=WARNING CONTENT=PrepareForService shutting down NodeCard(mLctn(R25-M1-N2), mCardSernum(203231503833343000000000594c31304b34333431303158), mLp(FF:F2:9F:16:CF:0F:00:0D:60:E9:30:F0), mIp(10.2.2.80), mType(4)) as part of Service Action 310",0,0,317.02389912504714,1
TYPE=NULL COMPONENT=DISCOVERY LEVEL=INFO CONTENT=Ido chip status changed: FF:F2:9F:16:DC:81:00:0D:60:E9:23:7E ip=10.6.1.207 v=13 t=4 status=M Tue Aug 09 10:08:23 PDT 2005,0,0,302.06493975003923,1
TYPE=NULL COMPONENT=DISCOVERY LEVEL=SEVERE CONTENT=Can not get assembly information for node card,0,0,302.06493975003923,1
TYPE=NULL COMPONENT=DISCOVERY LEVEL=SEVERE CONTENT=Can not get assembly information for node card,0,0,302.06493975003923,1
TYPE=NULL COMPONENT=DISCOVERY LEVEL=WARNING CONTENT=Node card is not fully functional,0,0,302.06493975003923,1
TYPE=NULL COMPONENT=DISCOVERY LEVEL=SEVERE CONTENT=Can not get assembly information for node card,0,0,302.06493975003923,1
TYPE=NULL COMPONENT=DISCOVERY LEVEL=WARNING CONTENT=Node card is not fully functional,0,0,302.06493975003923,1
TYPE=NULL COMPONENT=DISCOVERY LEVEL=ERROR CONTENT=Node card status: no ALERTs are active. Clock Mode is Low. Clock Select is Midplane. Phy JTAG Reset is asserted. ASIC JTAG Reset is asserted. Temperature Mask is not active. No temperature error. Temperature Limit Error Latch is clear. PGOOD IS NOT ASSERTED. PGOOD ERROR LATCH IS ACTIVE. MPGOOD IS NOT OK. MPGOOD ERROR LATCH IS ACTIVE. The 2.5 volt rail is OK. The 1.5 volt rail is OK.,0,0,302.06493975003923,1
TYPE=RAS COMPONENT=KERNEL LEVEL=FATAL CONTENT=rts tree/torus link training failed: wanted: B C X+ X- Y+ Y- Z+ Z- got: B C X- Y- Z+ Z-,0,0,302.06493975003923,1
"TYPE=RAS COMPONENT=KERNEL LEVEL=INFO CONTENT=CE sym 18, at 0x0e0272e0, mask 0x10",0,0,286.00709312490835,1
TYPE=RAS COMPONENT=KERNEL LEVEL=INFO CONTENT=1 tree receiver 2 in re-synch state event(s) (dcr 0x019a) detected,0,1,286.00709312490835,0
TYPE=RAS COMPONENT=KERNEL LEVEL=INFO CONTENT=total of 1 ddr error(s) detected and corrected,0,1,286.00709312490835,0
"TYPE=RAS COMPONENT=KERNEL LEVEL=INFO CONTENT=CE sym 8, at 0x0a2ae600, mask 0x10",0,0,286.00709312490835,1
"TYPE=RAS COMPONENT=KERNEL LEVEL=INFO CONTENT=CE sym 28, at 0x0fe65820, mask 0x04",0,0,286.00709312490835,1
"TYPE=RAS COMPONENT=KERNEL LEVEL=INFO CONTENT=CE sym 25, at 0x10e1b8a0, mask 0x10",0,1,286.00709312490835,0
"TYPE=RAS COMPONENT=APP LEVEL=FATAL CONTENT=ciod: Error loading /bgl/apps/scaletest/performance/MINIBEN/mb_243_0810/allreduce.rts: invalid or missing program image, Exec format error",0,1,286.00709312490835,0
"TYPE=RAS COMPONENT=APP LEVEL=FATAL CONTENT=ciod: Error loading /bgl/apps/scaletest/performance/MINIBEN/mb_243_0810/allreduce.rts: invalid or missing program image, Exec format error",0,1,286.00709312490835,0
"TYPE=RAS COMPONENT=APP LEVEL=FATAL CONTENT=ciod: Error loading /bgl/apps/scaletest/performance/MINIBEN/mb_243_0810/allreduce.rts: invalid or missing program image, Exec format error",0,1,284.77755200003685,0
"TYPE=RAS COMPONENT=APP LEVEL=FATAL CONTENT=ciod: Error loading /bgl/apps/scaletest/performance/MINIBEN/mb_243_0810/allreduce.rts: invalid or missing program image, Exec format error",0,1,284.77755200003685,0
"TYPE=RAS COMPONENT=APP LEVEL=FATAL CONTENT=ciod: Error loading /bgl/apps/scaletest/performance/MINIBEN/mb_243_0810/allreduce.rts: invalid or missing program image, Exec format error",0,1,284.77755200003685,0
"TYPE=RAS COMPONENT=APP LEVEL=FATAL CONTENT=ciod: Error loading /bgl/apps/scaletest/performance/MINIBEN/mb_243_0810/allreduce.rts: invalid or missing program image, Exec format error",0,1,284.77755200003685,0
"TYPE=RAS COMPONENT=APP LEVEL=FATAL CONTENT=ciod: Error loading /bgl/apps/scaletest/performance/MINIBEN/mb_243_0810/allreduce.rts: invalid or missing program image, Exec format error",0,1,284.77755200003685,0
"TYPE=RAS COMPONENT=APP LEVEL=FATAL CONTENT=ciod: Error loading /bgl/apps/scaletest/performance/MINIBEN/mb_243_0810/allreduce.rts: invalid or missing program image, Exec format error",0,1,284.77755200003685,0
"TYPE=RAS COMPONENT=APP LEVEL=FATAL CONTENT=ciod: Error loading /bgl/apps/scaletest/performance/MINIBEN/mb_243_0810/allreduce.rts: invalid or missing program image, Exec format error",0,1,284.77755200003685,0
"TYPE=RAS COMPONENT=APP LEVEL=FATAL CONTENT=ciod: Error loading /bgl/apps/scaletest/performance/MINIBEN/mb_243_0810/allreduce.rts: invalid or missing program image, Exec format error",0,1,284.77755200003685,0
"TYPE=RAS COMPONENT=APP LEVEL=FATAL CONTENT=ciod: Error loading /bgl/apps/scaletest/performance/MINIBEN/mb_243_0810/allreduce.rts: invalid or missing program image, Exec format error",0,1,286.8971640000382,0
"TYPE=RAS COMPONENT=APP LEVEL=FATAL CONTENT=ciod: Error loading /bgl/apps/scaletest/performance/MINIBEN/mb_243_0810/allreduce.rts: invalid or missing program image, Exec format error",0,1,286.8971640000382,0
"TYPE=RAS COMPONENT=APP LEVEL=FATAL CONTENT=ciod: Error loading /bgl/apps/scaletest/performance/MINIBEN/mb_243_0810/allreduce.rts: invalid or missing program image, Exec format error",0,1,286.8971640000382,0
"TYPE=RAS COMPONENT=APP LEVEL=FATAL CONTENT=ciod: Error loading /bgl/apps/scaletest/performance/MINIBEN/mb_243_0810/allreduce.rts: invalid or missing program image, Exec format error",0,1,286.8971640000382,0
"TYPE=RAS COMPONENT=APP LEVEL=FATAL CONTENT=ciod: Error loading /bgl/apps/scaletest/performance/MINIBEN/mb_243_0810/allreduce.rts: invalid or missing program image, Exec format error",0,1,286.8971640000382,0
TYPE=RAS COMPONENT=APP LEVEL=FATAL CONTENT=ciod: LOGIN chdir(pwd) failed: No such file or directory,0,0,286.8971640000382,1
TYPE=RAS COMPONENT=APP LEVEL=FATAL CONTENT=ciod: LOGIN chdir(pwd) failed: No such file or directory,0,0,286.8971640000382,1
"TYPE=RAS COMPONENT=APP LEVEL=FATAL CONTENT=ciod: Error loading /bgl/apps/scaletest/stability/MDCASK/WORK/65576/inferno: invalid or missing program image, No such file or directory",0,0,286.8971640000382,1
TYPE=RAS COMPONENT=APP LEVEL=FATAL CONTENT=ciod: Error reading message prefix after LOAD_MESSAGE on CioStream socket to 172.16.96.116:42213: Link has been severed,1,0,285.2949186249134,0
TYPE=RAS COMPONENT=KERNEL LEVEL=INFO CONTENT=ciod: Missing or invalid fields on line 1 of node map file /home/auselton/bgl/mapfiles/bgl.128mps.f64.map,0,0,285.2949186249134,1
TYPE=RAS COMPONENT=KERNEL LEVEL=FATAL CONTENT=rts: kernel terminated for reason 1003,1,1,285.2949186249134,1
TYPE=RAS COMPONENT=KERNEL LEVEL=FATAL CONTENT=rts: kernel terminated for reason 1004,1,1,285.2949186249134,1
"TYPE=RAS COMPONENT=KERNEL LEVEL=INFO CONTENT=CE sym 22, at 0x009c14e0, mask 0x20",0,0,285.2949186249134,1
TYPE=RAS COMPONENT=KERNEL LEVEL=INFO CONTENT=total of 1 ddr error(s) detected and corrected,0,1,285.2949186249134,0
TYPE=RAS COMPONENT=APP LEVEL=FATAL CONTENT=ciod: LOGIN chdir(/p/bg1/da) failed: No such file or directory,0,1,285.2949186249134,0
TYPE=RAS COMPONENT=KERNEL LEVEL=INFO CONTENT=ciod: generated 64 core files for program /bgl/apps/swl-prep/ibm-swl/functional/sppm_chkpt/run/sppm,0,0,285.2949186249134,1
TYPE=RAS COMPONENT=KERNEL LEVEL=INFO CONTENT=ciod: generated 64 core files for program /bgl/apps/swl-prep/ibm-swl/functional/sppm_chkpt/run/sppm,0,0,284.0317202500273,1
TYPE=RAS COMPONENT=KERNEL LEVEL=INFO CONTENT=ciod: generated 64 core files for program /bgl/apps/swl-prep/ibm-swl/functional/sppm_chkpt/run/sppm,0,0,284.0317202500273,1
"TYPE=RAS COMPONENT=KERNEL LEVEL=INFO CONTENT=1 ddr errors(s) detected and corrected on rank 0, symbol 10, bit 0",0,0,284.0317202500273,1
TYPE=RAS COMPONENT=KERNEL LEVEL=INFO CONTENT=ciod: generated 1 core files for program /bgl/apps/swl-prep/ibm-swl/functional/sppm_chkpt/run/sppm,0,0,284.0317202500273,1
TYPE=RAS COMPONENT=KERNEL LEVEL=INFO CONTENT=ciod: generated 64 core files for program /bgl/apps/swl-prep/ibm-swl/functional/sppm_chkpt/run/sppm,0,0,284.0317202500273,1
"TYPE=RAS COMPONENT=KERNEL LEVEL=INFO CONTENT=CE sym 3, at 0x0b19b8a0, mask 0x08",0,0,284.0317202500273,1
"TYPE=RAS COMPONENT=KERNEL LEVEL=INFO CONTENT=CE sym 20, at 0x180462c0, mask 0x02",0,0,284.0317202500273,1
TYPE=RAS COMPONENT=APP LEVEL=FATAL CONTENT=ciod: LOGIN chdir(/home/germann2/SPaSM_static) failed: No such file or directory,0,0,284.0317202500273,1
TYPE=RAS COMPONENT=KERNEL LEVEL=INFO CONTENT=ciod: generated 128 core files for program /home/germann2/BGL-demo/SPaSM_mpi,0,1,281.4903215000868,0
TYPE=RAS COMPONENT=KERNEL LEVEL=INFO CONTENT=ciod: generated 128 core files for program /home/germann2/BGL-demo/SPaSM_mpi,0,1,281.4903215000868,0
TYPE=RAS COMPONENT=KERNEL LEVEL=INFO CONTENT=ciod: generated 128 core files for program /home/germann2/BGL-demo/SPaSM_mpi,0,1,281.4903215000868,0
TYPE=RAS COMPONENT=KERNEL LEVEL=INFO CONTENT=ciod: generated 128 core files for program /home/germann2/BGL-demo/SPaSM_mpi,0,1,281.4903215000868,0
TYPE=RAS COMPONENT=KERNEL LEVEL=INFO CONTENT=ciod: generated 128 core files for program /home/germann2/BGL-demo/SPaSM_mpi,0,1,281.4903215000868,0
TYPE=RAS COMPONENT=KERNEL LEVEL=INFO CONTENT=ciod: generated 128 core files for program /home/germann2/BGL-demo/SPaSM_mpi,0,1,281.4903215000868,0
TYPE=RAS COMPONENT=APP LEVEL=FATAL CONTENT=ciod: LOGIN chdir(/home/germann2/BGL-demo) failed: No such file or directory,0,0,281.4903215000868,1
TYPE=RAS COMPONENT=KERNEL LEVEL=INFO CONTENT=ciod: generated 128 core files for program /home/germann2/BGL-demo/SPaSM_mpi,0,1,281.4903215000868,0
TYPE=RAS COMPONENT=KERNEL LEVEL=INFO CONTENT=ciod: generated 128 core files for program /home/germann2/BGL-demo/SPaSM_mpi,0,1,283.0843922499753,0
TYPE=RAS COMPONENT=KERNEL LEVEL=INFO CONTENT=total of 1 ddr error(s) detected and corrected,0,1,283.0843922499753,0
TYPE=RAS COMPONENT=KERNEL LEVEL=INFO CONTENT=iar 003a90fc dear 00b360e8,0,0,283.0843922499753,1
TYPE=RAS COMPONENT=KERNEL LEVEL=INFO CONTENT=iar 003a90dc dear 00b35148,0,1,283.0843922499753,0
TYPE=RAS COMPONENT=KERNEL LEVEL=INFO CONTENT=iar 003a90fc dear 00b35db8,0,0,283.0843922499753,1
TYPE=RAS COMPONENT=KERNEL LEVEL=INFO CONTENT=iar 003a9108 dear 00c07348,0,0,283.0843922499753,1
TYPE=RAS COMPONENT=KERNEL LEVEL=INFO CONTENT=2201500 double-hummer alignment exceptions,0,0,283.0843922499753,1
TYPE=RAS COMPONENT=KERNEL LEVEL=INFO CONTENT=2201500 double-hummer alignment exceptions,0,0,283.0843922499753,1
TYPE=RAS COMPONENT=KERNEL LEVEL=INFO CONTENT=iar 003a9294 dear 00c06c48,0,0,281.20606912500534,1
TYPE=RAS COMPONENT=KERNEL LEVEL=INFO CONTENT=iar 003a92a0 dear 00b36898,0,0,281.20606912500534,1
TYPE=RAS COMPONENT=KERNEL LEVEL=INFO CONTENT=1547520 double-hummer alignment exceptions,0,1,281.20606912500534,0
TYPE=RAS COMPONENT=KERNEL LEVEL=INFO CONTENT=iar 003a9260 dear 00efe838,0,0,281.20606912500534,1
TYPE=RAS COMPONENT=KERNEL LEVEL=INFO CONTENT=iar 003a9260 dear 00efcbc8,0,0,281.20606912500534,1
TYPE=RAS COMPONENT=KERNEL LEVEL=INFO CONTENT=iar 003a929c dear 00efc768,0,0,281.20606912500534,1
TYPE=RAS COMPONENT=KERNEL LEVEL=INFO CONTENT=iar 003a929c dear 00efd448,0,0,281.20606912500534,1
TYPE=RAS COMPONENT=KERNEL LEVEL=INFO CONTENT=iar 003a92a0 dear 00efd358,0,0,281.20606912500534,1
TYPE=RAS COMPONENT=KERNEL LEVEL=INFO CONTENT=iar 003a92a0 dear 00fcc6b8,0,0,280.3340892500046,1
TYPE=RAS COMPONENT=KERNEL LEVEL=INFO CONTENT=iar 003a92a0 dear 00efd518,0,0,280.3340892500046,1
TYPE=RAS COMPONENT=KERNEL LEVEL=INFO CONTENT=iar 003a9254 dear 00f05688,0,0,280.3340892500046,1
TYPE=RAS COMPONENT=KERNEL LEVEL=INFO CONTENT=iar 003a9254 dear 00f07a88,0,0,280.3340892500046,1
TYPE=RAS COMPONENT=KERNEL LEVEL=INFO CONTENT=3095040 double-hummer alignment exceptions,0,0,280.3340892500046,1
TYPE=RAS COMPONENT=KERNEL LEVEL=INFO CONTENT=iar 003a9260 dear 012924f8,0,0,280.3340892500046,1
TYPE=RAS COMPONENT=KERNEL LEVEL=INFO CONTENT=iar 003a9260 dear 0128f2f8,0,0,280.3340892500046,1
TYPE=RAS COMPONENT=KERNEL LEVEL=INFO CONTENT=iar 003a9260 dear 0128fc88,0,0,280.3340892500046,1
TYPE=RAS COMPONENT=KERNEL LEVEL=INFO CONTENT=iar 003a9260 dear 01290878,0,0,280.21738662494045,1
TYPE=RAS COMPONENT=KERNEL LEVEL=INFO CONTENT=773760 double-hummer alignment exceptions,0,0,280.21738662494045,1
TYPE=RAS COMPONENT=KERNEL LEVEL=INFO CONTENT=iar 003a929c dear 01291228,0,0,280.21738662494045,1
TYPE=RAS COMPONENT=KERNEL LEVEL=INFO CONTENT=iar 003a929c dear 01291708,0,0,280.21738662494045,1
TYPE=RAS COMPONENT=KERNEL LEVEL=INFO CONTENT=iar 003a92a0 dear 013611f8,0,0,280.21738662494045,1
TYPE=RAS COMPONENT=KERNEL LEVEL=INFO CONTENT=iar 003a92a0 dear 012902f8,0,0,280.21738662494045,1
TYPE=RAS COMPONENT=KERNEL LEVEL=INFO CONTENT=iar 003a9260 dear 00ef83b8,0,0,280.21738662494045,1
TYPE=RAS COMPONENT=KERNEL LEVEL=INFO CONTENT=iar 003a9254 dear 01299f08,0,0,280.21738662494045,1
TYPE=RAS COMPONENT=KERNEL LEVEL=INFO CONTENT=iar 003a9260 dear 00ef6c38,0,0,281.42673500008186,1
TYPE=RAS COMPONENT=KERNEL LEVEL=INFO CONTENT=iar 003a9258 dear 0136bd38,0,0,281.42673500008186,1
TYPE=RAS COMPONENT=KERNEL LEVEL=INFO CONTENT=1524480 double-hummer alignment exceptions,0,1,281.42673500008186,0
TYPE=RAS COMPONENT=KERNEL LEVEL=INFO CONTENT=1524480 double-hummer alignment exceptions,0,1,281.42673500008186,0
TYPE=RAS COMPONENT=KERNEL LEVEL=INFO CONTENT=1524480 double-hummer alignment exceptions,0,1,281.42673500008186,0
TYPE=RAS COMPONENT=KERNEL LEVEL=INFO CONTENT=iar 003a9260 dear 012979b8,0,0,281.42673500008186,1
TYPE=RAS COMPONENT=KERNEL LEVEL=INFO CONTENT=iar 003a9260 dear 0129a9a8,0,0,281.42673500008186,1
TYPE=RAS COMPONENT=KERNEL LEVEL=INFO CONTENT=iar 003a9260 dear 01299e48,0,0,281.42673500008186,1
TYPE=RAS COMPONENT=KERNEL LEVEL=INFO CONTENT=iar 003a929c dear 0136b2d8,0,0,280.54365825005334,1
TYPE=RAS COMPONENT=KERNEL LEVEL=INFO CONTENT=iar 003a9260 dear 00e24bd8,0,0,280.54365825005334,1
TYPE=RAS COMPONENT=KERNEL LEVEL=INFO CONTENT=iar 003a9260 dear 00f2a468,0,0,280.54365825005334,1
TYPE=RAS COMPONENT=KERNEL LEVEL=INFO CONTENT=iar 003a92a0 dear 0129a488,0,0,280.54365825005334,1
TYPE=RAS COMPONENT=KERNEL LEVEL=INFO CONTENT=iar 003a9260 dear 00f29b68,0,0,280.54365825005334,1
TYPE=RAS COMPONENT=KERNEL LEVEL=INFO CONTENT=iar 003a926c dear 00f2b078,0,0,280.54365825005334,1
"TYPE=RAS COMPONENT=KERNEL LEVEL=INFO CONTENT=CE sym 0, at 0x12af93a0, mask 0x08",0,0,280.54365825005334,1
"TYPE=RAS COMPONENT=KERNEL LEVEL=INFO CONTENT=1 ddr errors(s) detected and corrected on rank 0, symbol 28, bit 3",0,1,280.54365825005334,0
"TYPE=RAS COMPONENT=KERNEL LEVEL=INFO CONTENT=CE sym 23, at 0x03f89c00, mask 0x10",0,0,302.1355026249921,1
TYPE=NULL COMPONENT=DISCOVERY LEVEL=ERROR CONTENT=Node card status: no ALERTs are active. Clock Mode is Low. Clock Select is Midplane. Phy JTAG Reset is asserted. ASIC JTAG Reset is asserted. Temperature Mask is not active. No temperature error. Temperature Limit Error Latch is clear. PGOOD IS NOT ASSERTED. PGOOD ERROR LATCH IS ACTIVE. MPGOOD IS NOT OK. MPGOOD ERROR LATCH IS ACTIVE. The 2.5 volt rail is OK. The 1.5 volt rail is OK.,0,0,302.1355026249921,1
"TYPE=RAS COMPONENT=KERNEL LEVEL=INFO CONTENT=CE sym 10, at 0x01d7a160, mask 0x10",0,0,302.1355026249921,1
TYPE=RAS COMPONENT=KERNEL LEVEL=INFO CONTENT=156055738 double-hummer alignment exceptions,0,0,302.1355026249921,1
TYPE=RAS COMPONENT=KERNEL LEVEL=INFO CONTENT=147337410 double-hummer alignment exceptions,0,0,302.1355026249921,1
TYPE=RAS COMPONENT=KERNEL LEVEL=INFO CONTENT=139632470 double-hummer alignment exceptions,0,0,302.1355026249921,1
TYPE=RAS COMPONENT=KERNEL LEVEL=INFO CONTENT=155918940 double-hummer alignment exceptions,0,0,302.1355026249921,1
TYPE=RAS COMPONENT=KERNEL LEVEL=INFO CONTENT=iar 00149fc0 dear 00739d98,0,0,302.1355026249921,1
TYPE=RAS COMPONENT=KERNEL LEVEL=INFO CONTENT=iar 0014a150 dear 0072b9f8,0,0,281.35008887488766,1
TYPE=RAS COMPONENT=KERNEL LEVEL=INFO CONTENT=iar 0014a150 dear 00719fc8,0,0,281.35008887488766,1
TYPE=RAS COMPONENT=KERNEL LEVEL=INFO CONTENT=28298332 double-hummer alignment exceptions,0,0,281.35008887488766,1
TYPE=RAS COMPONENT=KERNEL LEVEL=INFO CONTENT=23768676 double-hummer alignment exceptions,0,0,281.35008887488766,1
TYPE=RAS COMPONENT=KERNEL LEVEL=INFO CONTENT=34253552 double-hummer alignment exceptions,0,0,281.35008887488766,1
TYPE=RAS COMPONENT=KERNEL LEVEL=INFO CONTENT=35050330 double-hummer alignment exceptions,0,0,281.35008887488766,1
TYPE=RAS COMPONENT=KERNEL LEVEL=INFO CONTENT=35418742 double-hummer alignment exceptions,0,1,281.35008887488766,0
TYPE=RAS COMPONENT=KERNEL LEVEL=INFO CONTENT=47332148 double-hummer alignment exceptions,0,1,281.35008887488766,0
TYPE=RAS COMPONENT=KERNEL LEVEL=INFO CONTENT=39190074 double-hummer alignment exceptions,0,1,275.89030962496963,0
TYPE=RAS COMPONENT=KERNEL LEVEL=INFO CONTENT=30646810 double-hummer alignment exceptions,0,0,275.89030962496963,1
TYPE=RAS COMPONENT=KERNEL LEVEL=INFO CONTENT=36833864 double-hummer alignment exceptions,0,0,275.89030962496963,1
TYPE=RAS COMPONENT=KERNEL LEVEL=INFO CONTENT=24669022 double-hummer alignment exceptions,0,0,275.89030962496963,1
TYPE=RAS COMPONENT=KERNEL LEVEL=INFO CONTENT=38029258 double-hummer alignment exceptions,0,0,275.89030962496963,1
TYPE=RAS COMPONENT=KERNEL LEVEL=INFO CONTENT=39309752 double-hummer alignment exceptions,0,0,275.89030962496963,1
TYPE=RAS COMPONENT=KERNEL LEVEL=INFO CONTENT=27901852 double-hummer alignment exceptions,0,0,275.89030962496963,1
TYPE=RAS COMPONENT=KERNEL LEVEL=INFO CONTENT=41097026 double-hummer alignment exceptions,0,1,275.89030962496963,0
TYPE=RAS COMPONENT=KERNEL LEVEL=INFO CONTENT=54600944 double-hummer alignment exceptions,0,0,282.24857287500527,1
TYPE=RAS COMPONENT=KERNEL LEVEL=INFO CONTENT=32888202 double-hummer alignment exceptions,0,0,282.24857287500527,1
TYPE=RAS COMPONENT=KERNEL LEVEL=INFO CONTENT=iar 0014a150 dear 0098d458,0,0,282.24857287500527,1
TYPE=RAS COMPONENT=KERNEL LEVEL=INFO CONTENT=iar 0014a150 dear 0098e178,0,0,282.24857287500527,1
TYPE=RAS COMPONENT=KERNEL LEVEL=INFO CONTENT=iar 0014a150 dear 00998588,0,0,282.24857287500527,1
TYPE=RAS COMPONENT=KERNEL LEVEL=INFO CONTENT=iar 0014a150 dear 00991c88,0,0,282.24857287500527,1
TYPE=RAS COMPONENT=KERNEL LEVEL=INFO CONTENT=iar 00149ee0 dear 009a2788,0,0,282.24857287500527,1
TYPE=RAS COMPONENT=KERNEL LEVEL=INFO CONTENT=iar 00149f88 dear 0099be48,0,1,282.24857287500527,0
TYPE=RAS COMPONENT=KERNEL LEVEL=INFO CONTENT=iar 0014a150 dear 00a53af8,0,0,280.2585489999956,1
TYPE=RAS COMPONENT=KERNEL LEVEL=INFO CONTENT=iar 0014a150 dear 009b9288,0,0,280.2585489999956,1
TYPE=RAS COMPONENT=KERNEL LEVEL=INFO CONTENT=iar 0014a150 dear 009a50f8,0,0,280.2585489999956,1
TYPE=RAS COMPONENT=KERNEL LEVEL=INFO CONTENT=iar 0014a150 dear 0098cdc8,0,0,280.2585489999956,1
TYPE=RAS COMPONENT=KERNEL LEVEL=INFO CONTENT=iar 00149ee0 dear 0099e5e8,0,0,280.2585489999956,1
TYPE=RAS COMPONENT=KERNEL LEVEL=INFO CONTENT=iar 0014a150 dear 00991c88,0,0,280.2585489999956,1
TYPE=RAS COMPONENT=KERNEL LEVEL=INFO CONTENT=iar 0014a150 dear 009829b8,0,0,280.2585489999956,1
TYPE=RAS COMPONENT=KERNEL LEVEL=INFO CONTENT=iar 00149f88 dear 00996f88,0,1,280.2585489999956,0
TYPE=RAS COMPONENT=KERNEL LEVEL=INFO CONTENT=iar 0014a1e4 dear 0099e6c8,0,0,282.27746012498756,1
TYPE=RAS COMPONENT=KERNEL LEVEL=INFO CONTENT=iar 0014a150 dear 009a2998,0,0,282.27746012498756,1
"TYPE=RAS COMPONENT=KERNEL LEVEL=INFO CONTENT=NFS Mount failed on bglio716, slept 15 seconds, retrying (1)",0,1,282.27746012498756,0
"TYPE=RAS COMPONENT=KERNEL LEVEL=INFO CONTENT=NFS Mount failed on bglio91, slept 15 seconds, retrying (1)",0,1,282.27746012498756,0
"TYPE=RAS COMPONENT=KERNEL LEVEL=INFO CONTENT=CE sym 26, at 0x07a95e80, mask 0x10",0,0,282.27746012498756,1
"TYPE=RAS COMPONENT=KERNEL LEVEL=INFO CONTENT=3 ddr errors(s) detected and corrected on rank 0, symbol 18, bit 0",0,0,282.27746012498756,1
TYPE=RAS COMPONENT=KERNEL LEVEL=INFO CONTENT=ciod: generated 64 core files for program IMB-MPI1.2MB_perf,0,0,282.27746012498756,1
"TYPE=RAS COMPONENT=KERNEL LEVEL=INFO CONTENT=CE sym 35, at 0x1317cee0, mask 0x10",0,0,282.27746012498756,1
TYPE=RAS COMPONENT=KERNEL LEVEL=FATAL CONTENT=Lustre mount FAILED : bglio559 : point /p/gb1,1,0,296.9908518750799,0
TYPE=RAS COMPONENT=KERNEL LEVEL=FATAL CONTENT=Lustre mount FAILED : bglio344 : point /p/gb1,1,0,296.9908518750799,0
"TYPE=RAS COMPONENT=KERNEL LEVEL=INFO CONTENT=4 ddr errors(s) detected and corrected on rank 0, symbol 29, bit 4",0,0,296.9908518750799,1
TYPE=RAS COMPONENT=APP LEVEL=FATAL CONTENT=ciod: LOGIN chdir(/bglscratch/bwallen/SWL/SYS-CALLS/testcases/kernel/syscalls/truncate) failed: No such file or directory,0,0,296.9908518750799,1
TYPE=RAS COMPONENT=KERNEL LEVEL=FATAL CONTENT=Lustre mount FAILED : bglio46 : point /p/gb1,1,0,296.9908518750799,0
TYPE=RAS COMPONENT=KERNEL LEVEL=FATAL CONTENT=Lustre mount FAILED : bglio136 : point /p/gb1,1,0,296.9908518750799,0
TYPE=RAS COMPONENT=KERNEL LEVEL=FATAL CONTENT=Lustre mount FAILED : bglio75 : point /p/gb1,1,0,296.9908518750799,0
"TYPE=NULL COMPONENT=DISCOVERY LEVEL=INFO CONTENT=Node card VPD check: U11 node in processor card slot J18 do not match. VPD ecid 04CC81389C2FFFFF03071B7048DF, found 04D780871F2FFFFF08031BD046E2",0,1,296.9908518750799,0
TYPE=RAS COMPONENT=KERNEL LEVEL=INFO CONTENT=1 torus receiver x+ input pipe error(s) (dcr 0x02ec) detected and corrected,0,1,282.2271306249604,0
TYPE=RAS COMPONENT=APP LEVEL=FATAL CONTENT=ciod: LOGIN chdir(/LAPACK_440d/BLAS) failed: No such file or directory,0,0,282.2271306249604,1
TYPE=RAS COMPONENT=KERNEL LEVEL=FATAL CONTENT=Lustre mount FAILED : bglio736 : point /p/gb1,1,1,282.2271306249604,1
"TYPE=RAS COMPONENT=KERNEL LEVEL=INFO CONTENT=CE sym 33, at 0x00dbd200, mask 0x80",0,0,282.2271306249604,1
"TYPE=RAS COMPONENT=KERNEL LEVEL=INFO CONTENT=CE sym 26, at 0x146ad540, mask 0x10",0,0,282.2271306249604,1
TYPE=RAS COMPONENT=KERNEL LEVEL=FATAL CONTENT=Lustre mount FAILED : bglio336 : point /p/gb1,1,0,282.2271306249604,0
"TYPE=RAS COMPONENT=KERNEL LEVEL=INFO CONTENT=CE sym 21, at 0x04d64dc0, mask 0x80",0,0,282.2271306249604,1
TYPE=RAS COMPONENT=KERNEL LEVEL=FATAL CONTENT=Lustre mount FAILED : bglio23 : point /p/gb1,1,1,282.2271306249604,1
TYPE=RAS COMPONENT=KERNEL LEVEL=INFO CONTENT=ciod: pollControlDescriptors: Detected the debugger died.,0,0,301.0399881250123,1
"TYPE=RAS COMPONENT=KERNEL LEVEL=INFO CONTENT=ciod: In packet from node 91.0 (R62-M1-Nf-C:J03-U11), message code 2 is not 3 or 4294967295 (softheader=003b005b 00030000 00000001 00000000)",0,0,301.0399881250123,1
TYPE=RAS COMPONENT=KERNEL LEVEL=INFO CONTENT=1 torus receiver y+ input pipe error(s) (dcr 0x02ee) detected and corrected,0,0,301.0399881250123,1
"TYPE=RAS COMPONENT=KERNEL LEVEL=INFO CONTENT=1 ddr errors(s) detected and corrected on rank 0, symbol 3, bit 6",0,0,301.0399881250123,1
"TYPE=RAS COMPONENT=KERNEL LEVEL=INFO CONTENT=CE sym 6, at 0x1880a8e0, mask 0x40",0,0,301.0399881250123,1
"TYPE=RAS COMPONENT=APP LEVEL=FATAL CONTENT=ciod: Error loading /bgl/apps/swl-prep/rky-swl/MPI-PERF/IMB/perf_tests/IMB-MPI1.5124KB: invalid or missing program image, No such file or directory",0,1,301.0399881250123,0
TYPE=RAS COMPONENT=APP LEVEL=FATAL CONTENT=ciod: Error reading message prefix after LOAD_MESSAGE on CioStream socket to 172.16.96.116:45713: Link has been severed,1,1,301.0399881250123,1
TYPE=RAS COMPONENT=KERNEL LEVEL=INFO CONTENT=suppressing further interrupts of same type,0,0,301.0399881250123,1
TYPE=RAS COMPONENT=APP LEVEL=FATAL CONTENT=ciod: Error reading message prefix after LOAD_MESSAGE on CioStream socket to 172.16.96.116:41304: Link has been severed,1,1,301.48801874997844,1
TYPE=RAS COMPONENT=APP LEVEL=FATAL CONTENT=ciod: Error reading message prefix after LOAD_MESSAGE on CioStream socket to 172.16.96.116:41217: Link has been severed,1,1,301.48801874997844,1
TYPE=RAS COMPONENT=KERNEL LEVEL=INFO CONTENT=total of 1 ddr error(s) detected and corrected,0,0,301.48801874997844,1
TYPE=RAS COMPONENT=KERNEL LEVEL=FATAL CONTENT=Lustre mount FAILED : bglio388 : point /p/gb1,1,0,301.48801874997844,0
TYPE=RAS COMPONENT=APP LEVEL=FATAL CONTENT=ciod: Error reading message prefix after LOAD_MESSAGE on CioStream socket to 172.16.96.116:37916: Link has been severed,1,1,301.48801874997844,1
"TYPE=RAS COMPONENT=KERNEL LEVEL=INFO CONTENT=CE sym 25, at 0x1a544020, mask 0x40",0,0,301.48801874997844,1
TYPE=NULL COMPONENT=DISCOVERY LEVEL=INFO CONTENT=Ido chip status changed: FF:F2:9F:15:7B:E0:00:0D:60:EA:84:1F ip=10.7.0.130 v=13 t=1 status=M Sat Sep 17 07:49:04 PDT 2005,0,1,301.48801874997844,0
TYPE=NULL COMPONENT=DISCOVERY LEVEL=ERROR CONTENT=Node card status: no ALERTs are active. Clock Mode is Low. Clock Select is Midplane. Phy JTAG Reset is asserted. ASIC JTAG Reset is asserted. Temperature Mask is not active. No temperature error. Temperature Limit Error Latch is clear. PGOOD IS NOT ASSERTED. PGOOD ERROR LATCH IS ACTIVE. MPGOOD IS NOT OK. MPGOOD ERROR LATCH IS ACTIVE. The 2.5 volt rail is OK. The 1.5 volt rail is OK.,0,0,301.48801874997844,1
"TYPE=RAS COMPONENT=KERNEL LEVEL=INFO CONTENT=CE sym 9, at 0x123b6ca0, mask 0x20",0,0,298.1824820000156,1
TYPE=RAS COMPONENT=APP LEVEL=FATAL CONTENT=ciod: LOGIN chdir(/home/spelce1/UMT2K/umt2k/ckpt_umt2k_src/TEST/NEW_TEST) failed: No such file or directory,0,1,298.1824820000156,0
TYPE=RAS COMPONENT=APP LEVEL=FATAL CONTENT=ciod: LOGIN chdir(/home/spelce1/UMT2K/umt2k/ckpt_umt2k_src/TEST/NEW_TEST) failed: No such file or directory,0,1,298.1824820000156,0
"TYPE=RAS COMPONENT=KERNEL LEVEL=INFO CONTENT=CE sym 8, at 0x0a2ae600, mask 0x10",0,0,298.1824820000156,1
TYPE=RAS COMPONENT=APP LEVEL=FATAL CONTENT=ciod: LOGIN chdir(/home/yates/SWL_tests/BGL64k_SWL_tests_develop/MPI-VAL/MPITs_v050902/rundir) failed: No such file or directory,0,0,298.1824820000156,1
"TYPE=NULL COMPONENT=DISCOVERY LEVEL=INFO CONTENT=Node card VPD check: U01 node in processor card slot J15 do not match. VPD ecid 04DE7DB80D7BFFFF04051B70D8D9, found 04DE7DF2D37BFFFF09081B6088D9",0,0,298.1824820000156,1
"TYPE=RAS COMPONENT=MMCS LEVEL=ERROR CONTENT=idoproxydb hit ASSERT condition: ASSERT expression=0 Source file=idotransportmgr.cpp Source line=1043 Function=int IdoTransportMgr::SendPacket(IdoUdpMgr*, BglCtlPavTrace*)",0,0,298.1824820000156,1
"TYPE=RAS COMPONENT=MMCS LEVEL=ERROR CONTENT=idoproxydb hit ASSERT condition: ASSERT expression=0 Source file=idotransportmgr.cpp Source line=1043 Function=int IdoTransportMgr::SendPacket(IdoUdpMgr*, BglCtlPavTrace*)",0,0,298.1824820000156,1
"TYPE=RAS COMPONENT=MMCS LEVEL=ERROR CONTENT=idoproxydb hit ASSERT condition: ASSERT expression=0 Source file=idotransportmgr.cpp Source line=1043 Function=int IdoTransportMgr::SendPacket(IdoUdpMgr*, BglCtlPavTrace*)",0,0,284.6328216249958,1
"TYPE=RAS COMPONENT=MMCS LEVEL=ERROR CONTENT=idoproxydb hit ASSERT condition: ASSERT expression=0 Source file=idotransportmgr.cpp Source line=1043 Function=int IdoTransportMgr::SendPacket(IdoUdpMgr*, BglCtlPavTrace*)",0,0,284.6328216249958,1
"TYPE=RAS COMPONENT=MMCS LEVEL=ERROR CONTENT=idoproxydb hit ASSERT condition: ASSERT expression=0 Source file=idotransportmgr.cpp Source line=1043 Function=int IdoTransportMgr::SendPacket(IdoUdpMgr*, BglCtlPavTrace*)",0,0,284.6328216249958,1
"TYPE=RAS COMPONENT=MMCS LEVEL=ERROR CONTENT=idoproxydb hit ASSERT condition: ASSERT expression=0 Source file=idotransportmgr.cpp Source line=1043 Function=int IdoTransportMgr::SendPacket(IdoUdpMgr*, BglCtlPavTrace*)",0,0,284.6328216249958,1
"TYPE=RAS COMPONENT=MMCS LEVEL=ERROR CONTENT=idoproxydb hit ASSERT condition: ASSERT expression=0 Source file=idotransportmgr.cpp Source line=1043 Function=int IdoTransportMgr::SendPacket(IdoUdpMgr*, BglCtlPavTrace*)",0,0,284.6328216249958,1
"TYPE=RAS COMPONENT=MMCS LEVEL=ERROR CONTENT=idoproxydb hit ASSERT condition: ASSERT expression=0 Source file=idotransportmgr.cpp Source line=1043 Function=int IdoTransportMgr::SendPacket(IdoUdpMgr*, BglCtlPavTrace*)",0,0,284.6328216249958,1
"TYPE=RAS COMPONENT=MMCS LEVEL=ERROR CONTENT=idoproxydb hit ASSERT condition: ASSERT expression=0 Source file=idotransportmgr.cpp Source line=1043 Function=int IdoTransportMgr::SendPacket(IdoUdpMgr*, BglCtlPavTrace*)",0,0,284.6328216249958,1
"TYPE=RAS COMPONENT=MMCS LEVEL=ERROR CONTENT=idoproxydb hit ASSERT condition: ASSERT expression=0 Source file=idotransportmgr.cpp Source line=1043 Function=int IdoTransportMgr::SendPacket(IdoUdpMgr*, BglCtlPavTrace*)",0,0,284.6328216249958,1
"TYPE=RAS COMPONENT=MMCS LEVEL=ERROR CONTENT=idoproxydb hit ASSERT condition: ASSERT expression=0 Source file=idotransportmgr.cpp Source line=1043 Function=int IdoTransportMgr::SendPacket(IdoUdpMgr*, BglCtlPavTrace*)",0,0,285.2440538749761,1
"TYPE=RAS COMPONENT=MMCS LEVEL=ERROR CONTENT=idoproxydb hit ASSERT condition: ASSERT expression=0 Source file=idotransportmgr.cpp Source line=1043 Function=int IdoTransportMgr::SendPacket(IdoUdpMgr*, BglCtlPavTrace*)",0,0,285.2440538749761,1
"TYPE=RAS COMPONENT=MMCS LEVEL=ERROR CONTENT=idoproxydb hit ASSERT condition: ASSERT expression=0 Source file=idotransportmgr.cpp Source line=1043 Function=int IdoTransportMgr::SendPacket(IdoUdpMgr*, BglCtlPavTrace*)",0,0,285.2440538749761,1
"TYPE=RAS COMPONENT=MMCS LEVEL=ERROR CONTENT=idoproxydb hit ASSERT condition: ASSERT expression=0 Source file=idotransportmgr.cpp Source line=1043 Function=int IdoTransportMgr::SendPacket(IdoUdpMgr*, BglCtlPavTrace*)",0,0,285.2440538749761,1
"TYPE=RAS COMPONENT=MMCS LEVEL=ERROR CONTENT=idoproxydb hit ASSERT condition: ASSERT expression=0 Source file=idotransportmgr.cpp Source line=1043 Function=int IdoTransportMgr::SendPacket(IdoUdpMgr*, BglCtlPavTrace*)",0,0,285.2440538749761,1
"TYPE=RAS COMPONENT=MMCS LEVEL=ERROR CONTENT=idoproxydb hit ASSERT condition: ASSERT expression=0 Source file=idotransportmgr.cpp Source line=1043 Function=int IdoTransportMgr::SendPacket(IdoUdpMgr*, BglCtlPavTrace*)",0,0,285.2440538749761,1
"TYPE=RAS COMPONENT=MMCS LEVEL=ERROR CONTENT=idoproxydb hit ASSERT condition: ASSERT expression=0 Source file=idotransportmgr.cpp Source line=1043 Function=int IdoTransportMgr::SendPacket(IdoUdpMgr*, BglCtlPavTrace*)",0,0,285.2440538749761,1
"TYPE=RAS COMPONENT=MMCS LEVEL=ERROR CONTENT=idoproxydb hit ASSERT condition: ASSERT expression=0 Source file=idotransportmgr.cpp Source line=1043 Function=int IdoTransportMgr::SendPacket(IdoUdpMgr*, BglCtlPavTrace*)",0,0,285.2440538749761,1
"TYPE=RAS COMPONENT=MMCS LEVEL=ERROR CONTENT=idoproxydb hit ASSERT condition: ASSERT expression=0 Source file=idotransportmgr.cpp Source line=1043 Function=int IdoTransportMgr::SendPacket(IdoUdpMgr*, BglCtlPavTrace*)",0,1,297.0924879999757,0
"TYPE=RAS COMPONENT=MMCS LEVEL=ERROR CONTENT=idoproxydb hit ASSERT condition: ASSERT expression=0 Source file=idotransportmgr.cpp Source line=1043 Function=int IdoTransportMgr::SendPacket(IdoUdpMgr*, BglCtlPavTrace*)",0,1,297.0924879999757,0
"TYPE=RAS COMPONENT=MMCS LEVEL=ERROR CONTENT=idoproxydb hit ASSERT condition: ASSERT expression=0 Source file=idotransportmgr.cpp Source line=1043 Function=int IdoTransportMgr::SendPacket(IdoUdpMgr*, BglCtlPavTrace*)",0,1,297.0924879999757,0
"TYPE=RAS COMPONENT=MMCS LEVEL=ERROR CONTENT=idoproxydb hit ASSERT condition: ASSERT expression=0 Source file=idotransportmgr.cpp Source line=1043 Function=int IdoTransportMgr::SendPacket(IdoUdpMgr*, BglCtlPavTrace*)",0,1,297.0924879999757,0
"TYPE=RAS COMPONENT=MMCS LEVEL=ERROR CONTENT=idoproxydb hit ASSERT condition: ASSERT expression=0 Source file=idotransportmgr.cpp Source line=1043 Function=int IdoTransportMgr::SendPacket(IdoUdpMgr*, BglCtlPavTrace*)",0,1,297.0924879999757,0
"TYPE=RAS COMPONENT=MMCS LEVEL=ERROR CONTENT=idoproxydb hit ASSERT condition: ASSERT expression=0 Source file=idotransportmgr.cpp Source line=1043 Function=int IdoTransportMgr::SendPacket(IdoUdpMgr*, BglCtlPavTrace*)",0,1,297.0924879999757,0
"TYPE=NULL COMPONENT=DISCOVERY LEVEL=INFO CONTENT=Node card VPD check: U11 node in processor card slot J17 do not match. VPD ecid 04D97DB7937BFFFF05071B7054DA, found 04D081A3892FFFFF0D0B1C505AF3",0,1,297.0924879999757,0
"TYPE=NULL COMPONENT=DISCOVERY LEVEL=INFO CONTENT=Node card VPD check: U01 node in processor card slot J08 do not match. VPD ecid 075F04E8A27BFFFF07021C3096ED, found 04D78137922FFFFF040E1C3052ED",0,0,297.0924879999757,1
"TYPE=RAS COMPONENT=MMCS LEVEL=ERROR CONTENT=idoproxydb hit ASSERT condition: ASSERT expression=0 Source file=idotransportmgr.cpp Source line=1043 Function=int IdoTransportMgr::SendPacket(IdoUdpMgr*, BglCtlPavTrace*)",0,0,303.1175102499901,1
"TYPE=RAS COMPONENT=MMCS LEVEL=ERROR CONTENT=idoproxydb hit ASSERT condition: ASSERT expression=0 Source file=idotransportmgr.cpp Source line=1043 Function=int IdoTransportMgr::SendPacket(IdoUdpMgr*, BglCtlPavTrace*)",0,0,303.1175102499901,1
"TYPE=RAS COMPONENT=APP LEVEL=FATAL CONTENT=ciod: Error loading /home/yates//bandwidth.rts: invalid or missing program image, No such file or directory",0,0,303.1175102499901,1
"TYPE=RAS COMPONENT=APP LEVEL=FATAL CONTENT=ciod: Error loading /home/yates//torus-latency.rts: invalid or missing program image, No such file or directory",0,0,303.1175102499901,1
"TYPE=RAS COMPONENT=APP LEVEL=FATAL CONTENT=ciod: Error loading /home/yates//torus-latency.rts: invalid or missing program image, No such file or directory",0,0,303.1175102499901,1
"TYPE=RAS COMPONENT=APP LEVEL=FATAL CONTENT=ciod: Error loading /home/yates//torus-latency.rts: invalid or missing program image, No such file or directory",0,0,303.1175102499901,1
"TYPE=RAS COMPONENT=APP LEVEL=FATAL CONTENT=ciod: Error loading /home/yates//broadcast.rts: invalid or missing program image, No such file or directory",0,0,303.1175102499901,1
TYPE=RAS COMPONENT=KERNEL LEVEL=FATAL CONTENT=rts: bad message header: expecting type 57 instead of type 3 (softheader=00131db8 81aa0003 00000002 00000000) PSR0=00001f01 PSR1=00000000 PRXF=00000002 PIXF=00000007,0,0,303.1175102499901,1
"TYPE=RAS COMPONENT=APP LEVEL=FATAL CONTENT=ciod: Error loading /bgl/apps/SWL/performance/MINIBEN//bandwidth.rts: invalid or missing program image, No such file or directory",0,0,287.2470458750058,1
"TYPE=RAS COMPONENT=APP LEVEL=FATAL CONTENT=ciod: Error loading /bgl/apps/SWL/performance/MINIBEN//torus-latency.rts: invalid or missing program image, No such file or directory",0,0,287.2470458750058,1
TYPE=RAS COMPONENT=APP LEVEL=FATAL CONTENT=ciod: LOGIN chdir(/bgl/apps/SWL/performance/MINIBEN///2005.09.20-18.06.05) failed: No such file or directory,0,0,287.2470458750058,1
TYPE=RAS COMPONENT=APP LEVEL=FATAL CONTENT=ciod: LOGIN chdir(/bgl/apps/SWL/performance/MINIBEN///2005.09.20-18.06.05) failed: No such file or directory,0,0,287.2470458750058,1
TYPE=RAS COMPONENT=APP LEVEL=FATAL CONTENT=ciod: LOGIN chdir(/bgl/apps/SWL/performance/MINIBEN///2005.09.20-18.06.01) failed: No such file or directory,0,0,287.2470458750058,1
TYPE=RAS COMPONENT=APP LEVEL=FATAL CONTENT=ciod: LOGIN chdir(/bgl/apps/SWL/performance/MINIBEN///2005.09.20-18.06.08) failed: No such file or directory,0,0,287.2470458750058,1
TYPE=RAS COMPONENT=APP LEVEL=FATAL CONTENT=ciod: LOGIN chdir(/bgl/apps/SWL/performance/MINIBEN///2005.09.20-18.06.01) failed: No such file or directory,0,0,287.2470458750058,1
"TYPE=RAS COMPONENT=KERNEL LEVEL=INFO CONTENT=CE sym 29, at 0x14123c20, mask 0x08",0,0,287.2470458750058,1
TYPE=RAS COMPONENT=KERNEL LEVEL=INFO CONTENT=total of 1 ddr error(s) detected and corrected,0,1,282.83900112501215,0
"TYPE=RAS COMPONENT=KERNEL LEVEL=INFO CONTENT=1 ddr errors(s) detected and corrected on rank 0, symbol 35, bit 1",0,1,282.83900112501215,0
"TYPE=RAS COMPONENT=KERNEL LEVEL=INFO CONTENT=CE sym 26, at 0x022c3fc0, mask 0x40",0,0,282.83900112501215,1
TYPE=RAS COMPONENT=KERNEL LEVEL=INFO CONTENT=total of 4 ddr error(s) detected and corrected,0,0,282.83900112501215,1
"TYPE=RAS COMPONENT=KERNEL LEVEL=INFO CONTENT=CE sym 27, at 0x166a9f20, mask 0x02",0,0,282.83900112501215,1
"TYPE=RAS COMPONENT=KERNEL LEVEL=INFO CONTENT=CE sym 21, at 0x13d38aa0, mask 0x40",0,0,282.83900112501215,1
"TYPE=RAS COMPONENT=KERNEL LEVEL=INFO CONTENT=CE sym 15, at 0x0bde77e0, mask 0x04",0,0,282.83900112501215,1
"TYPE=RAS COMPONENT=KERNEL LEVEL=INFO CONTENT=CE sym 16, at 0x0149a040, mask 0x80",0,0,282.83900112501215,1
TYPE=RAS COMPONENT=APP LEVEL=FATAL CONTENT=ciod: Error reading message prefix after LOAD_MESSAGE on CioStream socket to 172.16.96.116:34903: Link has been severed,1,0,285.3935511250256,0
TYPE=RAS COMPONENT=KERNEL LEVEL=INFO CONTENT=ciod: generated 128 core files for program /bgl/apps/SWL/stability/DDCMD//ddcMDbglV,0,0,285.3935511250256,1
"TYPE=RAS COMPONENT=KERNEL LEVEL=INFO CONTENT=CE sym 2, at 0x0fa3d060, mask 0x08",0,0,285.3935511250256,1
TYPE=RAS COMPONENT=KERNEL LEVEL=INFO CONTENT=ciod: generated 64 core files for program /home/spelce1/HPCC_IBM/TomAndJeff/bin/tested_copro/tested_copro.rts,0,0,285.3935511250256,1
TYPE=RAS COMPONENT=KERNEL LEVEL=INFO CONTENT=critical input interrupt (unit=0x0b bit=0x06): warning for torus y+ wire,0,0,285.3935511250256,1
"TYPE=RAS COMPONENT=KERNEL LEVEL=INFO CONTENT=CE sym 5, at 0x0e37bbe0, mask 0x40",0,0,285.3935511250256,1
"TYPE=RAS COMPONENT=KERNEL LEVEL=INFO CONTENT=CE sym 4, at 0x18f28be0, mask 0x40",0,1,285.3935511250256,0
"TYPE=RAS COMPONENT=KERNEL LEVEL=INFO CONTENT=CE sym 13, at 0x0397e0e0, mask 0x08",0,0,285.3935511250256,1
"TYPE=RAS COMPONENT=KERNEL LEVEL=INFO CONTENT=CE sym 9, at 0x11b9cc60, mask 0x04",0,1,284.70768562499416,0
"TYPE=RAS COMPONENT=APP LEVEL=FATAL CONTENT=ciod: Error loading /home/spelce1/HPCC_IBM/Urgent/Gunnels/VNM64/vnm.rts: invalid or missing program image, Permission denied",0,0,284.70768562499416,1
"TYPE=RAS COMPONENT=KERNEL LEVEL=INFO CONTENT=CE sym 6, at 0x06ec7a20, mask 0x20",0,0,284.70768562499416,1
TYPE=RAS COMPONENT=KERNEL LEVEL=INFO CONTENT=ciod: generated 108 core files for program /home/spelce1/HPCC_IBM/Urgent/VNM/32K/vnm.rts,0,0,284.70768562499416,1
"TYPE=RAS COMPONENT=KERNEL LEVEL=INFO CONTENT=CE sym 9, at 0x11f82720, mask 0x02",0,0,284.70768562499416,1
"TYPE=RAS COMPONENT=KERNEL LEVEL=INFO CONTENT=CE sym 6, at 0x0148b640, mask 0x10",0,0,284.70768562499416,1
"TYPE=RAS COMPONENT=APP LEVEL=FATAL CONTENT=ciod: Error loading /home/spelce1/HPCC_IBM/Urgent/VNM/64K/vnm.rts: invalid or missing program image, Permission denied",0,0,284.70768562499416,1
TYPE=RAS COMPONENT=APP LEVEL=FATAL CONTENT=ciod: Error reading message prefix after LOAD_MESSAGE on CioStream socket to 172.16.96.116:53591: Link has been severed,1,0,284.70768562499416,0
TYPE=RAS COMPONENT=KERNEL LEVEL=INFO CONTENT=total of 2 ddr error(s) detected and corrected,0,1,285.57070049998856,0
"TYPE=RAS COMPONENT=KERNEL LEVEL=INFO CONTENT=CE sym 20, at 0x0a508740, mask 0x02",0,0,285.57070049998856,1
"TYPE=RAS COMPONENT=KERNEL LEVEL=INFO CONTENT=CE sym 25, at 0x06c27c60, mask 0x40",0,0,285.57070049998856,1
TYPE=RAS COMPONENT=KERNEL LEVEL=INFO CONTENT=total of 12 ddr error(s) detected and corrected,0,1,285.57070049998856,0
"TYPE=RAS COMPONENT=KERNEL LEVEL=INFO CONTENT=1 ddr errors(s) detected and corrected on rank 0, symbol 28, bit 0",0,0,285.57070049998856,1
TYPE=RAS COMPONENT=APP LEVEL=FATAL CONTENT=ciod: Error reading message prefix after LOAD_MESSAGE on CioStream socket to 172.16.96.116:57673: Link has been severed,1,0,285.57070049998856,0
"TYPE=RAS COMPONENT=KERNEL LEVEL=INFO CONTENT=CE sym 5, at 0x13253280, mask 0x04",0,0,285.57070049998856,1
"TYPE=RAS COMPONENT=APP LEVEL=FATAL CONTENT=ciod: Error loading /home/spelce1/HPCC_IBM/Urgent/COP/64K/vnm.rts: invalid or missing program image, Permission denied",0,0,285.57070049998856,1
"TYPE=RAS COMPONENT=APP LEVEL=FATAL CONTENT=ciod: Error loading /home/spelce1/HPCC_IBM/Urgent/COP/64K/vnm.rts: invalid or missing program image, Permission denied",0,0,287.7427073750596,1
"TYPE=RAS COMPONENT=APP LEVEL=FATAL CONTENT=ciod: Error loading /home/spelce1/HPCC_IBM/Urgent/COP/64K/vnm.rts: invalid or missing program image, Permission denied",0,0,287.7427073750596,1
"TYPE=RAS COMPONENT=APP LEVEL=FATAL CONTENT=ciod: Error loading /bgl/apps/followup/SPASM/spasm.254: invalid or missing program image, Permission denied",0,0,287.7427073750596,1
"TYPE=RAS COMPONENT=APP LEVEL=FATAL CONTENT=ciod: Error loading /bgl/apps/followup/SPASM/spasm.254: invalid or missing program image, Permission denied",0,0,287.7427073750596,1
"TYPE=RAS COMPONENT=APP LEVEL=FATAL CONTENT=ciod: Error loading /bgl/apps/followup/MINIBEN/MB_254_051007/torus-latency.rts: invalid or missing program image, No such file or directory",0,0,287.7427073750596,1
"TYPE=RAS COMPONENT=KERNEL LEVEL=INFO CONTENT=CE sym 14, at 0x17086be0, mask 0x02",0,0,287.7427073750596,1
TYPE=RAS COMPONENT=KERNEL LEVEL=INFO CONTENT=suppressing further interrupts of same type,0,0,287.7427073750596,1
"TYPE=RAS COMPONENT=KERNEL LEVEL=INFO CONTENT=4 ddr errors(s) detected and corrected on rank 0, symbol 13, bit 5",0,0,287.7427073750596,1
TYPE=RAS COMPONENT=KERNEL LEVEL=INFO CONTENT=4 tree receiver 2 in re-synch state event(s) (dcr 0x019a) detected,0,0,285.3576521249579,1
"TYPE=RAS COMPONENT=KERNEL LEVEL=INFO CONTENT=CE sym 23, at 0x1793c560, mask 0x01",0,0,285.3576521249579,1
"TYPE=RAS COMPONENT=KERNEL LEVEL=INFO CONTENT=CE sym 14, at 0x08d4e740, mask 0x01",0,0,285.3576521249579,1
TYPE=RAS COMPONENT=KERNEL LEVEL=INFO CONTENT=ciod: generated 64 core files for program /home/spelce1/HPCC_IBM/Urgent/COP/64K/opt_co_dc.rts,0,0,285.3576521249579,1
TYPE=RAS COMPONENT=KERNEL LEVEL=INFO CONTENT=ciod: generated 58 core files for program /home/spelce1/HPCC_IBM/Urgent/COP/64K/opt_co_dc.rts,0,0,285.3576521249579,1
TYPE=RAS COMPONENT=APP LEVEL=FATAL CONTENT=ciod: Error reading message prefix after LOAD_MESSAGE on CioStream socket to 172.16.96.116:47696: Link has been severed,1,0,285.3576521249579,0
TYPE=RAS COMPONENT=KERNEL LEVEL=INFO CONTENT=data cache search parity error detected. attempting to correct,0,0,285.3576521249579,1
TYPE=RAS COMPONENT=KERNEL LEVEL=INFO CONTENT=data cache search parity error detected. attempting to correct,0,0,285.3576521249579,1
TYPE=RAS COMPONENT=KERNEL LEVEL=INFO CONTENT=data cache search parity error detected. attempting to correct,0,0,281.50079375006953,1
TYPE=RAS COMPONENT=KERNEL LEVEL=INFO CONTENT=data cache search parity error detected. attempting to correct,0,0,281.50079375006953,1
TYPE=RAS COMPONENT=KERNEL LEVEL=INFO CONTENT=data cache search parity error detected. attempting to correct,0,0,281.50079375006953,1
TYPE=RAS COMPONENT=KERNEL LEVEL=INFO CONTENT=data cache search parity error detected. attempting to correct,0,0,281.50079375006953,1
"TYPE=RAS COMPONENT=KERNEL LEVEL=INFO CONTENT=CE sym 12, at 0x18e33e80, mask 0x04",0,0,281.50079375006953,1
"TYPE=RAS COMPONENT=KERNEL LEVEL=INFO CONTENT=CE sym 13, at 0x00f254e0, mask 0x20",0,0,281.50079375006953,1
TYPE=RAS COMPONENT=KERNEL LEVEL=INFO CONTENT=shutdown complete,0,0,281.50079375006953,1
"TYPE=RAS COMPONENT=APP LEVEL=FATAL CONTENT=ciod: Error loading /bgl/apps/followup/RAPTOR/new.raptor.trace: invalid or missing program image, Exec format error",0,0,281.50079375006953,1
"TYPE=RAS COMPONENT=APP LEVEL=FATAL CONTENT=ciod: Error loading /bgl/apps/followup/RAPTOR/new.raptor.trace: invalid or missing program image, Exec format error",0,0,282.046316625042,1
TYPE=RAS COMPONENT=KERNEL LEVEL=INFO CONTENT=ciod: generated 64 core files for program /home/rfisher/sodscaling/flash2,0,0,282.046316625042,1
TYPE=RAS COMPONENT=KERNEL LEVEL=INFO CONTENT=total of 1 ddr error(s) detected and corrected,0,1,282.046316625042,0
"TYPE=RAS COMPONENT=KERNEL LEVEL=INFO CONTENT=1 ddr errors(s) detected and corrected on rank 0, symbol 17, bit 7",0,1,282.046316625042,0
"TYPE=RAS COMPONENT=APP LEVEL=FATAL CONTENT=ciod: Error loading allreduce_int_V1R1.rts: invalid or missing program image, No such file or directory",0,0,282.046316625042,1
TYPE=RAS COMPONENT=KERNEL LEVEL=INFO CONTENT=critical input interrupt (unit=0x0b bit=0x0b): warning for torus z- wire,0,0,282.046316625042,1
TYPE=RAS COMPONENT=KERNEL LEVEL=INFO CONTENT=16 tree receiver 2 in re-synch state event(s) (dcr 0x019a) detected,0,1,282.046316625042,0
TYPE=RAS COMPONENT=KERNEL LEVEL=FATAL CONTENT=rts: kernel terminated for reason 1004,1,1,282.046316625042,1
"TYPE=RAS COMPONENT=KERNEL LEVEL=FATAL CONTENT=Error receiving packet on tree network, expecting type 57 instead of type 3 (softheader=0064588e 8aff0003 00000002 00000000) PSR0=00001f01 PSR1=00000000 PRXF=00000002 PIXF=00000007",1,0,301.4007092500606,0
"TYPE=RAS COMPONENT=KERNEL LEVEL=INFO CONTENT=CE sym 29, at 0x1b719940, mask 0x02",0,0,301.4007092500606,1
"TYPE=RAS COMPONENT=KERNEL LEVEL=INFO CONTENT=CE sym 27, at 0x1b70b860, mask 0x80",0,0,301.4007092500606,1
"TYPE=RAS COMPONENT=APP LEVEL=FATAL CONTENT=ciod: Error loading /home/spelce1/HPCC_IBM/Urgent/COP/64K/hpcc-1.0.0.102905_opt_essl_cpm: invalid or missing program image, Permission denied",0,1,301.4007092500606,0
"TYPE=RAS COMPONENT=KERNEL LEVEL=INFO CONTENT=CE sym 16, at 0x18fa5d40, mask 0x80",0,0,301.4007092500606,1
"TYPE=RAS COMPONENT=KERNEL LEVEL=INFO CONTENT=4 ddr errors(s) detected and corrected on rank 0, symbol 24, bit 1",0,0,301.4007092500606,1
TYPE=RAS COMPONENT=KERNEL LEVEL=INFO CONTENT=instruction cache parity error corrected,0,0,301.4007092500606,1
"TYPE=RAS COMPONENT=KERNEL LEVEL=INFO CONTENT=CE sym 30, at 0x1bd2b700, mask 0x04",0,0,301.4007092500606,1
"TYPE=RAS COMPONENT=APP LEVEL=FATAL CONTENT=ciod: Error loading /g/g0/spelce1/HPCC_IBM/Urgent/COP/64K/RandomAccess.64R.rts: invalid or missing program image, Permission denied",0,0,285.97449674998643,1
"TYPE=RAS COMPONENT=APP LEVEL=FATAL CONTENT=ciod: Error loading /home.old/glosli/src/ddcMD/ddcMD1.1.17/bin/ddcMDGbglV: invalid or missing program image, No such file or directory",0,0,285.97449674998643,1
"TYPE=RAS COMPONENT=APP LEVEL=FATAL CONTENT=ciod: Error loading /home.old/glosli/src/ddcMD/ddcMD1.1.18a/bin/ddcMDGbglV: invalid or missing program image, No such file or directory",0,0,285.97449674998643,1
TYPE=RAS COMPONENT=KERNEL LEVEL=INFO CONTENT=iar 00106210 dear 0244c1dc,0,0,285.97449674998643,1
TYPE=RAS COMPONENT=KERNEL LEVEL=INFO CONTENT=640404 floating point alignment exceptions,0,0,285.97449674998643,1
TYPE=RAS COMPONENT=KERNEL LEVEL=INFO CONTENT=640404 floating point alignment exceptions,0,0,285.97449674998643,1
TYPE=RAS COMPONENT=KERNEL LEVEL=INFO CONTENT=iar 00106210 dear 0244c1dc,0,0,285.97449674998643,1
TYPE=RAS COMPONENT=KERNEL LEVEL=INFO CONTENT=iar 00106210 dear 0244c20c,0,0,285.97449674998643,1
TYPE=RAS COMPONENT=KERNEL LEVEL=INFO CONTENT=iar 00106228 dear 0244c1ec,0,0,281.21795862500676,1
TYPE=RAS COMPONENT=KERNEL LEVEL=INFO CONTENT=iar 00106210 dear 0244c20c,0,0,281.21795862500676,1
TYPE=RAS COMPONENT=KERNEL LEVEL=INFO CONTENT=iar 00106210 dear 0244c20c,0,0,281.21795862500676,1
TYPE=RAS COMPONENT=KERNEL LEVEL=INFO CONTENT=iar 00106228 dear 0244c1ec,0,0,281.21795862500676,1
TYPE=RAS COMPONENT=KERNEL LEVEL=INFO CONTENT=iar 00106228 dear 0244c1ec,0,0,281.21795862500676,1
TYPE=RAS COMPONENT=KERNEL LEVEL=INFO CONTENT=640404 floating point alignment exceptions,0,0,281.21795862500676,1
TYPE=RAS COMPONENT=KERNEL LEVEL=INFO CONTENT=iar 00106228 dear 0244c21c,0,0,281.21795862500676,1
TYPE=RAS COMPONENT=KERNEL LEVEL=INFO CONTENT=iar 001061dc dear 0244c22c,0,0,281.21795862500676,1
TYPE=RAS COMPONENT=KERNEL LEVEL=INFO CONTENT=iar 001061dc dear 0244c22c,0,0,280.269796125026,1
TYPE=RAS COMPONENT=KERNEL LEVEL=INFO CONTENT=iar 001061dc dear 0244c25c,0,0,280.269796125026,1
TYPE=RAS COMPONENT=KERNEL LEVEL=INFO CONTENT=iar 001061dc dear 0244c22c,0,0,280.269796125026,1
TYPE=RAS COMPONENT=KERNEL LEVEL=INFO CONTENT=iar 00106228 dear 0244c1ec,0,0,280.269796125026,1
TYPE=RAS COMPONENT=KERNEL LEVEL=INFO CONTENT=iar 00106210 dear 0244c20c,0,0,280.269796125026,1
TYPE=RAS COMPONENT=KERNEL LEVEL=INFO CONTENT=iar 00106228 dear 0244c1ec,0,0,280.269796125026,1
TYPE=RAS COMPONENT=KERNEL LEVEL=INFO CONTENT=iar 001061dc dear 0244c22c,0,0,280.269796125026,1
TYPE=RAS COMPONENT=KERNEL LEVEL=INFO CONTENT=iar 00105ea0 dear 0244c28c,0,0,280.269796125026,1
TYPE=RAS COMPONENT=KERNEL LEVEL=INFO CONTENT=iar 00105e94 dear 02f5883c,0,0,280.2598881249878,1
TYPE=RAS COMPONENT=KERNEL LEVEL=INFO CONTENT=iar 001061dc dear 0244c22c,0,0,280.2598881249878,1
TYPE=RAS COMPONENT=KERNEL LEVEL=INFO CONTENT=iar 001061dc dear 0244c28c,0,0,280.2598881249878,1
TYPE=RAS COMPONENT=KERNEL LEVEL=INFO CONTENT=640764 floating point alignment exceptions,0,0,280.2598881249878,1
TYPE=RAS COMPONENT=KERNEL LEVEL=INFO CONTENT=640404 floating point alignment exceptions,0,0,280.2598881249878,1
TYPE=RAS COMPONENT=KERNEL LEVEL=INFO CONTENT=640404 floating point alignment exceptions,0,0,280.2598881249878,1
TYPE=RAS COMPONENT=KERNEL LEVEL=INFO CONTENT=iar 00106210 dear 0244c20c,0,0,280.2598881249878,1
TYPE=RAS COMPONENT=KERNEL LEVEL=INFO CONTENT=iar 00106210 dear 0244c1dc,0,0,280.2598881249878,1
TYPE=RAS COMPONENT=KERNEL LEVEL=INFO CONTENT=iar 00106228 dear 0244c21c,0,0,280.3549283750044,1
TYPE=RAS COMPONENT=KERNEL LEVEL=INFO CONTENT=iar 00106210 dear 0244c1dc,0,0,280.3549283750044,1
TYPE=RAS COMPONENT=KERNEL LEVEL=INFO CONTENT=iar 001061dc dear 0244c25c,0,0,280.3549283750044,1
TYPE=RAS COMPONENT=KERNEL LEVEL=INFO CONTENT=iar 001061dc dear 0244c22c,0,0,280.3549283750044,1
TYPE=RAS COMPONENT=KERNEL LEVEL=INFO CONTENT=iar 00106228 dear 0244c21c,0,0,280.3549283750044,1
TYPE=RAS COMPONENT=KERNEL LEVEL=INFO CONTENT=iar 001061dc dear 0244c28c,0,0,280.3549283750044,1
TYPE=RAS COMPONENT=KERNEL LEVEL=INFO CONTENT=iar 001061dc dear 0244c28c,0,0,280.3549283750044,1
TYPE=RAS COMPONENT=KERNEL LEVEL=INFO CONTENT=iar 00106210 dear 0244c23c,0,0,280.3549283750044,1
TYPE=RAS COMPONENT=KERNEL LEVEL=INFO CONTENT=iar 00106210 dear 0244c23c,0,0,280.47023112503666,1
TYPE=RAS COMPONENT=KERNEL LEVEL=INFO CONTENT=iar 00106210 dear 0244c26c,0,0,280.47023112503666,1
TYPE=RAS COMPONENT=KERNEL LEVEL=INFO CONTENT=iar 00106228 dear 0244c24c,0,0,280.47023112503666,1
TYPE=RAS COMPONENT=KERNEL LEVEL=INFO CONTENT=iar 00106228 dear 0244c27c,0,0,280.47023112503666,1
TYPE=RAS COMPONENT=KERNEL LEVEL=INFO CONTENT=iar 00106228 dear 0244c27c,0,0,280.47023112503666,1
TYPE=RAS COMPONENT=KERNEL LEVEL=INFO CONTENT=iar 00106228 dear 0244c27c,0,0,280.47023112503666,1
TYPE=RAS COMPONENT=KERNEL LEVEL=INFO CONTENT=iar 00106568 dear 02494bbc,0,1,280.47023112503666,0
TYPE=RAS COMPONENT=KERNEL LEVEL=INFO CONTENT=487476 floating point alignment exceptions,0,0,280.47023112503666,1
TYPE=RAS COMPONENT=KERNEL LEVEL=INFO CONTENT=487476 floating point alignment exceptions,0,0,282.19418437504373,1
TYPE=RAS COMPONENT=KERNEL LEVEL=INFO CONTENT=iar 00106580 dear 02494bcc,0,0,282.19418437504373,1
TYPE=RAS COMPONENT=KERNEL LEVEL=INFO CONTENT=iar 00106568 dear 02494bbc,0,1,282.19418437504373,0
TYPE=RAS COMPONENT=KERNEL LEVEL=INFO CONTENT=iar 00106580 dear 02494bcc,0,0,282.19418437504373,1
TYPE=RAS COMPONENT=KERNEL LEVEL=INFO CONTENT=iar 00106534 dear 02494c0c,0,0,282.19418437504373,1
TYPE=RAS COMPONENT=KERNEL LEVEL=INFO CONTENT=iar 00106534 dear 02494c0c,0,0,282.19418437504373,1
TYPE=RAS COMPONENT=KERNEL LEVEL=INFO CONTENT=iar 00106580 dear 02494bfc,0,1,282.19418437504373,0
TYPE=RAS COMPONENT=KERNEL LEVEL=INFO CONTENT=iar 00106568 dear 02494bec,0,0,282.19418437504373,1
TYPE=RAS COMPONENT=KERNEL LEVEL=INFO CONTENT=iar 00106568 dear 02494bec,0,0,280.3986283749964,1
TYPE=RAS COMPONENT=KERNEL LEVEL=INFO CONTENT=iar 00106534 dear 02494c3c,0,0,280.3986283749964,1
TYPE=RAS COMPONENT=KERNEL LEVEL=INFO CONTENT=iar 00106580 dear 02494bfc,0,1,280.3986283749964,0
TYPE=RAS COMPONENT=KERNEL LEVEL=INFO CONTENT=iar 00106534 dear 02494c3c,0,0,280.3986283749964,1
TYPE=RAS COMPONENT=KERNEL LEVEL=INFO CONTENT=iar 00106534 dear 02494c3c,0,0,280.3986283749964,1
TYPE=RAS COMPONENT=KERNEL LEVEL=INFO CONTENT=iar 00106580 dear 02494c2c,0,0,280.3986283749964,1
TYPE=RAS COMPONENT=KERNEL LEVEL=INFO CONTENT=iar 00106580 dear 02494c2c,0,0,280.3986283749964,1
TYPE=RAS COMPONENT=KERNEL LEVEL=INFO CONTENT=2354412 floating point alignment exceptions,0,1,280.3986283749964,0
TYPE=RAS COMPONENT=KERNEL LEVEL=INFO CONTENT=iar 00106568 dear 045e140c,0,1,281.3039452499879,0
TYPE=RAS COMPONENT=KERNEL LEVEL=INFO CONTENT=iar 00106580 dear 045e141c,0,0,281.3039452499879,1
TYPE=RAS COMPONENT=KERNEL LEVEL=INFO CONTENT=iar 00106580 dear 045e141c,0,0,281.3039452499879,1
TYPE=RAS COMPONENT=KERNEL LEVEL=INFO CONTENT=iar 00106580 dear 045e141c,0,0,281.3039452499879,1
TYPE=RAS COMPONENT=KERNEL LEVEL=INFO CONTENT=iar 00106534 dear 045e145c,0,1,281.3039452499879,0
TYPE=RAS COMPONENT=KERNEL LEVEL=INFO CONTENT=iar 00106568 dear 045e147c,0,1,281.3039452499879,0
TYPE=RAS COMPONENT=KERNEL LEVEL=INFO CONTENT=iar 00106580 dear 045e148c,0,0,281.3039452499879,1
TYPE=RAS COMPONENT=KERNEL LEVEL=INFO CONTENT=2354412 floating point alignment exceptions,0,1,281.3039452499879,0
TYPE=RAS COMPONENT=KERNEL LEVEL=INFO CONTENT=2354412 floating point alignment exceptions,0,1,275.94471787506336,0
TYPE=RAS COMPONENT=KERNEL LEVEL=INFO CONTENT=2354412 floating point alignment exceptions,0,1,275.94471787506336,0
TYPE=RAS COMPONENT=KERNEL LEVEL=INFO CONTENT=2354412 floating point alignment exceptions,0,1,275.94471787506336,0
TYPE=RAS COMPONENT=KERNEL LEVEL=INFO CONTENT=2354412 floating point alignment exceptions,0,1,275.94471787506336,0
TYPE=RAS COMPONENT=KERNEL LEVEL=INFO CONTENT=2354412 floating point alignment exceptions,0,1,275.94471787506336,0
TYPE=RAS COMPONENT=KERNEL LEVEL=INFO CONTENT=2354412 floating point alignment exceptions,0,1,275.94471787506336,0
TYPE=RAS COMPONENT=KERNEL LEVEL=INFO CONTENT=2354412 floating point alignment exceptions,0,1,275.94471787506336,0
TYPE=RAS COMPONENT=KERNEL LEVEL=INFO CONTENT=2354412 floating point alignment exceptions,0,1,275.94471787506336,0
TYPE=RAS COMPONENT=KERNEL LEVEL=INFO CONTENT=2354412 floating point alignment exceptions,0,1,277.3859095000262,0
TYPE=RAS COMPONENT=KERNEL LEVEL=INFO CONTENT=2354412 floating point alignment exceptions,0,1,277.3859095000262,0
TYPE=RAS COMPONENT=KERNEL LEVEL=INFO CONTENT=2354412 floating point alignment exceptions,0,1,277.3859095000262,0
TYPE=RAS COMPONENT=KERNEL LEVEL=INFO CONTENT=2354412 floating point alignment exceptions,0,1,277.3859095000262,0
TYPE=RAS COMPONENT=KERNEL LEVEL=INFO CONTENT=2354412 floating point alignment exceptions,0,1,277.3859095000262,0
TYPE=RAS COMPONENT=KERNEL LEVEL=INFO CONTENT=62500 floating point alignment exceptions,0,0,277.3859095000262,1
TYPE=RAS COMPONENT=KERNEL LEVEL=INFO CONTENT=62500 floating point alignment exceptions,0,0,277.3859095000262,1
TYPE=RAS COMPONENT=KERNEL LEVEL=INFO CONTENT=62500 floating point alignment exceptions,0,0,277.3859095000262,1
TYPE=RAS COMPONENT=KERNEL LEVEL=INFO CONTENT=iar 00106570 dear 0245a10c,0,1,281.285394000065,0
TYPE=RAS COMPONENT=KERNEL LEVEL=INFO CONTENT=iar 001061fc dear 02f6676c,0,1,281.285394000065,0
TYPE=RAS COMPONENT=KERNEL LEVEL=INFO CONTENT=iar 00106588 dear 0245a17c,0,1,281.285394000065,0
TYPE=RAS COMPONENT=KERNEL LEVEL=INFO CONTENT=iar 0010662c dear 0245ccfc,0,1,281.285394000065,0
TYPE=RAS COMPONENT=KERNEL LEVEL=INFO CONTENT=iar 00106bd8 dear 0245ce0c,0,0,281.285394000065,1
TYPE=RAS COMPONENT=KERNEL LEVEL=INFO CONTENT=iar 00106834 dear 0245ccfc,0,0,281.285394000065,1
TYPE=RAS COMPONENT=KERNEL LEVEL=INFO CONTENT=iar 00106bd8 dear 0245cd8c,0,0,281.285394000065,1
TYPE=RAS COMPONENT=KERNEL LEVEL=INFO CONTENT=iar 0010682c dear 0245ccfc,0,0,281.285394000065,1
TYPE=RAS COMPONENT=KERNEL LEVEL=INFO CONTENT=iar 00106b8c dear 0245ce8c,0,1,280.8515883750715,0
TYPE=RAS COMPONENT=KERNEL LEVEL=INFO CONTENT=iar 00106bc0 dear 0245cd7c,0,0,280.8515883750715,1
TYPE=RAS COMPONENT=KERNEL LEVEL=INFO CONTENT=iar 00106bd8 dear 0245cd9c,0,0,280.8515883750715,1
TYPE=RAS COMPONENT=KERNEL LEVEL=INFO CONTENT=iar 00106bd8 dear 0245ceec,0,0,280.8515883750715,1
TYPE=RAS COMPONENT=KERNEL LEVEL=INFO CONTENT=iar 0010681c dear 02f692fc,0,1,280.8515883750715,0
TYPE=RAS COMPONENT=KERNEL LEVEL=INFO CONTENT=iar 00106b8c dear 0245cf5c,0,0,280.8515883750715,1
TYPE=RAS COMPONENT=KERNEL LEVEL=INFO CONTENT=iar 00106bc0 dear 0245cdec,0,0,280.8515883750715,1
TYPE=RAS COMPONENT=KERNEL LEVEL=INFO CONTENT=iar 00106600 dear 0245ccfc,0,0,280.8515883750715,1
TYPE=RAS COMPONENT=KERNEL LEVEL=INFO CONTENT=iar 00106bd8 dear 0245cf0c,0,0,280.32855974993254,1
TYPE=RAS COMPONENT=KERNEL LEVEL=INFO CONTENT=iar 00106834 dear 0245cd0c,0,0,280.32855974993254,1
TYPE=RAS COMPONENT=KERNEL LEVEL=INFO CONTENT=iar 00106bd8 dear 0245cf3c,0,0,280.32855974993254,1
TYPE=RAS COMPONENT=KERNEL LEVEL=INFO CONTENT=iar 0010686c dear 02f6930c,0,0,280.32855974993254,1
TYPE=RAS COMPONENT=KERNEL LEVEL=INFO CONTENT=iar 0010686c dear 02f6951c,0,0,280.32855974993254,1
TYPE=RAS COMPONENT=KERNEL LEVEL=INFO CONTENT=45684 floating point alignment exceptions,0,0,280.32855974993254,1
TYPE=RAS COMPONENT=KERNEL LEVEL=INFO CONTENT=iar 00106704 dear 0245b80c,0,1,280.32855974993254,0
TYPE=RAS COMPONENT=KERNEL LEVEL=INFO CONTENT=iar 0010639c dear 0245b71c,0,1,280.32855974993254,0
TYPE=RAS COMPONENT=KERNEL LEVEL=INFO CONTENT=iar 00106704 dear 0245b83c,0,1,281.48277562502244,0
TYPE=RAS COMPONENT=KERNEL LEVEL=INFO CONTENT=iar 00106704 dear 0245d57c,0,1,281.48277562502244,0
TYPE=RAS COMPONENT=KERNEL LEVEL=INFO CONTENT=iar 001063a0 dear 02f67e4c,0,0,281.48277562502244,1
TYPE=RAS COMPONENT=KERNEL LEVEL=INFO CONTENT=iar 001064fc dear 0245b64c,0,1,281.48277562502244,0
TYPE=RAS COMPONENT=KERNEL LEVEL=INFO CONTENT=iar 0010671c dear 0245b72c,0,0,281.48277562502244,1
TYPE=RAS COMPONENT=KERNEL LEVEL=INFO CONTENT=16604010 floating point alignment exceptions,0,0,281.48277562502244,1
TYPE=RAS COMPONENT=KERNEL LEVEL=INFO CONTENT=16469355 floating point alignment exceptions,0,1,281.48277562502244,0
TYPE=RAS COMPONENT=KERNEL LEVEL=INFO CONTENT=iar 00106390 dear 02f67cfc,0,0,281.48277562502244,1
TYPE=RAS COMPONENT=KERNEL LEVEL=INFO CONTENT=iar 00106704 dear 0245b6bc,0,0,280.33305237499917,1
TYPE=RAS COMPONENT=KERNEL LEVEL=INFO CONTENT=iar 00106168 dear 0245b64c,0,1,280.33305237499917,0
TYPE=RAS COMPONENT=KERNEL LEVEL=INFO CONTENT=iar 0010635c dear 0245b62c,0,0,280.33305237499917,1
TYPE=RAS COMPONENT=KERNEL LEVEL=INFO CONTENT=iar 00106704 dear 0245b77c,0,1,280.33305237499917,0
TYPE=RAS COMPONENT=KERNEL LEVEL=INFO CONTENT=iar 001064fc dear 0245b64c,0,1,280.33305237499917,0
TYPE=RAS COMPONENT=KERNEL LEVEL=INFO CONTENT=16736445 floating point alignment exceptions,0,1,280.33305237499917,0
TYPE=RAS COMPONENT=KERNEL LEVEL=INFO CONTENT=iar 001061cc dear 02f6667c,0,0,280.33305237499917,1
TYPE=RAS COMPONENT=KERNEL LEVEL=INFO CONTENT=iar 00105fd4 dear 0245a09c,0,0,280.33305237499917,1
TYPE=RAS COMPONENT=KERNEL LEVEL=INFO CONTENT=iar 00105fd4 dear 0245a09c,0,0,280.2220468749965,1
TYPE=RAS COMPONENT=KERNEL LEVEL=INFO CONTENT=iar 001061e4 dear 0245a09c,0,0,280.2220468749965,1
TYPE=RAS COMPONENT=KERNEL LEVEL=INFO CONTENT=iar 001061ec dear 02f6668c,0,0,280.2220468749965,1
TYPE=RAS COMPONENT=KERNEL LEVEL=INFO CONTENT=iar 001061ec dear 02f6668c,0,0,280.2220468749965,1
TYPE=RAS COMPONENT=KERNEL LEVEL=INFO CONTENT=74350836 floating point alignment exceptions,0,0,280.2220468749965,1
TYPE=RAS COMPONENT=KERNEL LEVEL=INFO CONTENT=iar 0010650c dear 0246a95c,0,0,280.2220468749965,1
TYPE=RAS COMPONENT=KERNEL LEVEL=INFO CONTENT=iar 00106988 dear 02f7bd6c,0,0,280.2220468749965,1
TYPE=RAS COMPONENT=KERNEL LEVEL=INFO CONTENT=iar 00106cf8 dear 0246f9fc,0,0,280.2220468749965,1
TYPE=RAS COMPONENT=KERNEL LEVEL=INFO CONTENT=54004554 floating point alignment exceptions,0,0,280.5708678749852,1
TYPE=RAS COMPONENT=KERNEL LEVEL=INFO CONTENT=iar 001069a8 dear 02f7bd7c,0,1,280.5708678749852,0
TYPE=RAS COMPONENT=KERNEL LEVEL=INFO CONTENT=iar 001066ac dear 0252524c,0,0,280.5708678749852,1
TYPE=RAS COMPONENT=KERNEL LEVEL=INFO CONTENT=iar 001066c4 dear 0252528c,0,0,280.5708678749852,1
TYPE=RAS COMPONENT=KERNEL LEVEL=INFO CONTENT=iar 001066c4 dear 025251fc,0,1,280.5708678749852,0
TYPE=RAS COMPONENT=KERNEL LEVEL=INFO CONTENT=iar 00106678 dear 0252523c,0,0,280.5708678749852,1
TYPE=RAS COMPONENT=KERNEL LEVEL=INFO CONTENT=iar 001007b8 dear 065b4c7c,0,1,280.5708678749852,0
TYPE=RAS COMPONENT=KERNEL LEVEL=INFO CONTENT=iar 001007a8 dear 065b4cac,0,0,280.5708678749852,1
TYPE=RAS COMPONENT=KERNEL LEVEL=INFO CONTENT=ciod: generated 128 core files for program /g/g20/valone1/SPaSM-shock/SPaSM_mpi,0,1,282.4978597500376,0
TYPE=RAS COMPONENT=KERNEL LEVEL=INFO CONTENT=iar 001066ac dear 0252523c,0,0,282.4978597500376,1
TYPE=RAS COMPONENT=KERNEL LEVEL=INFO CONTENT=iar 001066c4 dear 0252527c,0,0,282.4978597500376,1
TYPE=RAS COMPONENT=KERNEL LEVEL=INFO CONTENT=iar 001066c4 dear 0252523c,0,0,282.4978597500376,1
TYPE=RAS COMPONENT=KERNEL LEVEL=INFO CONTENT=iar 001066ac dear 025252bc,0,0,282.4978597500376,1
TYPE=RAS COMPONENT=KERNEL LEVEL=INFO CONTENT=iar 001066c4 dear 0252529c,0,0,282.4978597500376,1
TYPE=RAS COMPONENT=KERNEL LEVEL=INFO CONTENT=2667384 floating point alignment exceptions,0,0,282.4978597500376,1
TYPE=RAS COMPONENT=KERNEL LEVEL=INFO CONTENT=iar 00106570 dear 0245a5bc,0,1,282.4978597500376,0
TYPE=RAS COMPONENT=KERNEL LEVEL=INFO CONTENT=iar 00106570 dear 0245a5ec,0,0,280.28436825002245,1
TYPE=RAS COMPONENT=KERNEL LEVEL=INFO CONTENT=iar 0010653c dear 0245a63c,0,1,280.28436825002245,0
TYPE=RAS COMPONENT=KERNEL LEVEL=INFO CONTENT=407736 floating point alignment exceptions,0,0,280.28436825002245,1
TYPE=RAS COMPONENT=KERNEL LEVEL=INFO CONTENT=428412 floating point alignment exceptions,0,1,280.28436825002245,0
TYPE=RAS COMPONENT=KERNEL LEVEL=INFO CONTENT=441348 floating point alignment exceptions,0,1,280.28436825002245,0
TYPE=RAS COMPONENT=KERNEL LEVEL=INFO CONTENT=iar 001061d4 dear 024696cc,0,0,280.28436825002245,1
TYPE=RAS COMPONENT=KERNEL LEVEL=INFO CONTENT=iar 00106348 dear 024696bc,0,0,280.28436825002245,1
TYPE=RAS COMPONENT=KERNEL LEVEL=INFO CONTENT=iar 00106204 dear 02f75edc,0,0,280.28436825002245,1
"TYPE=RAS COMPONENT=KERNEL LEVEL=INFO CONTENT=CE sym 21, at 0x111d8c60, mask 0x01",0,0,282.42254974998104,1
TYPE=RAS COMPONENT=KERNEL LEVEL=INFO CONTENT=instruction cache parity error corrected,0,0,282.42254974998104,1
"TYPE=RAS COMPONENT=KERNEL LEVEL=INFO CONTENT=CE sym 34, at 0x11e7ed80, mask 0x80",0,0,282.42254974998104,1
"TYPE=RAS COMPONENT=KERNEL LEVEL=INFO CONTENT=2 ddr errors(s) detected and corrected on rank 0, symbol 18, bit 6",0,1,282.42254974998104,0
TYPE=RAS COMPONENT=KERNEL LEVEL=INFO CONTENT=instruction cache parity error corrected,0,0,282.42254974998104,1
"TYPE=RAS COMPONENT=APP LEVEL=FATAL CONTENT=ciod: Error loading /bgl/apps/followup/RAPTOR/pre-study/raptor.newcomp.r1: invalid or missing program image, Permission denied",0,0,282.42254974998104,1
"TYPE=RAS COMPONENT=APP LEVEL=FATAL CONTENT=ciod: Error loading /bgl/apps/followup/RAPTOR/pre-study/raptor.newcomp.r1: invalid or missing program image, Permission denied",0,0,282.42254974998104,1
TYPE=RAS COMPONENT=KERNEL LEVEL=INFO CONTENT=iar 00105e88 dear 02f6436c,0,0,282.42254974998104,1
TYPE=RAS COMPONENT=KERNEL LEVEL=INFO CONTENT=iar 00105e84 dear 0244f29c,0,1,281.3090203749198,0
"TYPE=RAS COMPONENT=KERNEL LEVEL=INFO CONTENT=CE sym 30, at 0x042358a0, mask 0x20",0,0,281.3090203749198,1
TYPE=RAS COMPONENT=KERNEL LEVEL=INFO CONTENT=ciod: generated 128 core files for program /g/g24/germann2/BGL-demo/SPaSM_mpi,0,1,281.3090203749198,0
TYPE=RAS COMPONENT=KERNEL LEVEL=INFO CONTENT=iar 001061e8 dear 0247012c,0,0,281.3090203749198,1
TYPE=RAS COMPONENT=KERNEL LEVEL=INFO CONTENT=iar 001061e8 dear 0247015c,0,0,281.3090203749198,1
TYPE=RAS COMPONENT=KERNEL LEVEL=INFO CONTENT=iar 00106200 dear 0247016c,0,0,281.3090203749198,1
TYPE=RAS COMPONENT=KERNEL LEVEL=INFO CONTENT=iar 001061b4 dear 024701dc,0,1,281.3090203749198,0
TYPE=RAS COMPONENT=KERNEL LEVEL=INFO CONTENT=iar 001061e8 dear 0247015c,0,0,281.3090203749198,1
TYPE=RAS COMPONENT=KERNEL LEVEL=INFO CONTENT=iar 00106200 dear 0247019c,0,0,280.4642511250677,1
TYPE=RAS COMPONENT=KERNEL LEVEL=INFO CONTENT=iar 00105e84 dear 024701dc,0,0,280.4642511250677,1
TYPE=RAS COMPONENT=KERNEL LEVEL=INFO CONTENT=iar 00106200 dear 0247019c,0,0,280.4642511250677,1
TYPE=RAS COMPONENT=KERNEL LEVEL=INFO CONTENT=iar 001061e8 dear 0247015c,0,0,280.4642511250677,1
TYPE=RAS COMPONENT=KERNEL LEVEL=INFO CONTENT=iar 001061e8 dear 0247018c,0,1,280.4642511250677,0
TYPE=RAS COMPONENT=KERNEL LEVEL=INFO CONTENT=iar 001061e8 dear 0247015c,0,0,280.4642511250677,1
TYPE=RAS COMPONENT=KERNEL LEVEL=INFO CONTENT=iar 001061e8 dear 0247012c,0,1,280.4642511250677,0
TYPE=RAS COMPONENT=KERNEL LEVEL=INFO CONTENT=iar 001061b4 dear 0247017c,0,1,280.4642511250677,0
TYPE=RAS COMPONENT=KERNEL LEVEL=INFO CONTENT=iar 001061b4 dear 024701ac,0,0,303.5179406250563,1
TYPE=RAS COMPONENT=KERNEL LEVEL=INFO CONTENT=iar 001061b4 dear 0247017c,0,0,303.5179406250563,1
TYPE=RAS COMPONENT=KERNEL LEVEL=INFO CONTENT=iar 00106200 dear 0247019c,0,0,303.5179406250563,1
TYPE=RAS COMPONENT=KERNEL LEVEL=INFO CONTENT=iar 001061e8 dear 0247015c,0,0,303.5179406250563,1
TYPE=RAS COMPONENT=KERNEL LEVEL=INFO CONTENT=iar 001061b4 dear 0247017c,0,0,303.5179406250563,1
TYPE=RAS COMPONENT=KERNEL LEVEL=INFO CONTENT=19220208 floating point alignment exceptions,0,0,303.5179406250563,1
"TYPE=RAS COMPONENT=KERNEL LEVEL=FATAL CONTENT=Error receiving packet on tree network, expecting type 57 instead of type 3 (softheader=00589370 90990003 00000002 00000000) PSR0=00001f01 PSR1=00000000 PRXF=00000002 PIXF=00000007",1,0,303.5179406250563,0
TYPE=RAS COMPONENT=KERNEL LEVEL=FATAL CONTENT=program interrupt: privileged instruction...0,0,0,303.5179406250563,1
TYPE=RAS COMPONENT=KERNEL LEVEL=INFO CONTENT=iar 00106ba0 dear 0246de3c,0,0,280.7404192500371,1
TYPE=RAS COMPONENT=KERNEL LEVEL=INFO CONTENT=iar 00106b98 dear 0246dd9c,0,1,280.7404192500371,0
TYPE=RAS COMPONENT=KERNEL LEVEL=INFO CONTENT=iar 00106c0c dear 0246de1c,0,1,280.7404192500371,0
TYPE=RAS COMPONENT=KERNEL LEVEL=INFO CONTENT=5302707 floating point alignment exceptions,0,0,280.7404192500371,1
TYPE=RAS COMPONENT=KERNEL LEVEL=INFO CONTENT=iar 00106448 dear 0246dbbc,0,0,280.7404192500371,1
TYPE=RAS COMPONENT=KERNEL LEVEL=INFO CONTENT=iar 00106448 dear 0246db5c,0,0,280.7404192500371,1
TYPE=RAS COMPONENT=KERNEL LEVEL=INFO CONTENT=iar 00106448 dear 0246dbec,0,0,280.7404192500371,1
"TYPE=RAS COMPONENT=KERNEL LEVEL=INFO CONTENT=CE sym 25, at 0x10e1bce0, mask 0x40",0,0,280.7404192500371,1
TYPE=RAS COMPONENT=KERNEL LEVEL=INFO CONTENT=iar 00106288 dear 02f7a0fc,0,1,282.0505142500451,0
TYPE=RAS COMPONENT=KERNEL LEVEL=INFO CONTENT=iar 00113890 dear 0fee9c3c,0,1,282.0505142500451,0
TYPE=RAS COMPONENT=KERNEL LEVEL=INFO CONTENT=iar 00113898 dear 0fee9c4c,0,1,282.0505142500451,0
TYPE=RAS COMPONENT=KERNEL LEVEL=INFO CONTENT=iar 00113898 dear 0fee9c4c,0,1,282.0505142500451,0
TYPE=RAS COMPONENT=KERNEL LEVEL=INFO CONTENT=5 torus receiver z+ input pipe error(s) (dcr 0x02f0) detected and corrected,0,0,282.0505142500451,1
"TYPE=RAS COMPONENT=KERNEL LEVEL=INFO CONTENT=CE sym 9, at 0x12870760, mask 0x40",0,0,282.0505142500451,1
TYPE=RAS COMPONENT=KERNEL LEVEL=INFO CONTENT=3 L3 EDRAM error(s) (dcr 0x0157) detected and corrected,0,0,282.0505142500451,1
"TYPE=RAS COMPONENT=KERNEL LEVEL=INFO CONTENT=CE sym 6, at 0x00e462c0, mask 0x02",0,0,282.0505142500451,1
"TYPE=RAS COMPONENT=KERNEL LEVEL=INFO CONTENT=CE sym 25, at 0x00e19cc0, mask 0x10",0,0,280.5059505000145,1
"TYPE=RAS COMPONENT=KERNEL LEVEL=INFO CONTENT=2 ddr errors(s) detected and corrected on rank 0, symbol 4, bit 4",0,0,280.5059505000145,1
"TYPE=RAS COMPONENT=KERNEL LEVEL=INFO CONTENT=CE sym 15, at 0x1bb2fe80, mask 0x02",0,0,280.5059505000145,1
TYPE=RAS COMPONENT=KERNEL LEVEL=FATAL CONTENT=rts: kernel terminated for reason 1004,1,1,280.5059505000145,1
TYPE=RAS COMPONENT=KERNEL LEVEL=INFO CONTENT=iar 00106274 dear 0246da8c,0,0,280.5059505000145,1
TYPE=RAS COMPONENT=KERNEL LEVEL=INFO CONTENT=iar 00106448 dear 0246dacc,0,0,280.5059505000145,1
TYPE=RAS COMPONENT=KERNEL LEVEL=INFO CONTENT=iar 00106298 dear 02f7a18c,0,1,280.5059505000145,0
TYPE=RAS COMPONENT=KERNEL LEVEL=INFO CONTENT=488205 floating point alignment exceptions,0,0,280.5059505000145,1
TYPE=RAS COMPONENT=KERNEL LEVEL=INFO CONTENT=ciod: generated 128 core files for program /bgl/apps/followup/SPaSM_static/SPaSM_mpi.new_comp,0,0,301.2747631249795,1
"TYPE=RAS COMPONENT=KERNEL LEVEL=INFO CONTENT=1 ddr errors(s) detected and corrected on rank 0, symbol 8, bit 7",0,0,301.2747631249795,1
"TYPE=RAS COMPONENT=KERNEL LEVEL=INFO CONTENT=CE sym 25, at 0x12127ee0, mask 0x10",0,0,301.2747631249795,1
TYPE=RAS COMPONENT=KERNEL LEVEL=FATAL CONTENT=rts: kernel terminated for reason 1004,1,0,301.2747631249795,0
"TYPE=RAS COMPONENT=KERNEL LEVEL=FATAL CONTENT=Error receiving packet on tree network, expecting type 57 instead of type 3 (softheader=00ce22e8 e6200003 00000002 00000000) PSR0=00001f01 PSR1=00000000 PRXF=00000002 PIXF=00000007",1,0,301.2747631249795,0
"TYPE=RAS COMPONENT=KERNEL LEVEL=FATAL CONTENT=Error receiving packet on tree network, expecting type 57 instead of type 3 (softheader=00ce22e8 e6200003 00000002 00000000) PSR0=20021f01 PSR1=00000000 PRXF=00000002 PIXF=00000007",1,0,301.2747631249795,0
"TYPE=RAS COMPONENT=KERNEL LEVEL=INFO CONTENT=critical input interrupt (unit=0x0b bit=0x0a): warning for torus z+ wire, suppressing further interrupts of same type",0,0,301.2747631249795,1
TYPE=RAS COMPONENT=KERNEL LEVEL=INFO CONTENT=ciod: generated 128 core files for program /bgl/apps/followup/SPaSM_static/SPaSM_mpi.rel2,0,0,301.2747631249795,1
TYPE=RAS COMPONENT=KERNEL LEVEL=INFO CONTENT=ciod: generated 64 core files for program /bgl/apps/followup/hellow/a.out.1111,0,0,301.14331050003784,1
TYPE=RAS COMPONENT=KERNEL LEVEL=INFO CONTENT=ciod: generated 64 core files for program /bgl/apps/followup/hellow/a.out.1111,0,0,301.14331050003784,1
"TYPE=NULL COMPONENT=DISCOVERY LEVEL=INFO CONTENT=Node card VPD check: U11 node in processor card slot J04 do not match. VPD ecid 04D58088CB2FFFFF08031C104CE9, found 04CA80D8012FFFFF08061A8094CB",0,0,301.14331050003784,1
"TYPE=NULL COMPONENT=DISCOVERY LEVEL=INFO CONTENT=Node card VPD check: U11 node in processor card slot J10 do not match. VPD ecid 07570DD8002FFFFF09031B7090E2, found 04D480D8482FFFFF0A071BA052DE",0,0,301.14331050003784,1
TYPE=RAS COMPONENT=KERNEL LEVEL=FATAL CONTENT=rts: kernel terminated for reason 1004,1,0,301.14331050003784,0
"TYPE=RAS COMPONENT=KERNEL LEVEL=FATAL CONTENT=Error receiving packet on tree network, expecting type 57 instead of type 3 (softheader=009756d5 8bfa0003 00000002 00000000) PSR0=20021f01 PSR1=00000000 PRXF=00000002 PIXF=00000007",1,0,301.14331050003784,0
"TYPE=RAS COMPONENT=APP LEVEL=FATAL CONTENT=ciod: Error loading /bgl/apps/followup/SPaSM_static/SPaSM.460-1115: invalid or missing program image, Permission denied",0,1,301.14331050003784,0
TYPE=RAS COMPONENT=KERNEL LEVEL=INFO CONTENT=18507114 torus sender z- retransmission error(s) (dcr 0x02f9) detected and corrected over 198 seconds,0,1,301.14331050003784,0
TYPE=RAS COMPONENT=KERNEL LEVEL=INFO CONTENT=26741629 torus sender z- retransmission error(s) (dcr 0x02f9) detected and corrected over 268 seconds,0,0,284.32415737495376,1
"TYPE=RAS COMPONENT=KERNEL LEVEL=INFO CONTENT=ciod: Received signal 15, code=0, errno=0, address=0x000001b0",0,0,284.32415737495376,1
"TYPE=RAS COMPONENT=KERNEL LEVEL=INFO CONTENT=ciod: Received signal 15, code=0, errno=0, address=0x000001b0",0,0,284.32415737495376,1
"TYPE=RAS COMPONENT=KERNEL LEVEL=INFO CONTENT=ciod: Received signal 15, code=0, errno=0, address=0x000001b0",0,0,284.32415737495376,1
"TYPE=RAS COMPONENT=KERNEL LEVEL=INFO CONTENT=CE sym 28, at 0x1efc7020, mask 0x20",0,0,284.32415737495376,1
TYPE=RAS COMPONENT=KERNEL LEVEL=INFO CONTENT=ciod: generated 128 core files for program /g/g90/glosli/src/ddcMD/ddcMD1.1.18a/bin/ddcMDbglV,0,0,284.32415737495376,1
TYPE=RAS COMPONENT=KERNEL LEVEL=INFO CONTENT=ciod: generated 128 core files for program /g/g90/glosli/src/ddcMD/ddcMD1.1.18a/bin/ddcMDbglV,0,0,284.32415737495376,1
TYPE=RAS COMPONENT=KERNEL LEVEL=FATAL CONTENT=Lustre mount FAILED : bglio78 : block_id : location,1,1,284.32415737495376,1
"TYPE=RAS COMPONENT=KERNEL LEVEL=INFO CONTENT=ciod: Received signal 15, code=0, errno=0, address=0x000001b0",0,0,284.1134196249868,1
TYPE=RAS COMPONENT=KERNEL LEVEL=INFO CONTENT=MACHINE CHECK DCR read timeout (mc=e08x iar 0x00000000 lr 0xc00045a4),0,0,284.1134196249868,1
TYPE=RAS COMPONENT=KERNEL LEVEL=INFO CONTENT=MACHINE CHECK DCR read timeout (mc=e08x iar 0x00000000 lr 0xc00045a4),0,0,284.1134196249868,1
TYPE=RAS COMPONENT=KERNEL LEVEL=INFO CONTENT=MACHINE CHECK DCR read timeout (mc=e08x iar 0x00000000 lr 0xc00045a4),0,0,284.1134196249868,1
TYPE=RAS COMPONENT=KERNEL LEVEL=INFO CONTENT=MACHINE CHECK DCR read timeout (mc=e08x iar 0x00000000 lr 0xc00045a4),0,0,284.1134196249868,1
TYPE=RAS COMPONENT=KERNEL LEVEL=INFO CONTENT=MACHINE CHECK DCR read timeout (mc=e08x iar 0x00000000 lr 0xc00045a4),0,0,284.1134196249868,1
TYPE=RAS COMPONENT=KERNEL LEVEL=INFO CONTENT=MACHINE CHECK DCR read timeout (mc=e08x iar 0x00000000 lr 0xc00045a4),0,0,284.1134196249868,1
TYPE=RAS COMPONENT=KERNEL LEVEL=INFO CONTENT=MACHINE CHECK DCR read timeout (mc=e08x iar 0x00000000 lr 0xc00045a4),0,0,284.1134196249868,1
"TYPE=RAS COMPONENT=KERNEL LEVEL=INFO CONTENT=ciod: Received signal 15, code=0, errno=0, address=0x000001b2",0,0,285.25881862503866,1
"TYPE=RAS COMPONENT=APP LEVEL=FATAL CONTENT=ciod: Error reading message prefix on CioStream socket to 172.16.96.116:41554, Connection timed out",1,1,285.25881862503866,1
"TYPE=RAS COMPONENT=APP LEVEL=FATAL CONTENT=ciod: Error reading message prefix on CioStream socket to 172.16.96.116:52839, Connection reset by peer",1,1,285.25881862503866,1
"TYPE=RAS COMPONENT=KERNEL LEVEL=INFO CONTENT=ciod: Received signal 15, code=0, errno=0, address=0x0000044a",0,0,285.25881862503866,1
"TYPE=RAS COMPONENT=APP LEVEL=FATAL CONTENT=ciod: Error reading message prefix on CioStream socket to 172.16.96.116:52930, Connection reset by peer",1,1,285.25881862503866,1
"TYPE=RAS COMPONENT=KERNEL LEVEL=INFO CONTENT=ciod: Received signal 15, code=0, errno=0, address=0x0000044d",0,0,285.25881862503866,1
"TYPE=RAS COMPONENT=APP LEVEL=FATAL CONTENT=ciod: Error reading message prefix on CioStream socket to 172.16.96.116:53387, Connection reset by peer",1,1,285.25881862503866,1
"TYPE=RAS COMPONENT=APP LEVEL=FATAL CONTENT=ciod: Error reading message prefix on CioStream socket to 172.16.96.116:41060, Connection timed out",1,1,285.25881862503866,1
"TYPE=RAS COMPONENT=APP LEVEL=FATAL CONTENT=ciod: Error reading message prefix on CioStream socket to 172.16.96.116:41587, Connection reset by peer",1,1,284.4242511249604,1
"TYPE=RAS COMPONENT=KERNEL LEVEL=INFO CONTENT=CE sym 14, at 0x136cd5e0, mask 0x04",0,0,284.4242511249604,1
TYPE=RAS COMPONENT=KERNEL LEVEL=FATAL CONTENT=dbcr0=0x00000000 dbsr=0x00000000 ccr0=0x40002000,0,1,284.4242511249604,0
"TYPE=RAS COMPONENT=APP LEVEL=FATAL CONTENT=ciod: Error reading message prefix on CioStream socket to 172.16.96.116:41534, Link has been severed",1,1,284.4242511249604,1
"TYPE=RAS COMPONENT=KERNEL LEVEL=INFO CONTENT=ciod: Received signal 15, code=0, errno=0, address=0x00001a12",0,0,284.4242511249604,1
"TYPE=RAS COMPONENT=APP LEVEL=FATAL CONTENT=ciod: Error reading message prefix on CioStream socket to 172.16.96.116:54780, Link has been severed",1,1,284.4242511249604,1
"TYPE=RAS COMPONENT=KERNEL LEVEL=INFO CONTENT=ciod: Received signal 15, code=0, errno=0, address=0x000001f8",0,0,284.4242511249604,1
"TYPE=RAS COMPONENT=APP LEVEL=FATAL CONTENT=ciod: Error reading message prefix on CioStream socket to 172.16.96.116:60243, Link has been severed",1,1,284.4242511249604,1
"TYPE=RAS COMPONENT=KERNEL LEVEL=INFO CONTENT=ciod: Received signal 15, code=0, errno=0, address=0x000001f5",0,0,289.8555507499623,1
"TYPE=RAS COMPONENT=KERNEL LEVEL=INFO CONTENT=ciod: Received signal 15, code=0, errno=0, address=0x000001f2",0,0,289.8555507499623,1
"TYPE=RAS COMPONENT=APP LEVEL=FATAL CONTENT=ciod: Error reading message prefix on CioStream socket to 172.16.96.116:47189, Link has been severed",1,1,289.8555507499623,1
TYPE=RAS COMPONENT=KERNEL LEVEL=FATAL CONTENT=r24=0x0ffea4c8 r25=0x00000003 r26=0x0000000f r27=0xffffd000,0,0,289.8555507499623,1
"TYPE=RAS COMPONENT=KERNEL LEVEL=INFO CONTENT=ciod: Received signal 15, code=0, errno=0, address=0x000001f2",0,0,289.8555507499623,1
"TYPE=RAS COMPONENT=KERNEL LEVEL=INFO CONTENT=ciod: Received signal 15, code=0, errno=0, address=0x000001f5",0,0,289.8555507499623,1
TYPE=RAS COMPONENT=KERNEL LEVEL=INFO CONTENT=13 tree receiver 1 in re-synch state event(s) (dcr 0x0185) detected over 4562 seconds,0,0,289.8555507499623,1
"TYPE=RAS COMPONENT=KERNEL LEVEL=INFO CONTENT=ciod: Received signal 15, code=0, errno=0, address=0x000001f2",0,0,289.8555507499623,1
"TYPE=RAS COMPONENT=KERNEL LEVEL=INFO CONTENT=ciod: Received signal 15, code=0, errno=0, address=0x000001f2",0,0,294.4520541249176,1
"TYPE=NULL COMPONENT=DISCOVERY LEVEL=INFO CONTENT=Node card VPD check: U01 node in processor card slot J05 do not match. VPD ecid 04D37DF2DE7BFFFF0D081AF0DAD2, found 04DD80740E2FFFFF0A0C19D0CEBD",0,0,294.4520541249176,1
"TYPE=RAS COMPONENT=KERNEL LEVEL=INFO CONTENT=ciod: Received signal 15, code=0, errno=0, address=0x000001f5",0,0,294.4520541249176,1
"TYPE=RAS COMPONENT=KERNEL LEVEL=INFO CONTENT=CE sym 1, at 0x01d7eaa0, mask 0x02",0,1,294.4520541249176,0
TYPE=RAS COMPONENT=APP LEVEL=FATAL CONTENT=ciod: LOGIN chdir(/g/g0/spelce1/Linpack_SWL) failed: No such file or directory,0,0,294.4520541249176,1
TYPE=RAS COMPONENT=APP LEVEL=FATAL CONTENT=ciod: LOGIN chdir(/g/g0/spelce1/Linpack_SWL) failed: No such file or directory,0,0,294.4520541249176,1
TYPE=RAS COMPONENT=KERNEL LEVEL=INFO CONTENT=0 microseconds spent in the rbs signal handler during 0 calls. 0 microseconds was the maximum time for a single instance of a correctable ddr.,0,0,294.4520541249176,1
TYPE=RAS COMPONENT=KERNEL LEVEL=INFO CONTENT=0 microseconds spent in the rbs signal handler during 0 calls. 0 microseconds was the maximum time for a single instance of a correctable ddr.,0,0,294.4520541249176,1
TYPE=RAS COMPONENT=KERNEL LEVEL=INFO CONTENT=0 microseconds spent in the rbs signal handler during 0 calls. 0 microseconds was the maximum time for a single instance of a correctable ddr.,0,0,284.180811250053,1
"TYPE=RAS COMPONENT=KERNEL LEVEL=INFO CONTENT=10722 total interrupts. 0 critical input interrupts. 0 microseconds total spent on critical input interrupts, 0 microseconds max time in a critical input interrupt.",0,0,284.180811250053,1
"TYPE=RAS COMPONENT=KERNEL LEVEL=INFO CONTENT=10740 total interrupts. 0 critical input interrupts. 0 microseconds total spent on critical input interrupts, 0 microseconds max time in a critical input interrupt.",0,0,284.180811250053,1
"TYPE=RAS COMPONENT=KERNEL LEVEL=INFO CONTENT=10744 total interrupts. 0 critical input interrupts. 0 microseconds total spent on critical input interrupts, 0 microseconds max time in a critical input interrupt.",0,1,284.180811250053,0
"TYPE=RAS COMPONENT=KERNEL LEVEL=INFO CONTENT=10700 total interrupts. 0 critical input interrupts. 0 microseconds total spent on critical input interrupts, 0 microseconds max time in a critical input interrupt.",0,1,284.180811250053,0
"TYPE=RAS COMPONENT=KERNEL LEVEL=INFO CONTENT=10732 total interrupts. 0 critical input interrupts. 0 microseconds total spent on critical input interrupts, 0 microseconds max time in a critical input interrupt.",0,1,284.180811250053,0
TYPE=RAS COMPONENT=KERNEL LEVEL=INFO CONTENT=0 microseconds spent in the rbs signal handler during 0 calls. 0 microseconds was the maximum time for a single instance of a correctable ddr.,0,0,284.180811250053,1
TYPE=RAS COMPONENT=KERNEL LEVEL=INFO CONTENT=0 microseconds spent in the rbs signal handler during 0 calls. 0 microseconds was the maximum time for a single instance of a correctable ddr.,0,0,284.180811250053,1
"TYPE=RAS COMPONENT=KERNEL LEVEL=INFO CONTENT=10655 total interrupts. 0 critical input interrupts. 0 microseconds total spent on critical input interrupts, 0 microseconds max time in a critical input interrupt.",0,0,285.00615987491074,1
"TYPE=RAS COMPONENT=KERNEL LEVEL=INFO CONTENT=10650 total interrupts. 0 critical input interrupts. 0 microseconds total spent on critical input interrupts, 0 microseconds max time in a critical input interrupt.",0,0,285.00615987491074,1
TYPE=RAS COMPONENT=KERNEL LEVEL=INFO CONTENT=0 microseconds spent in the rbs signal handler during 0 calls. 0 microseconds was the maximum time for a single instance of a correctable ddr.,0,0,285.00615987491074,1
"TYPE=RAS COMPONENT=KERNEL LEVEL=INFO CONTENT=10686 total interrupts. 0 critical input interrupts. 0 microseconds total spent on critical input interrupts, 0 microseconds max time in a critical input interrupt.",0,0,285.00615987491074,1
TYPE=RAS COMPONENT=KERNEL LEVEL=INFO CONTENT=0 microseconds spent in the rbs signal handler during 0 calls. 0 microseconds was the maximum time for a single instance of a correctable ddr.,0,0,285.00615987491074,1
"TYPE=RAS COMPONENT=KERNEL LEVEL=INFO CONTENT=10674 total interrupts. 0 critical input interrupts. 0 microseconds total spent on critical input interrupts, 0 microseconds max time in a critical input interrupt.",0,1,285.00615987491074,0
"TYPE=RAS COMPONENT=KERNEL LEVEL=INFO CONTENT=10722 total interrupts. 0 critical input interrupts. 0 microseconds total spent on critical input interrupts, 0 microseconds max time in a critical input interrupt.",0,0,285.00615987491074,1
TYPE=RAS COMPONENT=KERNEL LEVEL=INFO CONTENT=0 microseconds spent in the rbs signal handler during 0 calls. 0 microseconds was the maximum time for a single instance of a correctable ddr.,0,0,285.00615987491074,1
"TYPE=RAS COMPONENT=KERNEL LEVEL=INFO CONTENT=10730 total interrupts. 0 critical input interrupts. 0 microseconds total spent on critical input interrupts, 0 microseconds max time in a critical input interrupt.",0,1,284.13643937506095,0
"TYPE=RAS COMPONENT=KERNEL LEVEL=INFO CONTENT=10686 total interrupts. 0 critical input interrupts. 0 microseconds total spent on critical input interrupts, 0 microseconds max time in a critical input interrupt.",0,0,284.13643937506095,1
"TYPE=RAS COMPONENT=KERNEL LEVEL=INFO CONTENT=10692 total interrupts. 0 critical input interrupts. 0 microseconds total spent on critical input interrupts, 0 microseconds max time in a critical input interrupt.",0,0,284.13643937506095,1
"TYPE=RAS COMPONENT=KERNEL LEVEL=INFO CONTENT=10660 total interrupts. 0 critical input interrupts. 0 microseconds total spent on critical input interrupts, 0 microseconds max time in a critical input interrupt.",0,0,284.13643937506095,1
"TYPE=RAS COMPONENT=KERNEL LEVEL=INFO CONTENT=10752 total interrupts. 0 critical input interrupts. 0 microseconds total spent on critical input interrupts, 0 microseconds max time in a critical input interrupt.",0,1,284.13643937506095,0
"TYPE=RAS COMPONENT=KERNEL LEVEL=INFO CONTENT=10732 total interrupts. 0 critical input interrupts. 0 microseconds total spent on critical input interrupts, 0 microseconds max time in a critical input interrupt.",0,1,284.13643937506095,0
TYPE=RAS COMPONENT=KERNEL LEVEL=INFO CONTENT=0 microseconds spent in the rbs signal handler during 0 calls. 0 microseconds was the maximum time for a single instance of a correctable ddr.,0,0,284.13643937506095,1
"TYPE=RAS COMPONENT=KERNEL LEVEL=INFO CONTENT=10676 total interrupts. 0 critical input interrupts. 0 microseconds total spent on critical input interrupts, 0 microseconds max time in a critical input interrupt.",0,0,284.13643937506095,1
"TYPE=RAS COMPONENT=KERNEL LEVEL=INFO CONTENT=10752 total interrupts. 0 critical input interrupts. 0 microseconds total spent on critical input interrupts, 0 microseconds max time in a critical input interrupt.",0,1,284.0785202499774,0
TYPE=RAS COMPONENT=KERNEL LEVEL=INFO CONTENT=0 microseconds spent in the rbs signal handler during 0 calls. 0 microseconds was the maximum time for a single instance of a correctable ddr.,0,0,284.0785202499774,1
"TYPE=RAS COMPONENT=KERNEL LEVEL=INFO CONTENT=10728 total interrupts. 0 critical input interrupts. 0 microseconds total spent on critical input interrupts, 0 microseconds max time in a critical input interrupt.",0,1,284.0785202499774,0
"TYPE=RAS COMPONENT=KERNEL LEVEL=INFO CONTENT=10712 total interrupts. 0 critical input interrupts. 0 microseconds total spent on critical input interrupts, 0 microseconds max time in a critical input interrupt.",0,0,284.0785202499774,1
"TYPE=RAS COMPONENT=KERNEL LEVEL=INFO CONTENT=10718 total interrupts. 0 critical input interrupts. 0 microseconds total spent on critical input interrupts, 0 microseconds max time in a critical input interrupt.",0,1,284.0785202499774,0
"TYPE=RAS COMPONENT=KERNEL LEVEL=INFO CONTENT=10722 total interrupts. 0 critical input interrupts. 0 microseconds total spent on critical input interrupts, 0 microseconds max time in a critical input interrupt.",0,0,284.0785202499774,1
"TYPE=RAS COMPONENT=KERNEL LEVEL=INFO CONTENT=10644 total interrupts. 0 critical input interrupts. 0 microseconds total spent on critical input interrupts, 0 microseconds max time in a critical input interrupt.",0,0,284.0785202499774,1
TYPE=RAS COMPONENT=KERNEL LEVEL=INFO CONTENT=0 microseconds spent in the rbs signal handler during 0 calls. 0 microseconds was the maximum time for a single instance of a correctable ddr.,0,0,284.0785202499774,1
TYPE=RAS COMPONENT=KERNEL LEVEL=INFO CONTENT=0 microseconds spent in the rbs signal handler during 0 calls. 0 microseconds was the maximum time for a single instance of a correctable ddr.,0,0,284.2628641249121,1
TYPE=RAS COMPONENT=KERNEL LEVEL=INFO CONTENT=0 microseconds spent in the rbs signal handler during 0 calls. 0 microseconds was the maximum time for a single instance of a correctable ddr.,0,0,284.2628641249121,1
"TYPE=RAS COMPONENT=KERNEL LEVEL=INFO CONTENT=10738 total interrupts. 0 critical input interrupts. 0 microseconds total spent on critical input interrupts, 0 microseconds max time in a critical input interrupt.",0,1,284.2628641249121,0
"TYPE=RAS COMPONENT=KERNEL LEVEL=INFO CONTENT=10646 total interrupts. 0 critical input interrupts. 0 microseconds total spent on critical input interrupts, 0 microseconds max time in a critical input interrupt.",0,0,284.2628641249121,1
TYPE=RAS COMPONENT=KERNEL LEVEL=INFO CONTENT=0 microseconds spent in the rbs signal handler during 0 calls. 0 microseconds was the maximum time for a single instance of a correctable ddr.,0,0,284.2628641249121,1
"TYPE=RAS COMPONENT=KERNEL LEVEL=INFO CONTENT=10710 total interrupts. 0 critical input interrupts. 0 microseconds total spent on critical input interrupts, 0 microseconds max time in a critical input interrupt.",0,0,284.2628641249121,1
TYPE=RAS COMPONENT=KERNEL LEVEL=INFO CONTENT=0 microseconds spent in the rbs signal handler during 0 calls. 0 microseconds was the maximum time for a single instance of a correctable ddr.,0,0,284.2628641249121,1
TYPE=RAS COMPONENT=KERNEL LEVEL=INFO CONTENT=0 microseconds spent in the rbs signal handler during 0 calls. 0 microseconds was the maximum time for a single instance of a correctable ddr.,0,0,284.2628641249121,1
"TYPE=RAS COMPONENT=KERNEL LEVEL=INFO CONTENT=10706 total interrupts. 0 critical input interrupts. 0 microseconds total spent on critical input interrupts, 0 microseconds max time in a critical input interrupt.",0,1,284.207340499961,0
TYPE=RAS COMPONENT=KERNEL LEVEL=INFO CONTENT=0 microseconds spent in the rbs signal handler during 0 calls. 0 microseconds was the maximum time for a single instance of a correctable ddr.,0,0,284.207340499961,1
TYPE=RAS COMPONENT=KERNEL LEVEL=INFO CONTENT=0 microseconds spent in the rbs signal handler during 0 calls. 0 microseconds was the maximum time for a single instance of a correctable ddr.,0,0,284.207340499961,1
"TYPE=RAS COMPONENT=KERNEL LEVEL=INFO CONTENT=10765 total interrupts. 0 critical input interrupts. 0 microseconds total spent on critical input interrupts, 0 microseconds max time in a critical input interrupt.",0,1,284.207340499961,0
TYPE=RAS COMPONENT=KERNEL LEVEL=INFO CONTENT=0 microseconds spent in the rbs signal handler during 0 calls. 0 microseconds was the maximum time for a single instance of a correctable ddr.,0,0,284.207340499961,1
"TYPE=RAS COMPONENT=KERNEL LEVEL=INFO CONTENT=10698 total interrupts. 0 critical input interrupts. 0 microseconds total spent on critical input interrupts, 0 microseconds max time in a critical input interrupt.",0,0,284.207340499961,1
"TYPE=RAS COMPONENT=KERNEL LEVEL=INFO CONTENT=10744 total interrupts. 0 critical input interrupts. 0 microseconds total spent on critical input interrupts, 0 microseconds max time in a critical input interrupt.",0,1,284.207340499961,0
"TYPE=RAS COMPONENT=KERNEL LEVEL=INFO CONTENT=10740 total interrupts. 0 critical input interrupts. 0 microseconds total spent on critical input interrupts, 0 microseconds max time in a critical input interrupt.",0,0,284.207340499961,1
TYPE=RAS COMPONENT=KERNEL LEVEL=INFO CONTENT=0 microseconds spent in the rbs signal handler during 0 calls. 0 microseconds was the maximum time for a single instance of a correctable ddr.,0,0,284.236256999975,1
"TYPE=RAS COMPONENT=KERNEL LEVEL=INFO CONTENT=10684 total interrupts. 0 critical input interrupts. 0 microseconds total spent on critical input interrupts, 0 microseconds max time in a critical input interrupt.",0,1,284.236256999975,0
"TYPE=RAS COMPONENT=KERNEL LEVEL=INFO CONTENT=10652 total interrupts. 0 critical input interrupts. 0 microseconds total spent on critical input interrupts, 0 microseconds max time in a critical input interrupt.",0,0,284.236256999975,1
TYPE=RAS COMPONENT=KERNEL LEVEL=INFO CONTENT=0 microseconds spent in the rbs signal handler during 0 calls. 0 microseconds was the maximum time for a single instance of a correctable ddr.,0,0,284.236256999975,1
TYPE=RAS COMPONENT=KERNEL LEVEL=INFO CONTENT=0 microseconds spent in the rbs signal handler during 0 calls. 0 microseconds was the maximum time for a single instance of a correctable ddr.,0,0,284.236256999975,1
TYPE=RAS COMPONENT=KERNEL LEVEL=INFO CONTENT=0 microseconds spent in the rbs signal handler during 0 calls. 0 microseconds was the maximum time for a single instance of a correctable ddr.,0,0,284.236256999975,1
"TYPE=RAS COMPONENT=KERNEL LEVEL=INFO CONTENT=1966 total interrupts. 0 critical input interrupts. 0 microseconds total spent on critical input interrupts, 0 microseconds max time in a critical input interrupt.",0,0,284.236256999975,1
TYPE=RAS COMPONENT=KERNEL LEVEL=INFO CONTENT=0 microseconds spent in the rbs signal handler during 0 calls. 0 microseconds was the maximum time for a single instance of a correctable ddr.,0,0,284.236256999975,1
"TYPE=RAS COMPONENT=KERNEL LEVEL=INFO CONTENT=10738 total interrupts. 0 critical input interrupts. 0 microseconds total spent on critical input interrupts, 0 microseconds max time in a critical input interrupt.",0,1,284.1620137500058,0
TYPE=RAS COMPONENT=KERNEL LEVEL=INFO CONTENT=0 microseconds spent in the rbs signal handler during 0 calls. 0 microseconds was the maximum time for a single instance of a correctable ddr.,0,0,284.1620137500058,1
"TYPE=RAS COMPONENT=KERNEL LEVEL=INFO CONTENT=10714 total interrupts. 0 critical input interrupts. 0 microseconds total spent on critical input interrupts, 0 microseconds max time in a critical input interrupt.",0,0,284.1620137500058,1
TYPE=RAS COMPONENT=KERNEL LEVEL=INFO CONTENT=0 microseconds spent in the rbs signal handler during 0 calls. 0 microseconds was the maximum time for a single instance of a correctable ddr.,0,0,284.1620137500058,1
"TYPE=RAS COMPONENT=KERNEL LEVEL=INFO CONTENT=10718 total interrupts. 0 critical input interrupts. 0 microseconds total spent on critical input interrupts, 0 microseconds max time in a critical input interrupt.",0,1,284.1620137500058,0
TYPE=RAS COMPONENT=KERNEL LEVEL=INFO CONTENT=0 microseconds spent in the rbs signal handler during 0 calls. 0 microseconds was the maximum time for a single instance of a correctable ddr.,0,0,284.1620137500058,1
"TYPE=RAS COMPONENT=KERNEL LEVEL=INFO CONTENT=10698 total interrupts. 0 critical input interrupts. 0 microseconds total spent on critical input interrupts, 0 microseconds max time in a critical input interrupt.",0,0,284.1620137500058,1
TYPE=RAS COMPONENT=KERNEL LEVEL=INFO CONTENT=0 microseconds spent in the rbs signal handler during 0 calls. 0 microseconds was the maximum time for a single instance of a correctable ddr.,0,0,284.1620137500058,1
TYPE=RAS COMPONENT=KERNEL LEVEL=INFO CONTENT=0 microseconds spent in the rbs signal handler during 0 calls. 0 microseconds was the maximum time for a single instance of a correctable ddr.,0,0,284.0926316249579,1
"TYPE=RAS COMPONENT=KERNEL LEVEL=INFO CONTENT=10644 total interrupts. 0 critical input interrupts. 0 microseconds total spent on critical input interrupts, 0 microseconds max time in a critical input interrupt.",0,0,284.0926316249579,1
"TYPE=RAS COMPONENT=KERNEL LEVEL=INFO CONTENT=10752 total interrupts. 0 critical input interrupts. 0 microseconds total spent on critical input interrupts, 0 microseconds max time in a critical input interrupt.",0,1,284.0926316249579,0
"TYPE=RAS COMPONENT=KERNEL LEVEL=INFO CONTENT=10698 total interrupts. 0 critical input interrupts. 0 microseconds total spent on critical input interrupts, 0 microseconds max time in a critical input interrupt.",0,0,284.0926316249579,1
"TYPE=RAS COMPONENT=KERNEL LEVEL=INFO CONTENT=10666 total interrupts. 0 critical input interrupts. 0 microseconds total spent on critical input interrupts, 0 microseconds max time in a critical input interrupt.",0,0,284.0926316249579,1
TYPE=RAS COMPONENT=KERNEL LEVEL=INFO CONTENT=0 microseconds spent in the rbs signal handler during 0 calls. 0 microseconds was the maximum time for a single instance of a correctable ddr.,0,0,284.0926316249579,1
"TYPE=RAS COMPONENT=KERNEL LEVEL=INFO CONTENT=10738 total interrupts. 0 critical input interrupts. 0 microseconds total spent on critical input interrupts, 0 microseconds max time in a critical input interrupt.",0,1,284.0926316249579,0
TYPE=RAS COMPONENT=KERNEL LEVEL=INFO CONTENT=0 microseconds spent in the rbs signal handler during 0 calls. 0 microseconds was the maximum time for a single instance of a correctable ddr.,0,0,284.0926316249579,1
"TYPE=RAS COMPONENT=KERNEL LEVEL=INFO CONTENT=10744 total interrupts. 0 critical input interrupts. 0 microseconds total spent on critical input interrupts, 0 microseconds max time in a critical input interrupt.",0,1,285.0898746249868,0
TYPE=RAS COMPONENT=KERNEL LEVEL=INFO CONTENT=0 microseconds spent in the rbs signal handler during 0 calls. 0 microseconds was the maximum time for a single instance of a correctable ddr.,0,0,285.0898746249868,1
TYPE=RAS COMPONENT=KERNEL LEVEL=INFO CONTENT=0 microseconds spent in the rbs signal handler during 0 calls. 0 microseconds was the maximum time for a single instance of a correctable ddr.,0,0,285.0898746249868,1
"TYPE=RAS COMPONENT=KERNEL LEVEL=INFO CONTENT=10663 total interrupts. 0 critical input interrupts. 0 microseconds total spent on critical input interrupts, 0 microseconds max time in a critical input interrupt.",0,0,285.0898746249868,1
"TYPE=RAS COMPONENT=KERNEL LEVEL=INFO CONTENT=10766 total interrupts. 0 critical input interrupts. 0 microseconds total spent on critical input interrupts, 0 microseconds max time in a critical input interrupt.",0,0,285.0898746249868,1
TYPE=RAS COMPONENT=KERNEL LEVEL=INFO CONTENT=0 microseconds spent in the rbs signal handler during 0 calls. 0 microseconds was the maximum time for a single instance of a correctable ddr.,0,0,285.0898746249868,1
TYPE=RAS COMPONENT=KERNEL LEVEL=INFO CONTENT=0 microseconds spent in the rbs signal handler during 0 calls. 0 microseconds was the maximum time for a single instance of a correctable ddr.,0,0,285.0898746249868,1
TYPE=RAS COMPONENT=KERNEL LEVEL=INFO CONTENT=0 microseconds spent in the rbs signal handler during 0 calls. 0 microseconds was the maximum time for a single instance of a correctable ddr.,0,0,285.0898746249868,1
TYPE=RAS COMPONENT=KERNEL LEVEL=INFO CONTENT=0 microseconds spent in the rbs signal handler during 0 calls. 0 microseconds was the maximum time for a single instance of a correctable ddr.,0,0,284.0343775000065,1
TYPE=RAS COMPONENT=KERNEL LEVEL=INFO CONTENT=0 microseconds spent in the rbs signal handler during 0 calls. 0 microseconds was the maximum time for a single instance of a correctable ddr.,0,0,284.0343775000065,1
"TYPE=RAS COMPONENT=KERNEL LEVEL=INFO CONTENT=10722 total interrupts. 0 critical input interrupts. 0 microseconds total spent on critical input interrupts, 0 microseconds max time in a critical input interrupt.",0,0,284.0343775000065,1
"TYPE=RAS COMPONENT=KERNEL LEVEL=INFO CONTENT=10680 total interrupts. 0 critical input interrupts. 0 microseconds total spent on critical input interrupts, 0 microseconds max time in a critical input interrupt.",0,0,284.0343775000065,1
"TYPE=RAS COMPONENT=KERNEL LEVEL=INFO CONTENT=10740 total interrupts. 0 critical input interrupts. 0 microseconds total spent on critical input interrupts, 0 microseconds max time in a critical input interrupt.",0,0,284.0343775000065,1
TYPE=RAS COMPONENT=KERNEL LEVEL=INFO CONTENT=0 microseconds spent in the rbs signal handler during 0 calls. 0 microseconds was the maximum time for a single instance of a correctable ddr.,0,0,284.0343775000065,1
TYPE=RAS COMPONENT=KERNEL LEVEL=INFO CONTENT=0 microseconds spent in the rbs signal handler during 0 calls. 0 microseconds was the maximum time for a single instance of a correctable ddr.,0,0,284.0343775000065,1
"TYPE=RAS COMPONENT=KERNEL LEVEL=INFO CONTENT=10684 total interrupts. 0 critical input interrupts. 0 microseconds total spent on critical input interrupts, 0 microseconds max time in a critical input interrupt.",0,1,284.0343775000065,0
"TYPE=RAS COMPONENT=KERNEL LEVEL=INFO CONTENT=CE sym 4, at 0x0589f8e0, mask 0x10",0,0,284.1159848750294,1
TYPE=RAS COMPONENT=KERNEL LEVEL=INFO CONTENT=0 microseconds spent in the rbs signal handler during 0 calls. 0 microseconds was the maximum time for a single instance of a correctable ddr.,0,0,284.1159848750294,1
"TYPE=RAS COMPONENT=KERNEL LEVEL=INFO CONTENT=10616 total interrupts. 0 critical input interrupts. 0 microseconds total spent on critical input interrupts, 0 microseconds max time in a critical input interrupt.",0,0,284.1159848750294,1
"TYPE=RAS COMPONENT=KERNEL LEVEL=INFO CONTENT=10754 total interrupts. 0 critical input interrupts. 0 microseconds total spent on critical input interrupts, 0 microseconds max time in a critical input interrupt.",0,0,284.1159848750294,1
"TYPE=RAS COMPONENT=KERNEL LEVEL=INFO CONTENT=10668 total interrupts. 0 critical input interrupts. 0 microseconds total spent on critical input interrupts, 0 microseconds max time in a critical input interrupt.",0,0,284.1159848750294,1
"TYPE=RAS COMPONENT=KERNEL LEVEL=INFO CONTENT=10708 total interrupts. 0 critical input interrupts. 0 microseconds total spent on critical input interrupts, 0 microseconds max time in a critical input interrupt.",0,0,284.1159848750294,1
"TYPE=RAS COMPONENT=KERNEL LEVEL=INFO CONTENT=10676 total interrupts. 0 critical input interrupts. 0 microseconds total spent on critical input interrupts, 0 microseconds max time in a critical input interrupt.",0,0,284.1159848750294,1
"TYPE=RAS COMPONENT=KERNEL LEVEL=INFO CONTENT=10640 total interrupts. 0 critical input interrupts. 0 microseconds total spent on critical input interrupts, 0 microseconds max time in a critical input interrupt.",0,0,284.1159848750294,1
"TYPE=RAS COMPONENT=KERNEL LEVEL=INFO CONTENT=10666 total interrupts. 0 critical input interrupts. 0 microseconds total spent on critical input interrupts, 0 microseconds max time in a critical input interrupt.",0,0,285.22826687503766,1
"TYPE=RAS COMPONENT=KERNEL LEVEL=INFO CONTENT=10676 total interrupts. 0 critical input interrupts. 0 microseconds total spent on critical input interrupts, 0 microseconds max time in a critical input interrupt.",0,0,285.22826687503766,1
"TYPE=RAS COMPONENT=KERNEL LEVEL=INFO CONTENT=10722 total interrupts. 0 critical input interrupts. 0 microseconds total spent on critical input interrupts, 0 microseconds max time in a critical input interrupt.",0,0,285.22826687503766,1
TYPE=RAS COMPONENT=KERNEL LEVEL=INFO CONTENT=0 microseconds spent in the rbs signal handler during 0 calls. 0 microseconds was the maximum time for a single instance of a correctable ddr.,0,0,285.22826687503766,1
"TYPE=RAS COMPONENT=KERNEL LEVEL=INFO CONTENT=10684 total interrupts. 0 critical input interrupts. 0 microseconds total spent on critical input interrupts, 0 microseconds max time in a critical input interrupt.",0,1,285.22826687503766,0
TYPE=RAS COMPONENT=KERNEL LEVEL=INFO CONTENT=0 microseconds spent in the rbs signal handler during 0 calls. 0 microseconds was the maximum time for a single instance of a correctable ddr.,0,0,285.22826687503766,1
"TYPE=RAS COMPONENT=KERNEL LEVEL=INFO CONTENT=10676 total interrupts. 0 critical input interrupts. 0 microseconds total spent on critical input interrupts, 0 microseconds max time in a critical input interrupt.",0,0,285.22826687503766,1
TYPE=RAS COMPONENT=KERNEL LEVEL=INFO CONTENT=0 microseconds spent in the rbs signal handler during 0 calls. 0 microseconds was the maximum time for a single instance of a correctable ddr.,0,0,285.22826687503766,1
TYPE=RAS COMPONENT=KERNEL LEVEL=INFO CONTENT=0 microseconds spent in the rbs signal handler during 0 calls. 0 microseconds was the maximum time for a single instance of a correctable ddr.,0,0,284.00485112501883,1
"TYPE=RAS COMPONENT=KERNEL LEVEL=INFO CONTENT=10714 total interrupts. 0 critical input interrupts. 0 microseconds total spent on critical input interrupts, 0 microseconds max time in a critical input interrupt.",0,0,284.00485112501883,1
"TYPE=RAS COMPONENT=KERNEL LEVEL=INFO CONTENT=10712 total interrupts. 0 critical input interrupts. 0 microseconds total spent on critical input interrupts, 0 microseconds max time in a critical input interrupt.",0,0,284.00485112501883,1
TYPE=RAS COMPONENT=KERNEL LEVEL=INFO CONTENT=0 microseconds spent in the rbs signal handler during 0 calls. 0 microseconds was the maximum time for a single instance of a correctable ddr.,0,0,284.00485112501883,1
"TYPE=RAS COMPONENT=KERNEL LEVEL=INFO CONTENT=10636 total interrupts. 0 critical input interrupts. 0 microseconds total spent on critical input interrupts, 0 microseconds max time in a critical input interrupt.",0,0,284.00485112501883,1
"TYPE=RAS COMPONENT=KERNEL LEVEL=INFO CONTENT=10664 total interrupts. 0 critical input interrupts. 0 microseconds total spent on critical input interrupts, 0 microseconds max time in a critical input interrupt.",0,0,284.00485112501883,1
"TYPE=RAS COMPONENT=KERNEL LEVEL=INFO CONTENT=10730 total interrupts. 0 critical input interrupts. 0 microseconds total spent on critical input interrupts, 0 microseconds max time in a critical input interrupt.",0,1,284.00485112501883,0
"TYPE=RAS COMPONENT=KERNEL LEVEL=INFO CONTENT=10722 total interrupts. 0 critical input interrupts. 0 microseconds total spent on critical input interrupts, 0 microseconds max time in a critical input interrupt.",0,0,284.00485112501883,1
"TYPE=RAS COMPONENT=KERNEL LEVEL=INFO CONTENT=10722 total interrupts. 0 critical input interrupts. 0 microseconds total spent on critical input interrupts, 0 microseconds max time in a critical input interrupt.",0,0,284.39673150001,1
TYPE=RAS COMPONENT=KERNEL LEVEL=INFO CONTENT=0 microseconds spent in the rbs signal handler during 0 calls. 0 microseconds was the maximum time for a single instance of a correctable ddr.,0,0,284.39673150001,1
TYPE=RAS COMPONENT=KERNEL LEVEL=INFO CONTENT=0 microseconds spent in the rbs signal handler during 0 calls. 0 microseconds was the maximum time for a single instance of a correctable ddr.,0,0,284.39673150001,1
"TYPE=RAS COMPONENT=KERNEL LEVEL=INFO CONTENT=10736 total interrupts. 0 critical input interrupts. 0 microseconds total spent on critical input interrupts, 0 microseconds max time in a critical input interrupt.",0,0,284.39673150001,1
TYPE=RAS COMPONENT=KERNEL LEVEL=INFO CONTENT=0 microseconds spent in the rbs signal handler during 0 calls. 0 microseconds was the maximum time for a single instance of a correctable ddr.,0,0,284.39673150001,1
TYPE=RAS COMPONENT=KERNEL LEVEL=INFO CONTENT=0 microseconds spent in the rbs signal handler during 0 calls. 0 microseconds was the maximum time for a single instance of a correctable ddr.,0,0,284.39673150001,1
TYPE=RAS COMPONENT=KERNEL LEVEL=INFO CONTENT=0 microseconds spent in the rbs signal handler during 0 calls. 0 microseconds was the maximum time for a single instance of a correctable ddr.,0,0,284.39673150001,1
"TYPE=RAS COMPONENT=KERNEL LEVEL=INFO CONTENT=720 total interrupts. 0 critical input interrupts. 0 microseconds total spent on critical input interrupts, 0 microseconds max time in a critical input interrupt.",0,0,284.39673150001,1
"TYPE=RAS COMPONENT=KERNEL LEVEL=INFO CONTENT=720 total interrupts. 0 critical input interrupts. 0 microseconds total spent on critical input interrupts, 0 microseconds max time in a critical input interrupt.",0,0,334.97966325001016,1
"TYPE=RAS COMPONENT=KERNEL LEVEL=INFO CONTENT=CE sym 27, at 0x00284720, mask 0x11",0,0,334.97966325001016,1
"TYPE=RAS COMPONENT=KERNEL LEVEL=INFO CONTENT=CE sym 9, at 0x0021d9c0, mask 0x20",0,0,334.97966325001016,1
"TYPE=RAS COMPONENT=KERNEL LEVEL=INFO CONTENT=CE sym 15, at 0x06a72120, mask 0x04",0,0,334.97966325001016,1
"TYPE=RAS COMPONENT=KERNEL LEVEL=INFO CONTENT=1 ddr error(s) detected and corrected on rank 0, symbol 24 over 335 seconds",0,0,334.97966325001016,1
"TYPE=NULL COMPONENT=HARDWARE LEVEL=WARNING CONTENT=PrepareForService shutting down Node card(mLctn(R10-M1-N2), mCardSernum(203231503833343000000000594c31304b34323934303257), mLp(FF:F2:9F:16:E0:DA:00:0D:60:E9:1F:25), mIp(10.1.1.164), mType(4)) as part of Service Action 648",0,1,334.97966325001016,0
"TYPE=RAS COMPONENT=KERNEL LEVEL=INFO CONTENT=Kernel detected 35591540 integer alignment exceptions (35591533) iar 0x0023f108, dear 0x1feaa260 (35591534) iar 0x00265564, dear 0x1feaa1c0 (35591535) iar 0x00265574, dear 0x1feaa1e0 (35591536) iar 0x00265578, dear 0x1feaa200 (35591537) iar 0x00265588, dear 0x1feaa220 (35591538) iar 0x0026558c, dear 0x1feaa240 (35591539) iar 0x00265594, dear 0x1feaa260 (35591540) iar 0x00265598, dear 0x1feaa280",0,0,334.97966325001016,1
TYPE=RAS COMPONENT=KERNEL LEVEL=INFO CONTENT=1 tree receiver 1 in re-synch state event(s) (dcr 0x0185) detected over 244 seconds,0,0,334.97966325001016,1
"TYPE=RAS COMPONENT=KERNEL LEVEL=INFO CONTENT=CE sym 27, at 0x1b70b860, mask 0x80",0,0,281.27672037498996,1
"TYPE=RAS COMPONENT=KERNEL LEVEL=INFO CONTENT=CE sym 33, at 0x1ff2fc60, mask 0x04",0,0,281.27672037498996,1
"TYPE=RAS COMPONENT=KERNEL LEVEL=INFO CONTENT=CE sym 12, at 0x18e33e80, mask 0x04",0,0,281.27672037498996,1
"TYPE=RAS COMPONENT=KERNEL LEVEL=INFO CONTENT=CE sym 30, at 0x042358a0, mask 0x20",0,0,281.27672037498996,1
"TYPE=RAS COMPONENT=KERNEL LEVEL=INFO CONTENT=CE sym 11, at 0x06366640, mask 0x04",0,0,281.27672037498996,1
"TYPE=RAS COMPONENT=KERNEL LEVEL=INFO CONTENT=CE sym 19, at 0x057c7e00, mask 0x20",0,0,281.27672037498996,1
"TYPE=RAS COMPONENT=KERNEL LEVEL=INFO CONTENT=159 ddr error(s) detected and corrected on rank 0, symbol 29 over 2486 seconds",0,1,281.27672037498996,0
"TYPE=RAS COMPONENT=KERNEL LEVEL=INFO CONTENT=CE sym 29, at 0x0ea9fd60, mask 0x40",0,0,281.27672037498996,1
TYPE=RAS COMPONENT=KERNEL LEVEL=INFO CONTENT=total of 1 ddr error(s) detected and corrected over 2487 seconds,0,0,335.4475772500791,1
TYPE=RAS COMPONENT=KERNEL LEVEL=FATAL CONTENT=minus normalized number..................0,0,0,335.4475772500791,1
TYPE=RAS COMPONENT=KERNEL LEVEL=FATAL CONTENT=Lustre mount FAILED : bglio617 : block_id : location,1,0,335.4475772500791,0
TYPE=RAS COMPONENT=KERNEL LEVEL=FATAL CONTENT=fraction rounded.........................0,0,0,335.4475772500791,1
TYPE=NULL COMPONENT=DISCOVERY LEVEL=WARNING CONTENT=Node card is not fully functional,0,0,335.4475772500791,1
"TYPE=RAS COMPONENT=KERNEL LEVEL=INFO CONTENT=critical input interrupt (unit=0x0b bit=0x17): warning for tree C1 wire, suppressing further interrupts of same type",0,0,335.4475772500791,1
TYPE=RAS COMPONENT=KERNEL LEVEL=FATAL CONTENT=size of scratchpad portion of L3.........0 (0M),0,0,335.4475772500791,1
"TYPE=RAS COMPONENT=KERNEL LEVEL=INFO CONTENT=Kernel detected 3830884 integer alignment exceptions (3830877) iar 0x00544ea8, dear 0x01fc1ba0 (3830878) iar 0x00544eb8, dear 0x01fc1bc0 (3830879) iar 0x00544ea8, dear 0x01fc1be0 (3830880) iar 0x00544eb8, dear 0x01fc1c00 (3830881) iar 0x00544ee0, dear 0x01fc1c20 (3830882) iar 0x00544ef0, dear 0x01fc1c40 (3830883) iar 0x00544ee0, dear 0x01fc1c60 (3830884) iar 0x00544ef0, dear 0x01fc1c80",0,0,335.4475772500791,1
"TYPE=RAS COMPONENT=KERNEL LEVEL=INFO CONTENT=Kernel detected 3853444 integer alignment exceptions (3853437) iar 0x00544ea8, dear 0x01ef5e20 (3853438) iar 0x00544eb8, dear 0x01ef5e40 (3853439) iar 0x00544ea8, dear 0x01ef5e60 (3853440) iar 0x00544eb8, dear 0x01ef5e80 (3853441) iar 0x00544ee0, dear 0x01ef5ea0 (3853442) iar 0x00544ef0, dear 0x01ef5ec0 (3853443) iar 0x00544ee0, dear 0x01ef5ee0 (3853444) iar 0x00544ef0, dear 0x01ef5f00",0,0,333.7505436250012,1
"TYPE=RAS COMPONENT=KERNEL LEVEL=INFO CONTENT=Kernel detected 3747792 integer alignment exceptions (3747785) iar 0x00544ea8, dear 0x01fc9220 (3747786) iar 0x00544eb8, dear 0x01fc9240 (3747787) iar 0x00544ea8, dear 0x01fc9260 (3747788) iar 0x00544eb8, dear 0x01fc9280 (3747789) iar 0x00544ee0, dear 0x01fc92a0 (3747790) iar 0x00544ef0, dear 0x01fc92c0 (3747791) iar 0x00544ee0, dear 0x01fc92e0 (3747792) iar 0x00544ef0, dear 0x01fc9300",0,0,333.7505436250012,1
"TYPE=RAS COMPONENT=KERNEL LEVEL=INFO CONTENT=Kernel detected 3946290 integer alignment exceptions (3946283) iar 0x00544ea8, dear 0x01ef6080 (3946284) iar 0x00544eb8, dear 0x01ef60a0 (3946285) iar 0x00544ea8, dear 0x01ef60c0 (3946286) iar 0x00544eb8, dear 0x01ef60e0 (3946287) iar 0x00544ee0, dear 0x01ef6100 (3946288) iar 0x00544ef0, dear 0x01ef6120 (3946289) iar 0x00544ee0, dear 0x01ef6140 (3946290) iar 0x00544ef0, dear 0x01ef6160",0,0,333.7505436250012,1
"TYPE=RAS COMPONENT=KERNEL LEVEL=INFO CONTENT=Kernel detected 4909176 integer alignment exceptions (4909169) iar 0x00544ea8, dear 0x01fc8a40 (4909170) iar 0x00544eb8, dear 0x01fc8a60 (4909171) iar 0x00544ea8, dear 0x01fc8a80 (4909172) iar 0x00544eb8, dear 0x01fc8aa0 (4909173) iar 0x00544ee0, dear 0x01fc8ac0 (4909174) iar 0x00544ef0, dear 0x01fc8ae0 (4909175) iar 0x00544ee0, dear 0x01fc8b00 (4909176) iar 0x00544ef0, dear 0x01fc8b20",0,0,333.7505436250012,1
"TYPE=RAS COMPONENT=KERNEL LEVEL=INFO CONTENT=Kernel detected 4898338 integer alignment exceptions (4898331) iar 0x00544ea8, dear 0x049e75e0 (4898332) iar 0x00544eb8, dear 0x049e7600 (4898333) iar 0x00544ea8, dear 0x049e7620 (4898334) iar 0x00544eb8, dear 0x049e7640 (4898335) iar 0x00544ee0, dear 0x049e7660 (4898336) iar 0x00544ef0, dear 0x049e7680 (4898337) iar 0x00544ee0, dear 0x049e76a0 (4898338) iar 0x00544ef0, dear 0x049e76c0",0,0,333.7505436250012,1
"TYPE=RAS COMPONENT=KERNEL LEVEL=INFO CONTENT=Kernel detected 3945740 integer alignment exceptions (3945733) iar 0x00544ea8, dear 0x01ef7960 (3945734) iar 0x00544eb8, dear 0x01ef7980 (3945735) iar 0x00544ea8, dear 0x01ef79a0 (3945736) iar 0x00544eb8, dear 0x01ef79c0 (3945737) iar 0x00544ee0, dear 0x01ef79e0 (3945738) iar 0x00544ef0, dear 0x01ef7a00 (3945739) iar 0x00544ee0, dear 0x01ef7a20 (3945740) iar 0x00544ef0, dear 0x01ef7a40",0,0,333.7505436250012,1
"TYPE=RAS COMPONENT=KERNEL LEVEL=INFO CONTENT=Kernel detected 3486044 integer alignment exceptions (3486037) iar 0x00544ea8, dear 0x01ef7c60 (3486038) iar 0x00544eb8, dear 0x01ef7c80 (3486039) iar 0x00544ea8, dear 0x01ef7ca0 (3486040) iar 0x00544eb8, dear 0x01ef7cc0 (3486041) iar 0x00544ee0, dear 0x01ef7ce0 (3486042) iar 0x00544ef0, dear 0x01ef7d00 (3486043) iar 0x00544ee0, dear 0x01ef7d20 (3486044) iar 0x00544ef0, dear 0x01ef7d40",0,0,333.7505436250012,1
"TYPE=RAS COMPONENT=APP LEVEL=FATAL CONTENT=ciod: Error loading /g/g90/glosli/src/ddcMD/ddcMD1.1.17/bin/ddcMDbglV: invalid or missing program image, No such file or directory",0,0,333.7505436250012,1
"TYPE=RAS COMPONENT=APP LEVEL=FATAL CONTENT=ciod: Error loading /g/g90/glosli/src/ddcMD/ddcMD1.1.17/bin/ddcMDbglV: invalid or missing program image, No such file or directory",0,0,285.8773657500251,1
"TYPE=RAS COMPONENT=KERNEL LEVEL=INFO CONTENT=1 ddr error(s) detected and corrected on rank 0, symbol 9 over 986 seconds",0,0,285.8773657500251,1
TYPE=RAS COMPONENT=KERNEL LEVEL=INFO CONTENT=total of 5 ddr error(s) detected and corrected over 9108 seconds,0,1,285.8773657500251,0
"TYPE=RAS COMPONENT=APP LEVEL=FATAL CONTENT=ciod: Error loading /p/gb1/stella/SPPM/1322/sppm_DD: invalid or missing program image, Permission denied",0,0,285.8773657500251,1
"TYPE=RAS COMPONENT=APP LEVEL=FATAL CONTENT=ciod: Error loading /bgl/apps/SWL/stability/MDCASK/WORK/1383/inferno: invalid or missing program image, Permission denied",0,0,285.8773657500251,1
"TYPE=RAS COMPONENT=APP LEVEL=FATAL CONTENT=ciod: Error loading /p/gb1/stella/UMT2K/1372/umt2k_DD: invalid or missing program image, Permission denied",0,0,285.8773657500251,1
"TYPE=RAS COMPONENT=APP LEVEL=FATAL CONTENT=ciod: Error loading /bgl/apps/SWL/stability/NEWS05/news05_DD: invalid or missing program image, Permission denied",0,0,285.8773657500251,1
"TYPE=RAS COMPONENT=APP LEVEL=FATAL CONTENT=ciod: Error loading /p/gb1/stella/UMT2K/1325/umt2k_DD: invalid or missing program image, Permission denied",0,0,285.8773657500251,1
"TYPE=RAS COMPONENT=APP LEVEL=FATAL CONTENT=ciod: Error loading /p/gb1/stella/UMT2K/1369/umt2k_DD: invalid or missing program image, Permission denied",0,0,285.4755323749032,1
"TYPE=RAS COMPONENT=APP LEVEL=FATAL CONTENT=ciod: Error loading /bgl/apps/SWL/stability/HPL/WORK/1498./hpl_DD: invalid or missing program image, No such file or directory",0,0,285.4755323749032,1
"TYPE=RAS COMPONENT=APP LEVEL=FATAL CONTENT=ciod: Error loading /bgl/apps/SWL/stability/HPL/WORK/1501./hpl_DD: invalid or missing program image, No such file or directory",0,0,285.4755323749032,1
"TYPE=RAS COMPONENT=KERNEL LEVEL=INFO CONTENT=28 ddr error(s) detected and corrected on rank 0, symbol 21 over 11562 seconds",0,1,285.4755323749032,0
TYPE=RAS COMPONENT=APP LEVEL=FATAL CONTENT=ciod: LOGIN chdir(/p/gb1/stella/RAPTOR/2183) failed: Input/output error,1,0,285.4755323749032,0
"TYPE=RAS COMPONENT=APP LEVEL=FATAL CONTENT=ciod: Error reading message prefix on CioStream socket to 172.16.96.116:55929, Link has been severed",1,1,285.4755323749032,1
"TYPE=RAS COMPONENT=APP LEVEL=FATAL CONTENT=ciod: Error reading message prefix on CioStream socket to 172.16.96.116:56170, Link has been severed",1,1,285.4755323749032,1
"TYPE=RAS COMPONENT=KERNEL LEVEL=INFO CONTENT=2 ddr error(s) detected and corrected on rank 0, symbol 28 over 3365 seconds",0,0,285.4755323749032,1
"TYPE=RAS COMPONENT=APP LEVEL=FATAL CONTENT=ciod: Error loading /g/g0/spelce1/Tuned/SPaSM-base/rundir/SPaSM.baseline: invalid or missing program image, Permission denied",0,0,284.6330539999826,1
"TYPE=RAS COMPONENT=KERNEL LEVEL=INFO CONTENT=critical input interrupt (unit=0x0b bit=0x0a): warning for torus z+ wire, suppressing further interrupts of same type",0,0,284.6330539999826,1
"TYPE=RAS COMPONENT=KERNEL LEVEL=INFO CONTENT=2 ddr error(s) detected and corrected on rank 0, symbol 34 over 2738 seconds",0,0,284.6330539999826,1
"TYPE=RAS COMPONENT=KERNEL LEVEL=INFO CONTENT=5 ddr error(s) detected and corrected on rank 0, symbol 28 over 2946 seconds",0,0,284.6330539999826,1
"TYPE=RAS COMPONENT=APP LEVEL=FATAL CONTENT=ciod: Error reading message prefix on CioStream socket to 172.16.96.116:49934, Link has been severed",1,1,284.6330539999826,1
"TYPE=RAS COMPONENT=APP LEVEL=FATAL CONTENT=ciod: Error reading message prefix on CioStream socket to 172.16.96.116:50288, Link has been severed",1,1,284.6330539999826,1
TYPE=RAS COMPONENT=KERNEL LEVEL=INFO CONTENT=total of 20 ddr error(s) detected and corrected over 22070 seconds,0,0,284.6330539999826,1
TYPE=RAS COMPONENT=KERNEL LEVEL=INFO CONTENT=ciod: pollControlDescriptors: Detected the debugger died.,0,1,284.6330539999826,0
TYPE=RAS COMPONENT=KERNEL LEVEL=INFO CONTENT=2 L3 EDRAM error(s) (dcr 0x0157) detected and corrected over 282 seconds,0,0,289.7071918750953,1
TYPE=RAS COMPONENT=KERNEL LEVEL=INFO CONTENT=total of 3 ddr error(s) detected and corrected over 8732 seconds,0,0,289.7071918750953,1
TYPE=RAS COMPONENT=KERNEL LEVEL=INFO CONTENT=ciod: pollControlDescriptors: Detected the debugger died.,0,0,289.7071918750953,1
TYPE=RAS COMPONENT=KERNEL LEVEL=INFO CONTENT=ciod: generated 128 core files for program /g/g24/germann2/SPaSM_static/SPaSM_mpi,0,1,289.7071918750953,0
"TYPE=RAS COMPONENT=APP LEVEL=FATAL CONTENT=ciod: Error loading /g/g24/buber/Yunsic/BlueGene/partad.develf/taddriver.32.exe: program image too big, 361544528 > 266076160",0,0,289.7071918750953,1
TYPE=RAS COMPONENT=KERNEL LEVEL=FATAL CONTENT=fpr29=0xffffffff ffffffff ffffffff ffffffff,0,0,289.7071918750953,1
TYPE=RAS COMPONENT=KERNEL LEVEL=FATAL CONTENT=Machine State Register: 0x0002f900,0,0,289.7071918750953,1
TYPE=RAS COMPONENT=KERNEL LEVEL=INFO CONTENT=instruction cache parity error corrected,0,0,289.7071918750953,1
TYPE=RAS COMPONENT=KERNEL LEVEL=INFO CONTENT=instruction cache parity error corrected,0,0,282.4136787500038,1
TYPE=RAS COMPONENT=KERNEL LEVEL=INFO CONTENT=instruction cache parity error corrected,0,0,282.4136787500038,1
TYPE=RAS COMPONENT=KERNEL LEVEL=INFO CONTENT=instruction cache parity error corrected,0,0,282.4136787500038,1
TYPE=RAS COMPONENT=KERNEL LEVEL=INFO CONTENT=instruction cache parity error corrected,0,0,282.4136787500038,1
TYPE=RAS COMPONENT=KERNEL LEVEL=INFO CONTENT=instruction cache parity error corrected,0,0,282.4136787500038,1
TYPE=RAS COMPONENT=KERNEL LEVEL=INFO CONTENT=instruction cache parity error corrected,0,0,282.4136787500038,1
TYPE=RAS COMPONENT=KERNEL LEVEL=INFO CONTENT=instruction cache parity error corrected,0,0,282.4136787500038,1
TYPE=RAS COMPONENT=KERNEL LEVEL=INFO CONTENT=ciod: generated 128 core files for program /g/g24/germann2/SPaSM_mini/MEAM/r13,0,0,282.4136787500038,1
