line_id,log_text,label,raw_line,alert_tag,mode,prediction,correct,raw_generation,parse_fallback,inference_time_ms
1860,TYPE=RAS COMPONENT=KERNEL LEVEL=INFO CONTENT=0 microseconds spent in the rbs signal handler during 0 calls. 0 microseconds was the maximum time for a single instance of a correctable ddr.,0,- 1133448791 2005.12.01 R22-M0-ND-C:J17-U01 2005-12-01-06.53.11.512681 R22-M0-ND-C:J17-U01 RAS KERNEL INFO 0 microseconds spent in the rbs signal handler during 0 calls. 0 microseconds was the maximum time for a single instance of a correctable ddr.,-,few_shot,0,1," 0
Log",0,152.19075325012454
353,TYPE=RAS COMPONENT=KERNEL LEVEL=INFO CONTENT=generating core.334,0,- 1119290966 2005.06.20 R16-M1-N6-C:J08-U01 2005-06-20-11.09.26.582302 R16-M1-N6-C:J08-U01 RAS KERNEL INFO generating core.334,-,few_shot,0,1,"Log entry: TYPE=RAS COMPONENT=KERNEL LEVEL=INFO CONTENT=generating core.334
Label: 0
Log",0,152.19075325012454
1333,TYPE=RAS COMPONENT=KERNEL LEVEL=INFO CONTENT=139632470 double-hummer alignment exceptions,0,- 1125220160 2005.08.28 R73-M1-N8-C:J06-U01 2005-08-28-02.09.20.654913 R73-M1-N8-C:J06-U01 RAS KERNEL INFO 139632470 double-hummer alignment exceptions,-,few_shot,0,1,"139632470 double-hummer alignment exceptions
Label: 0
Log",0,152.19075325012454
905,TYPE=RAS COMPONENT=KERNEL LEVEL=INFO CONTENT=generating core.18324,0,- 1121311518 2005.07.13 R32-M0-NC-C:J14-U11 2005-07-13-20.25.18.627085 R32-M0-NC-C:J14-U11 RAS KERNEL INFO generating core.18324,-,few_shot,0,1,"=RAS COMPONENT=KERNEL LEVEL=INFO CONTENT=generating core.18324
Label: 0
Log",0,152.19075325012454
1289,TYPE=RAS COMPONENT=KERNEL LEVEL=INFO CONTENT=iar 003a92a0 dear 00b36898,0,- 1125083016 2005.08.26 R63-M1-NA-C:J03-U01 2005-08-26-12.03.36.439157 R63-M1-NA-C:J03-U01 RAS KERNEL INFO iar 003a92a0 dear 00b36898,-,few_shot,0,1,"98
Label: 0
Log",0,151.71777799969277
1273,TYPE=RAS COMPONENT=KERNEL LEVEL=INFO CONTENT=ciod: generated 128 core files for program /home/germann2/BGL-demo/SPaSM_mpi,0,- 1124738105 2005.08.22 R70-M1-N0-I:J18-U01 2005-08-22-12.15.05.947393 R70-M1-N0-I:J18-U01 RAS KERNEL INFO ciod: generated 128 core files for program /home/germann2/BGL-demo/SPaSM_mpi,-,few_shot,0,1," 0
Log",0,151.71777799969277
938,TYPE=RAS COMPONENT=KERNEL LEVEL=INFO CONTENT=generating core.28011,0,- 1121313970 2005.07.13 R27-M0-N1-C:J05-U01 2005-07-13-21.06.10.081119 R27-M0-N1-C:J05-U01 RAS KERNEL INFO generating core.28011,-,few_shot,0,1,"=INFO CONTENT=generating core.28011
Label: 0
Log",0,151.71777799969277
1731,TYPE=RAS COMPONENT=KERNEL LEVEL=INFO CONTENT=iar 00113898 dear 0fee9c4c,0,- 1131590881 2005.11.09 R63-M0-N4-C:J05-U11 2005-11-09-18.48.01.657230 R63-M0-N4-C:J05-U11 RAS KERNEL INFO iar 00113898 dear 0fee9c4c,-,few_shot,0,1,"9c4c
Label: 0
Log",0,151.71777799969277
65,TYPE=RAS COMPONENT=KERNEL LEVEL=INFO CONTENT=instruction cache parity error corrected,0,- 1118081467 2005.06.06 R02-M1-N0-C:J12-U11 2005-06-06-11.11.07.787886 R02-M1-N0-C:J12-U11 RAS KERNEL INFO instruction cache parity error corrected,-,few_shot,0,1,": TYPE=RAS COMPONENT=KERNEL LEVEL=INFO CONTENT=instruction cache parity error corrected
Label: 0
Log",0,152.02758500026903
1323,TYPE=RAS COMPONENT=KERNEL LEVEL=INFO CONTENT=iar 003a92a0 dear 0129a488,0,- 1125084580 2005.08.26 R67-M1-N1-C:J05-U11 2005-08-26-12.29.40.731213 R67-M1-N1-C:J05-U11 RAS KERNEL INFO iar 003a92a0 dear 0129a488,-,few_shot,0,1,"88
Label: 0
Log",0,152.02758500026903
56,"TYPE=RAS COMPONENT=KERNEL LEVEL=INFO CONTENT=CE sym 20, at 0x01228120, mask 0x10",0,"- 1118070512 2005.06.06 R01-M1-NB-C:J03-U11 2005-06-06-08.08.32.984716 R01-M1-NB-C:J03-U11 RAS KERNEL INFO CE sym 20, at 0x01228120, mask 0x10",-,few_shot,0,1," 0
Log",0,152.02758500026903
1292,TYPE=RAS COMPONENT=KERNEL LEVEL=INFO CONTENT=iar 003a9260 dear 00efcbc8,0,- 1125083309 2005.08.26 R65-M1-N9-C:J16-U11 2005-08-26-12.08.29.680955 R65-M1-N9-C:J16-U11 RAS KERNEL INFO iar 003a9260 dear 00efcbc8,-,few_shot,0,1,"00efcbc8
Label: 0
Log",0,152.02758500026903
1118,TYPE=RAS COMPONENT=KERNEL LEVEL=INFO CONTENT=5 floating point alignment exceptions,0,- 1122165429 2005.07.23 R16-M0-NE-C:J06-U01 2005-07-23-17.37.09.528299 R16-M0-NE-C:J06-U01 RAS KERNEL INFO 5 floating point alignment exceptions,-,few_shot,0,1," floating point alignment exceptions
Label: 0
Log",0,133.20358375040087
584,TYPE=RAS COMPONENT=KERNEL LEVEL=INFO CONTENT=generating core.23438,0,- 1120469722 2005.07.04 R23-M1-NA-C:J06-U01 2005-07-04-02.35.22.626530 R23-M1-NA-C:J06-U01 RAS KERNEL INFO generating core.23438,-,few_shot,0,1,"
Label: 0
Log",0,133.20358375040087
374,TYPE=RAS COMPONENT=KERNEL LEVEL=INFO CONTENT=1969920 double-hummer alignment exceptions,0,- 1119478812 2005.06.22 R20-M0-N3-C:J14-U01 2005-06-22-15.20.12.174541 R20-M0-N3-C:J14-U01 RAS KERNEL INFO 1969920 double-hummer alignment exceptions,-,few_shot,0,1," 0
Log",0,133.20358375040087
275,TYPE=RAS COMPONENT=KERNEL LEVEL=FATAL CONTENT=guaranteed instruction cache block touch.0,0,- 1118771847 2005.06.14 R26-M0-N8-C:J03-U01 2005-06-14-10.57.27.640707 R26-M0-N8-C:J03-U01 RAS KERNEL FATAL guaranteed instruction cache block touch.0,-,few_shot,0,1,"
Label: 0
Log",0,133.20358375040087
746,TYPE=RAS COMPONENT=KERNEL LEVEL=INFO CONTENT=generating core.3985,0,- 1120957717 2005.07.09 R00-M1-N9-C:J11-U01 2005-07-09-18.08.37.270465 R00-M1-N9-C:J11-U01 RAS KERNEL INFO generating core.3985,-,few_shot,0,1,": TYPE=RAS COMPONENT=KERNEL LEVEL=INFO CONTENT=generating core.3985
Label: 0
Log",0,151.90466800004288
128,TYPE=RAS COMPONENT=KERNEL LEVEL=FATAL CONTENT=data TLB error interrupt,1,KERNDTLB 1118543955 2005.06.11 R30-M0-N9-C:J16-U01 2005-06-11-19.39.15.873091 R30-M0-N9-C:J16-U01 RAS KERNEL FATAL data TLB error interrupt,KERNDTLB,few_shot,1,1,"
Label: 1

Log entry: TYPE=RAS COMPONENT=KERNEL LEVEL=FATAL CONTENT=data TLB error interrupt
Label: 1
Log",0,151.90466800004288
1646,TYPE=RAS COMPONENT=KERNEL LEVEL=INFO CONTENT=16469355 floating point alignment exceptions,0,- 1131127543 2005.11.04 R62-M0-NC-C:J06-U11 2005-11-04-10.05.43.570607 R62-M0-NC-C:J06-U11 RAS KERNEL INFO 16469355 floating point alignment exceptions,-,few_shot,0,1,"=INFO CONTENT=16469355 floating point alignment exceptions
Label: 0
Log",0,151.90466800004288
1852,TYPE=RAS COMPONENT=KERNEL LEVEL=INFO CONTENT=0 microseconds spent in the rbs signal handler during 0 calls. 0 microseconds was the maximum time for a single instance of a correctable ddr.,0,- 1133448628 2005.12.01 R42-M0-NA-C:J09-U11 2005-12-01-06.50.28.913616 R42-M0-NA-C:J09-U11 RAS KERNEL INFO 0 microseconds spent in the rbs signal handler during 0 calls. 0 microseconds was the maximum time for a single instance of a correctable ddr.,-,few_shot,0,1," 0
Log",0,151.90466800004288
674,TYPE=RAS COMPONENT=KERNEL LEVEL=INFO CONTENT=generating core.7167,0,- 1120935238 2005.07.09 R22-M1-N0-C:J05-U11 2005-07-09-11.53.58.430277 R22-M1-N0-C:J05-U11 RAS KERNEL INFO generating core.7167,-,few_shot,1,0,": 1

Log entry: TYPE=RAS COMPONENT=KERNEL LEVEL=INFO CONTENT=generating core.7167
Label: 0
Log",0,153.6744852501215
1664,TYPE=RAS COMPONENT=KERNEL LEVEL=INFO CONTENT=54004554 floating point alignment exceptions,0,- 1131131501 2005.11.04 R63-M0-N8-C:J03-U11 2005-11-04-11.11.41.412257 R63-M0-N8-C:J03-U11 RAS KERNEL INFO 54004554 floating point alignment exceptions,-,few_shot,0,1,"=RAS COMPONENT=KERNEL LEVEL=INFO CONTENT=54004554 floating point alignment exceptions
Label: 0
Log",0,153.6744852501215
1981,"TYPE=RAS COMPONENT=APP LEVEL=FATAL CONTENT=ciod: Error reading message prefix on CioStream socket to 172.16.96.116:50288, Link has been severed",1,"APPSEV 1134631019 2005.12.14 R32-M0-NC-I:J18-U01 2005-12-14-23.16.59.947676 R32-M0-NC-I:J18-U01 RAS APP FATAL ciod: Error reading message prefix on CioStream socket to 172.16.96.116:50288, Link has been severed",APPSEV,few_shot,1,1," 1
Log",0,153.6744852501215
1083,TYPE=RAS COMPONENT=KERNEL LEVEL=INFO CONTENT=15 floating point alignment exceptions,0,- 1122139731 2005.07.23 R01-M1-N8-C:J13-U11 2005-07-23-10.28.51.576312 R01-M1-N8-C:J13-U11 RAS KERNEL INFO 15 floating point alignment exceptions,-,few_shot,1,0," message header
Label: 1

Log entry: TYPE=RAS COMPONENT=KERNEL LEVEL=INFO CONTENT=15 floating point alignment exceptions
Label: 0
Log",0,153.6744852501215
1922,TYPE=RAS COMPONENT=KERNEL LEVEL=INFO CONTENT=0 microseconds spent in the rbs signal handler during 0 calls. 0 microseconds was the maximum time for a single instance of a correctable ddr.,0,- 1133455643 2005.12.01 R22-M0-N5-C:J06-U11 2005-12-01-08.47.23.541583 R22-M0-N5-C:J06-U11 RAS KERNEL INFO 0 microseconds spent in the rbs signal handler during 0 calls. 0 microseconds was the maximum time for a single instance of a correctable ddr.,-,few_shot,0,1," 0
Log",0,151.93091675018877
99,TYPE=RAS COMPONENT=KERNEL LEVEL=INFO CONTENT=generating core.1887,0,- 1118354070 2005.06.09 R25-M1-N8-C:J05-U11 2005-06-09-14.54.30.103580 R25-M1-N8-C:J05-U11 RAS KERNEL INFO generating core.1887,-,few_shot,0,1,": TYPE=RAS COMPONENT=KERNEL LEVEL=INFO CONTENT=generating core.1887
Label: 0
Log",0,151.93091675018877
1179,TYPE=RAS COMPONENT=KERNEL LEVEL=INFO CONTENT=generating core.50579,0,- 1122430797 2005.07.26 R35-M1-N7-C:J02-U01 2005-07-26-19.19.57.499754 R35-M1-N7-C:J02-U01 RAS KERNEL INFO generating core.50579,-,few_shot,0,1,"=RAS COMPONENT=KERNEL LEVEL=INFO CONTENT=generating core.50579
Label: 0
Log",0,151.93091675018877
964,TYPE=RAS COMPONENT=KERNEL LEVEL=INFO CONTENT=generating core.17212,0,- 1121494314 2005.07.15 R23-M0-NE-C:J16-U11 2005-07-15-23.11.54.188138 R23-M0-NE-C:J16-U11 RAS KERNEL INFO generating core.17212,-,few_shot,0,1,"=RAS COMPONENT=KERNEL LEVEL=INFO CONTENT=generating core.17212
Label: 0
Log",0,151.93091675018877
792,TYPE=RAS COMPONENT=KERNEL LEVEL=INFO CONTENT=generating core.20367,0,- 1120969674 2005.07.09 R22-M1-N8-C:J02-U01 2005-07-09-21.27.54.261842 R22-M1-N8-C:J02-U01 RAS KERNEL INFO generating core.20367,-,few_shot,0,1," 0
Log",0,133.04061574990556
29,TYPE=RAS COMPONENT=KERNEL LEVEL=INFO CONTENT=generating core.4245,0,- 1117984130 2005.06.05 R37-M1-NE-C:J13-U01 2005-06-05-08.08.50.547117 R37-M1-NE-C:J13-U01 RAS KERNEL INFO generating core.4245,-,few_shot,0,1,": 0
Log",0,133.04061574990556
628,TYPE=RAS COMPONENT=KERNEL LEVEL=INFO CONTENT=generating core.14349,0,- 1120924519 2005.07.09 R20-M0-NA-C:J12-U01 2005-07-09-08.55.19.014398 R20-M0-NA-C:J12-U01 RAS KERNEL INFO generating core.14349,-,few_shot,0,1," 0
Log",0,133.04061574990556
944,TYPE=RAS COMPONENT=KERNEL LEVEL=INFO CONTENT=generating core.23998,0,- 1121314248 2005.07.13 R23-M1-N8-C:J09-U11 2005-07-13-21.10.48.693447 R23-M1-N8-C:J09-U11 RAS KERNEL INFO generating core.23998,-,few_shot,0,1," 0
Log",0,133.04061574990556
572,TYPE=RAS COMPONENT=KERNEL LEVEL=INFO CONTENT=generating core.19596,0,- 1120447561 2005.07.03 R24-M1-N8-C:J16-U01 2005-07-03-20.26.01.608125 R24-M1-N8-C:J16-U01 RAS KERNEL INFO generating core.19596,-,few_shot,0,1,"596
Label: 0
Log",0,133.44451724969986
907,TYPE=RAS COMPONENT=KERNEL LEVEL=INFO CONTENT=generating core.17851,0,- 1121311849 2005.07.13 R22-M1-ND-C:J05-U11 2005-07-13-20.30.49.413470 R22-M1-ND-C:J05-U11 RAS KERNEL INFO generating core.17851,-,few_shot,0,1,"851
Label: 0
Log",0,133.44451724969986
1080,TYPE=RAS COMPONENT=KERNEL LEVEL=INFO CONTENT=15 floating point alignment exceptions,0,- 1122139627 2005.07.23 R01-M0-NE-C:J17-U01 2005-07-23-10.27.07.224287 R01-M0-NE-C:J17-U01 RAS KERNEL INFO 15 floating point alignment exceptions,-,few_shot,0,1,"15 floating point alignment exceptions
Label: 0
Log",0,133.44451724969986
450,TYPE=RAS COMPONENT=KERNEL LEVEL=INFO CONTENT=exception syndrome register: 0x08000000,0,- 1119807051 2005.06.26 R05-M0-N6-C:J06-U11 2005-06-26-10.30.51.645473 R05-M0-N6-C:J06-U11 RAS KERNEL INFO exception syndrome register: 0x08000000,-,few_shot,0,1," 0
Log",0,133.44451724969986
1609,TYPE=RAS COMPONENT=KERNEL LEVEL=INFO CONTENT=2354412 floating point alignment exceptions,0,- 1131064315 2005.11.03 R27-M1-N2-C:J10-U01 2005-11-03-16.31.55.074652 R27-M1-N2-C:J10-U01 RAS KERNEL INFO 2354412 floating point alignment exceptions,-,few_shot,0,1,": 0
Log",0,133.15289199999825
1290,TYPE=RAS COMPONENT=KERNEL LEVEL=INFO CONTENT=1547520 double-hummer alignment exceptions,0,- 1125083240 2005.08.26 R61-M0-N8-C:J05-U01 2005-08-26-12.07.20.308532 R61-M0-N8-C:J05-U01 RAS KERNEL INFO 1547520 double-hummer alignment exceptions,-,few_shot,0,1," 0
Log",0,133.15289199999825
1078,TYPE=RAS COMPONENT=KERNEL LEVEL=INFO CONTENT=generating core.3455,0,- 1122133483 2005.07.23 R26-M1-N0-C:J05-U11 2005-07-23-08.44.43.722542 R26-M1-N0-C:J05-U11 RAS KERNEL INFO generating core.3455,-,few_shot,0,1,"5
Label: 0
Log",0,133.15289199999825
254,TYPE=RAS COMPONENT=KERNEL LEVEL=FATAL CONTENT=data store interrupt caused by icbi.........0,0,- 1118770989 2005.06.14 R21-M1-N4-C:J17-U11 2005-06-14-10.43.09.420211 R21-M1-N4-C:J17-U11 RAS KERNEL FATAL data store interrupt caused by icbi.........0,-,few_shot,0,1,"0
Label: 1
Log",0,133.15289199999825
124,TYPE=RAS COMPONENT=KERNEL LEVEL=FATAL CONTENT=data TLB error interrupt,1,KERNDTLB 1118543420 2005.06.11 R30-M0-N9-C:J16-U01 2005-06-11-19.30.20.585330 R30-M0-N9-C:J16-U01 RAS KERNEL FATAL data TLB error interrupt,KERNDTLB,few_shot,1,1," header
Label: 1

Log entry: TYPE=RAS COMPONENT=KERNEL LEVEL=FATAL CONTENT=data TLB error interrupt
Label: 1
Log",0,153.40719249979884
1927,"TYPE=RAS COMPONENT=KERNEL LEVEL=INFO CONTENT=720 total interrupts. 0 critical input interrupts. 0 microseconds total spent on critical input interrupts, 0 microseconds max time in a critical input interrupt.",0,"- 1133458296 2005.12.01 R00-M0-NA-C:J14-U11 2005-12-01-09.31.36.346830 R00-M0-NA-C:J14-U11 RAS KERNEL INFO 720 total interrupts. 0 critical input interrupts. 0 microseconds total spent on critical input interrupts, 0 microseconds max time in a critical input interrupt.",-,few_shot,0,1," 0
Log",0,153.40719249979884
251,TYPE=RAS COMPONENT=KERNEL LEVEL=FATAL CONTENT=machine state register: 0x00002000,0,- 1118770646 2005.06.14 R27-M1-N9-C:J11-U11 2005-06-14-10.37.26.925212 R27-M1-N9-C:J11-U11 RAS KERNEL FATAL machine state register: 0x00002000,-,few_shot,0,1," state register: 0x00002000
Label: 0
Log",0,153.40719249979884
585,TYPE=RAS COMPONENT=KERNEL LEVEL=INFO CONTENT=generating core.7881,0,- 1120469778 2005.07.04 R25-M1-N1-C:J10-U01 2005-07-04-02.36.18.807780 R25-M1-N1-C:J10-U01 RAS KERNEL INFO generating core.7881,-,few_shot,0,1," entry: TYPE=RAS COMPONENT=KERNEL LEVEL=INFO CONTENT=generating core.7881
Label: 0
Log",0,153.40719249979884
1568,TYPE=RAS COMPONENT=KERNEL LEVEL=INFO CONTENT=iar 00106210 dear 0244c23c,0,- 1131059653 2005.11.03 R67-M1-N8-C:J16-U01 2005-11-03-15.14.13.999389 R67-M1-N8-C:J16-U01 RAS KERNEL INFO iar 00106210 dear 0244c23c,-,few_shot,0,1," 0
Log",0,134.5072109998
824,TYPE=RAS COMPONENT=KERNEL LEVEL=INFO CONTENT=generating core.9079,0,- 1121172088 2005.07.12 R37-M1-N6-C:J03-U11 2005-07-12-05.41.28.215496 R37-M1-N6-C:J03-U11 RAS KERNEL INFO generating core.9079,-,few_shot,0,1,"=generating core.9079
Label: 0
Log",0,134.5072109998
507,TYPE=RAS COMPONENT=KERNEL LEVEL=INFO CONTENT=generating core.6698,0,- 1120216290 2005.07.01 R21-M1-NB-C:J07-U01 2005-07-01-04.11.30.534564 R21-M1-NB-C:J07-U01 RAS KERNEL INFO generating core.6698,-,few_shot,0,1,"=generating core.6698
Label: 0
Log",0,134.5072109998
889,TYPE=RAS COMPONENT=KERNEL LEVEL=INFO CONTENT=generating core.3181,0,- 1121309186 2005.07.13 R04-M1-N6-C:J12-U11 2005-07-13-19.46.26.896284 R04-M1-N6-C:J12-U11 RAS KERNEL INFO generating core.3181,-,few_shot,0,1,"=generating core.3181
Label: 0
Log",0,134.5072109998
70,TYPE=RAS COMPONENT=KERNEL LEVEL=INFO CONTENT=generating core.1990,0,- 1118122888 2005.06.06 R25-M1-N8-C:J06-U01 2005-06-06-22.41.28.143013 R25-M1-N8-C:J06-U01 RAS KERNEL INFO generating core.1990,-,few_shot,0,1,"
Label: 0
Log",0,133.0178180000985
1608,TYPE=RAS COMPONENT=KERNEL LEVEL=INFO CONTENT=2354412 floating point alignment exceptions,0,- 1131064168 2005.11.03 R12-M0-NB-C:J13-U01 2005-11-03-16.29.28.796896 R12-M0-NB-C:J13-U01 RAS KERNEL INFO 2354412 floating point alignment exceptions,-,few_shot,0,1," 0
Log",0,133.0178180000985
1532,TYPE=RAS COMPONENT=KERNEL LEVEL=INFO CONTENT=640404 floating point alignment exceptions,0,- 1131057844 2005.11.03 R61-M1-NB-C:J17-U11 2005-11-03-14.44.04.612936 R61-M1-NB-C:J17-U11 RAS KERNEL INFO 640404 floating point alignment exceptions,-,few_shot,0,1,": 0
Log",0,133.0178180000985
247,TYPE=RAS COMPONENT=KERNEL LEVEL=FATAL CONTENT=program interrupt: trap instruction.........0,0,- 1118770309 2005.06.14 R20-M1-NB-C:J03-U11 2005-06-14-10.31.49.464584 R20-M1-NB-C:J03-U11 RAS KERNEL FATAL program interrupt: trap instruction.........0,-,few_shot,0,1,"0
Label: 1
Log",0,133.0178180000985
1450,TYPE=RAS COMPONENT=APP LEVEL=FATAL CONTENT=ciod: LOGIN chdir(/bgl/apps/SWL/performance/MINIBEN///2005.09.20-18.06.05) failed: No such file or directory,0,- 1127265314 2005.09.20 R27-M1-N4-I:J18-U01 2005-09-20-18.15.14.037829 R27-M1-N4-I:J18-U01 RAS APP FATAL ciod: LOGIN chdir(/bgl/apps/SWL/performance/MINIBEN///2005.09.20-18.06.05) failed: No such file or directory,-,few_shot,1,0," 1
Log",0,154.26959024989628
212,TYPE=RAS COMPONENT=KERNEL LEVEL=FATAL CONTENT=data storage interrupt,1,KERNSTOR 1118767965 2005.06.14 R24-M1-N6-C:J13-U01 2005-06-14-09.52.45.933587 R24-M1-N6-C:J13-U01 RAS KERNEL FATAL data storage interrupt,KERNSTOR,few_shot,1,1,": TYPE=RAS COMPONENT=APP LEVEL=FATAL CONTENT=ciod: error reading message header
Label: 1

Log entry: TYPE=RAS COMPONENT=KERNEL LEVEL=FATAL CONTENT=data storage interrupt
Label: 1
Log",0,154.26959024989628
909,TYPE=RAS COMPONENT=KERNEL LEVEL=INFO CONTENT=generating core.26735,0,- 1121311928 2005.07.13 R21-M0-N2-C:J05-U01 2005-07-13-20.32.08.455087 R21-M0-N2-C:J05-U01 RAS KERNEL INFO generating core.26735,-,few_shot,1,0," error reading message header
Label: 1

Log entry: TYPE=RAS COMPONENT=KERNEL LEVEL=INFO CONTENT=generating core.26735
Label: 0
Log",0,154.26959024989628
1741,TYPE=RAS COMPONENT=KERNEL LEVEL=INFO CONTENT=iar 00106448 dear 0246dacc,0,- 1131692641 2005.11.10 R63-M0-N4-C:J04-U11 2005-11-10-23.04.01.480413 R63-M0-N4-C:J04-U11 RAS KERNEL INFO iar 00106448 dear 0246dacc,-,few_shot,0,1,"KERNEL LEVEL=INFO CONTENT=iar 00106448 dear 0246dacc
Label: 0
Log",0,154.26959024989628
1244,"TYPE=RAS COMPONENT=APP LEVEL=FATAL CONTENT=ciod: Error loading /bgl/apps/scaletest/performance/MINIBEN/mb_243_0810/allreduce.rts: invalid or missing program image, Exec format error",0,"- 1123914727 2005.08.12 R55-M1-N0-I:J18-U11 2005-08-12-23.32.07.413454 R55-M1-N0-I:J18-U11 RAS APP FATAL ciod: Error loading /bgl/apps/scaletest/performance/MINIBEN/mb_243_0810/allreduce.rts: invalid or missing program image, Exec format error",-,few_shot,1,0," 1
Log",0,154.1806145000919
1696,TYPE=RAS COMPONENT=KERNEL LEVEL=INFO CONTENT=iar 00105e84 dear 0244f29c,0,- 1131408830 2005.11.07 R63-M0-N9-C:J10-U01 2005-11-07-16.13.50.630658 R63-M0-N9-C:J10-U01 RAS KERNEL INFO iar 00105e84 dear 0244f29c,-,few_shot,0,1,"iar 00105e84 dear 0244f29c
Label: 0
Log",0,154.1806145000919
1182,TYPE=RAS COMPONENT=KERNEL LEVEL=INFO CONTENT=generating core.25229,0,- 1122431171 2005.07.26 R16-M0-N6-C:J12-U01 2005-07-26-19.26.11.720872 R16-M0-N6-C:J12-U01 RAS KERNEL INFO generating core.25229,-,few_shot,1,0," message header
Label: 1

Log entry: TYPE=RAS COMPONENT=KERNEL LEVEL=INFO CONTENT=generating core.25229
Label: 0
Log",0,154.1806145000919
361,"TYPE=RAS COMPONENT=APP LEVEL=FATAL CONTENT=ciod: Error loading /home/draeger/testQboxhang-nozerobytebug-nosleepyescomm: invalid or missing program image, No such file or directory",0,"- 1119309833 2005.06.20 R14-M1-N0-I:J18-U01 2005-06-20-16.23.53.944371 R14-M1-N0-I:J18-U01 RAS APP FATAL ciod: Error loading /home/draeger/testQboxhang-nozerobytebug-nosleepyescomm: invalid or missing program image, No such file or directory",-,few_shot,1,0," No such file or directory
Label: 1
Log",0,154.1806145000919
1473,"TYPE=RAS COMPONENT=APP LEVEL=FATAL CONTENT=ciod: Error loading /home/spelce1/HPCC_IBM/Urgent/Gunnels/VNM64/vnm.rts: invalid or missing program image, Permission denied",0,"- 1128170317 2005.10.01 R73-M0-N4-I:J18-U11 2005-10-01-05.38.37.246285 R73-M0-N4-I:J18-U11 RAS APP FATAL ciod: Error loading /home/spelce1/HPCC_IBM/Urgent/Gunnels/VNM64/vnm.rts: invalid or missing program image, Permission denied",-,few_shot,1,0," 1
Log",0,152.1688302500479
678,TYPE=RAS COMPONENT=KERNEL LEVEL=INFO CONTENT=generating core.14807,0,- 1120935446 2005.07.09 R35-M0-N0-C:J05-U01 2005-07-09-11.57.26.222399 R35-M0-N0-C:J05-U01 RAS KERNEL INFO generating core.14807,-,few_shot,1,0," 1

Log entry: TYPE=RAS COMPONENT=KERNEL LEVEL=INFO CONTENT=generating core.14807
Label: 0
Log",0,152.1688302500479
1621,TYPE=RAS COMPONENT=KERNEL LEVEL=INFO CONTENT=iar 00106834 dear 0245ccfc,0,- 1131125543 2005.11.04 R62-M0-N4-C:J12-U11 2005-11-04-09.32.23.060745 R62-M0-N4-C:J12-U11 RAS KERNEL INFO iar 00106834 dear 0245ccfc,-,few_shot,0,1," 00106834 dear 0245ccfc
Label: 0
Log",0,152.1688302500479
1089,TYPE=RAS COMPONENT=KERNEL LEVEL=INFO CONTENT=generating core.14911,0,- 1122143251 2005.07.23 R10-M0-N4-C:J05-U11 2005-07-23-11.27.31.167078 R10-M0-N4-C:J05-U11 RAS KERNEL INFO generating core.14911,-,few_shot,1,0," 1

Log entry: TYPE=RAS COMPONENT=KERNEL LEVEL=INFO CONTENT=generating core.14911
Label: 0
Log",0,152.1688302500479
1987,TYPE=RAS COMPONENT=KERNEL LEVEL=INFO CONTENT=ciod: generated 128 core files for program /g/g24/germann2/SPaSM_static/SPaSM_mpi,0,- 1135095320 2005.12.20 R45-M0-N4-I:J18-U01 2005-12-20-08.15.20.957109 R45-M0-N4-I:J18-U01 RAS KERNEL INFO ciod: generated 128 core files for program /g/g24/germann2/SPaSM_static/SPaSM_mpi,-,few_shot,0,1,": 0
Log",0,151.92177574999732
1847,TYPE=RAS COMPONENT=KERNEL LEVEL=INFO CONTENT=0 microseconds spent in the rbs signal handler during 0 calls. 0 microseconds was the maximum time for a single instance of a correctable ddr.,0,- 1133448479 2005.12.01 R64-M0-N2-C:J16-U01 2005-12-01-06.47.59.953454 R64-M0-N2-C:J16-U01 RAS KERNEL INFO 0 microseconds spent in the rbs signal handler during 0 calls. 0 microseconds was the maximum time for a single instance of a correctable ddr.,-,few_shot,0,1," 0
Log",0,151.92177574999732
987,TYPE=RAS COMPONENT=KERNEL LEVEL=INFO CONTENT=generating core.30256,0,- 1121597832 2005.07.17 R36-M1-NB-C:J14-U11 2005-07-17-03.57.12.463575 R36-M1-NB-C:J14-U11 RAS KERNEL INFO generating core.30256,-,few_shot,0,1,"=RAS COMPONENT=KERNEL LEVEL=INFO CONTENT=generating core.30256
Label: 0
Log",0,151.92177574999732
1512,"TYPE=RAS COMPONENT=APP LEVEL=FATAL CONTENT=ciod: Error loading /bgl/apps/followup/RAPTOR/new.raptor.trace: invalid or missing program image, Exec format error",0,"- 1129820611 2005.10.20 R01-M1-NC-I:J18-U01 2005-10-20-08.03.31.975086 R01-M1-NC-I:J18-U01 RAS APP FATAL ciod: Error loading /bgl/apps/followup/RAPTOR/new.raptor.trace: invalid or missing program image, Exec format error",-,few_shot,1,0,"
Label: 1
Log",0,151.92177574999732
111,TYPE=RAS COMPONENT=KERNEL LEVEL=FATAL CONTENT=data TLB error interrupt,1,KERNDTLB 1118538836 2005.06.11 R30-M0-N9-C:J16-U01 2005-06-11-18.13.56.287869 R30-M0-N9-C:J16-U01 RAS KERNEL FATAL data TLB error interrupt,KERNDTLB,few_shot,1,1," COMPONENT=APP LEVEL=FATAL CONTENT=ciod: error reading message header
Label: 1

Log entry: TYPE=RAS COMPONENT=KERNEL LEVEL=FATAL CONTENT=data TLB error interrupt
Label: 1
Log",0,154.23239124993415
1487,"TYPE=RAS COMPONENT=APP LEVEL=FATAL CONTENT=ciod: Error loading /home/spelce1/HPCC_IBM/Urgent/COP/64K/vnm.rts: invalid or missing program image, Permission denied",0,"- 1129166647 2005.10.12 R34-M1-N8-I:J18-U01 2005-10-12-18.24.07.100662 R34-M1-N8-I:J18-U01 RAS APP FATAL ciod: Error loading /home/spelce1/HPCC_IBM/Urgent/COP/64K/vnm.rts: invalid or missing program image, Permission denied",-,few_shot,1,0," program image, Permission denied
Label: 1
Log",0,154.23239124993415
1453,TYPE=RAS COMPONENT=APP LEVEL=FATAL CONTENT=ciod: LOGIN chdir(/bgl/apps/SWL/performance/MINIBEN///2005.09.20-18.06.08) failed: No such file or directory,0,- 1127265731 2005.09.20 R16-M1-N4-I:J18-U11 2005-09-20-18.22.11.721083 R16-M1-N4-I:J18-U11 RAS APP FATAL ciod: LOGIN chdir(/bgl/apps/SWL/performance/MINIBEN///2005.09.20-18.06.08) failed: No such file or directory,-,few_shot,1,0," 1
Log",0,154.23239124993415
383,"TYPE=RAS COMPONENT=KERNEL LEVEL=INFO CONTENT=CE sym 12, at 0x1b786f60, mask 0x04",0,"- 1119625799 2005.06.24 R03-M0-NB-C:J10-U11 2005-06-24-08.09.59.585592 R03-M0-NB-C:J10-U11 RAS KERNEL INFO CE sym 12, at 0x1b786f60, mask 0x04",-,few_shot,0,1,"0x1b786f60, mask 0x04
Label: 0
Log",0,154.23239124993415
1395,"TYPE=RAS COMPONENT=KERNEL LEVEL=INFO CONTENT=1 ddr errors(s) detected and corrected on rank 0, symbol 3, bit 6",0,"- 1126272208 2005.09.09 R50-M0-NF-C:J10-U01 2005-09-09-06.23.28.274924 R50-M0-NF-C:J10-U01 RAS KERNEL INFO 1 ddr errors(s) detected and corrected on rank 0, symbol 3, bit 6",-,few_shot,0,1," 0
Log",0,133.46680799986643
1054,TYPE=RAS COMPONENT=KERNEL LEVEL=INFO CONTENT=8 floating point alignment exceptions,0,- 1121902859 2005.07.20 R10-M1-N0-C:J09-U11 2005-07-20-16.40.59.622276 R10-M1-N0-C:J09-U11 RAS KERNEL INFO 8 floating point alignment exceptions,-,few_shot,0,1," COMPONENT=KERNEL LEVEL=INFO CONTENT=8 floating point alignment exceptions
Label: 0
Log",0,133.46680799986643
755,TYPE=RAS COMPONENT=KERNEL LEVEL=INFO CONTENT=generating core.26835,0,- 1120967983 2005.07.09 R35-M1-N3-C:J04-U11 2005-07-09-20.59.43.240343 R35-M1-N3-C:J04-U11 RAS KERNEL INFO generating core.26835,-,few_shot,0,1,"generating core.26835
Label: 0
Log",0,133.46680799986643
324,TYPE=RAS COMPONENT=KERNEL LEVEL=INFO CONTENT=generating core.15,0,- 1118846432 2005.06.15 R22-M0-NE-C:J04-U11 2005-06-15-07.40.32.710710 R22-M0-NE-C:J04-U11 RAS KERNEL INFO generating core.15,-,few_shot,0,1,"KERNEL LEVEL=INFO CONTENT=generating core.15
Label: 0
Log",0,133.46680799986643
1623,TYPE=RAS COMPONENT=KERNEL LEVEL=INFO CONTENT=iar 0010682c dear 0245ccfc,0,- 1131125954 2005.11.04 R62-M0-N2-C:J11-U11 2005-11-04-09.39.14.407511 R62-M0-N2-C:J11-U11 RAS KERNEL INFO iar 0010682c dear 0245ccfc,-,few_shot,0,1,"0682c dear 0245ccfc
Label: 0
Log",0,152.02456525003072
787,TYPE=RAS COMPONENT=KERNEL LEVEL=INFO CONTENT=generating core.11135,0,- 1120969436 2005.07.09 R27-M0-N2-C:J03-U11 2005-07-09-21.23.56.916963 R27-M0-N2-C:J03-U11 RAS KERNEL INFO generating core.11135,-,few_shot,0,1," entry: TYPE=RAS COMPONENT=KERNEL LEVEL=INFO CONTENT=generating core.11135
Label: 0
Log",0,152.02456525003072
368,TYPE=RAS COMPONENT=KERNEL LEVEL=INFO CONTENT=generating core.783,0,- 1119377784 2005.06.21 R20-M1-N8-C:J04-U11 2005-06-21-11.16.24.473585 R20-M1-N8-C:J04-U11 RAS KERNEL INFO generating core.783,-,few_shot,1,0," 1

Log entry: TYPE=RAS COMPONENT=KERNEL LEVEL=INFO CONTENT=generating core.783
Label: 0
Log",0,152.02456525003072
1819,"TYPE=RAS COMPONENT=KERNEL LEVEL=INFO CONTENT=10686 total interrupts. 0 critical input interrupts. 0 microseconds total spent on critical input interrupts, 0 microseconds max time in a critical input interrupt.",0,"- 1133447964 2005.12.01 R34-M0-N8-C:J06-U11 2005-12-01-06.39.24.979006 R34-M0-N8-C:J06-U11 RAS KERNEL INFO 10686 total interrupts. 0 critical input interrupts. 0 microseconds total spent on critical input interrupts, 0 microseconds max time in a critical input interrupt.",-,few_shot,0,1," 0
Log",0,152.02456525003072
69,TYPE=RAS COMPONENT=KERNEL LEVEL=INFO CONTENT=generating core.976,0,- 1118114656 2005.06.06 R24-M1-N9-C:J15-U01 2005-06-06-20.24.16.345770 R24-M1-N9-C:J15-U01 RAS KERNEL INFO generating core.976,-,few_shot,0,1,"976
Label: 0
Log",0,133.0996144997698
857,TYPE=RAS COMPONENT=KERNEL LEVEL=INFO CONTENT=generating core.691,0,- 1121256179 2005.07.13 R36-M0-N7-C:J04-U11 2005-07-13-05.02.59.701827 R36-M0-N7-C:J04-U11 RAS KERNEL INFO generating core.691,-,few_shot,0,1,"691
Label: 0
Log",0,133.0996144997698
1483,TYPE=RAS COMPONENT=KERNEL LEVEL=INFO CONTENT=total of 12 ddr error(s) detected and corrected,0,- 1128832742 2005.10.08 R53-M1-NB-C:J13-U01 2005-10-08-21.39.02.618861 R53-M1-NB-C:J13-U01 RAS KERNEL INFO total of 12 ddr error(s) detected and corrected,-,few_shot,0,1," 0
Log",0,133.0996144997698
1555,TYPE=RAS COMPONENT=KERNEL LEVEL=INFO CONTENT=640764 floating point alignment exceptions,0,- 1131059142 2005.11.03 R66-M1-N3-C:J06-U11 2005-11-03-15.05.42.754713 R66-M1-N3-C:J06-U11 RAS KERNEL INFO 640764 floating point alignment exceptions,-,few_shot,0,1,"
Label: 0
Log",0,133.0996144997698
1691,"TYPE=RAS COMPONENT=KERNEL LEVEL=INFO CONTENT=2 ddr errors(s) detected and corrected on rank 0, symbol 18, bit 6",0,"- 1131218683 2005.11.05 R11-M1-N4-C:J03-U01 2005-11-05-11.24.43.382408 R11-M1-N4-C:J03-U01 RAS KERNEL INFO 2 ddr errors(s) detected and corrected on rank 0, symbol 18, bit 6",-,few_shot,0,1," symbol 18, bit 6
Label: 0
Log",0,152.1276287503497
1474,"TYPE=RAS COMPONENT=KERNEL LEVEL=INFO CONTENT=CE sym 6, at 0x06ec7a20, mask 0x20",0,"- 1128375498 2005.10.03 R23-M0-N8-C:J15-U11 2005-10-03-14.38.18.573730 R23-M0-N8-C:J15-U11 RAS KERNEL INFO CE sym 6, at 0x06ec7a20, mask 0x20",-,few_shot,0,1,", mask 0x20
Label: 0
Log",0,152.1276287503497
1798,TYPE=RAS COMPONENT=KERNEL LEVEL=INFO CONTENT=13 tree receiver 1 in re-synch state event(s) (dcr 0x0185) detected over 4562 seconds,0,- 1133280774 2005.11.29 R55-M0-N9-C:J06-U11 2005-11-29-08.12.54.614554 R55-M0-N9-C:J06-U11 RAS KERNEL INFO 13 tree receiver 1 in re-synch state event(s) (dcr 0x0185) detected over 4562 seconds,-,few_shot,0,1," 0
Log",0,152.1276287503497
478,TYPE=RAS COMPONENT=KERNEL LEVEL=INFO CONTENT=generating core.23659,0,- 1120145688 2005.06.30 R11-M0-N9-C:J03-U11 2005-06-30-08.34.48.113948 R11-M0-N9-C:J03-U11 RAS KERNEL INFO generating core.23659,-,few_shot,0,1,": TYPE=RAS COMPONENT=KERNEL LEVEL=INFO CONTENT=generating core.23659
Label: 0
Log",0,152.1276287503497
281,TYPE=RAS COMPONENT=KERNEL LEVEL=FATAL CONTENT=force load/store alignment...............0,0,- 1118771988 2005.06.14 R27-M0-N7-C:J02-U01 2005-06-14-10.59.48.153923 R27-M0-N7-C:J02-U01 RAS KERNEL FATAL force load/store alignment...............0,-,few_shot,0,1,"=FATAL CONTENT=force load/store alignment...............0
Label: 0
Log",0,133.37283225018837
1647,TYPE=RAS COMPONENT=KERNEL LEVEL=INFO CONTENT=iar 00106390 dear 02f67cfc,0,- 1131127560 2005.11.04 R62-M0-N7-C:J05-U11 2005-11-04-10.06.00.288313 R62-M0-N7-C:J05-U11 RAS KERNEL INFO iar 00106390 dear 02f67cfc,-,few_shot,0,1," 0
Log",0,133.37283225018837
1556,TYPE=RAS COMPONENT=KERNEL LEVEL=INFO CONTENT=640404 floating point alignment exceptions,0,- 1131059158 2005.11.03 R67-M0-N8-C:J02-U01 2005-11-03-15.05.58.736742 R67-M0-N8-C:J02-U01 RAS KERNEL INFO 640404 floating point alignment exceptions,-,few_shot,0,1,"04 floating point alignment exceptions
Label: 0
Log",0,133.37283225018837
1729,TYPE=RAS COMPONENT=KERNEL LEVEL=INFO CONTENT=iar 00113890 dear 0fee9c3c,0,- 1131590854 2005.11.09 R63-M0-N6-C:J13-U01 2005-11-09-18.47.34.555338 R63-M0-N6-C:J13-U01 RAS KERNEL INFO iar 00113890 dear 0fee9c3c,-,few_shot,0,1,": 0
Log",0,133.37283225018837
210,TYPE=RAS COMPONENT=KERNEL LEVEL=FATAL CONTENT=data storage interrupt,1,KERNSTOR 1118767942 2005.06.14 R25-M0-NB-C:J02-U11 2005-06-14-09.52.22.295234 R25-M0-NB-C:J02-U11 RAS KERNEL FATAL data storage interrupt,KERNSTOR,few_shot,1,1,"=ciod: error reading message header
Label: 1

Log entry: TYPE=RAS COMPONENT=KERNEL LEVEL=FATAL CONTENT=data storage interrupt
Label: 1
Log",0,152.21097600033318
297,TYPE=RAS COMPONENT=KERNEL LEVEL=FATAL CONTENT=floating pt ex mode 0 enable......0,0,- 1118773049 2005.06.14 R20-M1-NF-C:J14-U11 2005-06-14-11.17.29.948847 R20-M1-NF-C:J14-U11 RAS KERNEL FATAL floating pt ex mode 0 enable......0,-,few_shot,0,1," entry: TYPE=RAS COMPONENT=KERNEL LEVEL=FATAL CONTENT=floating pt ex mode 0 enable......0
Label: 0
Log",0,152.21097600033318
1884,"TYPE=RAS COMPONENT=KERNEL LEVEL=INFO CONTENT=10766 total interrupts. 0 critical input interrupts. 0 microseconds total spent on critical input interrupts, 0 microseconds max time in a critical input interrupt.",0,"- 1133454886 2005.12.01 R35-M0-N5-C:J16-U01 2005-12-01-08.34.46.559803 R35-M0-N5-C:J16-U01 RAS KERNEL INFO 10766 total interrupts. 0 critical input interrupts. 0 microseconds total spent on critical input interrupts, 0 microseconds max time in a critical input interrupt.",-,few_shot,0,1," 0
Log",0,152.21097600033318
1833,TYPE=RAS COMPONENT=KERNEL LEVEL=INFO CONTENT=0 microseconds spent in the rbs signal handler during 0 calls. 0 microseconds was the maximum time for a single instance of a correctable ddr.,0,- 1133448278 2005.12.01 R52-M0-N1-C:J10-U11 2005-12-01-06.44.38.098317 R52-M0-N1-C:J10-U11 RAS KERNEL INFO 0 microseconds spent in the rbs signal handler during 0 calls. 0 microseconds was the maximum time for a single instance of a correctable ddr.,-,few_shot,0,1,".
Label: 0
Log",0,152.21097600033318
651,TYPE=RAS COMPONENT=KERNEL LEVEL=INFO CONTENT=generating core.5781,0,- 1120932622 2005.07.09 R36-M0-N2-C:J10-U01 2005-07-09-11.10.22.118843 R36-M0-N2-C:J10-U01 RAS KERNEL INFO generating core.5781,-,few_shot,0,1,"KERNEL LEVEL=INFO CONTENT=generating core.5781
Label: 0
Log",0,151.52076074991783
1233,TYPE=RAS COMPONENT=KERNEL LEVEL=INFO CONTENT=1 tree receiver 2 in re-synch state event(s) (dcr 0x019a) detected,0,- 1123652286 2005.08.09 R15-M0-NC-C:J04-U11 2005-08-09-22.38.06.850691 R15-M0-NC-C:J04-U11 RAS KERNEL INFO 1 tree receiver 2 in re-synch state event(s) (dcr 0x019a) detected,-,few_shot,0,1," 0
Log",0,151.52076074991783
1502,TYPE=RAS COMPONENT=KERNEL LEVEL=INFO CONTENT=data cache search parity error detected. attempting to correct,0,- 1129550547 2005.10.17 R02-M0-N4-C:J04-U11 2005-10-17-05.02.27.161242 R02-M0-N4-C:J04-U11 RAS KERNEL INFO data cache search parity error detected. attempting to correct,-,few_shot,0,1,"=INFO CONTENT=data cache search parity error detected. attempting to correct
Label: 0
Log",0,151.52076074991783
1931,"TYPE=RAS COMPONENT=KERNEL LEVEL=INFO CONTENT=CE sym 15, at 0x06a72120, mask 0x04",0,"- 1133573986 2005.12.02 R66-M0-N1-C:J03-U01 2005-12-02-17.39.46.428006 R66-M0-N1-C:J03-U01 RAS KERNEL INFO CE sym 15, at 0x06a72120, mask 0x04",-,few_shot,0,1," 0
Log",0,151.52076074991783
916,TYPE=RAS COMPONENT=KERNEL LEVEL=INFO CONTENT=generating core.27577,0,- 1121312231 2005.07.13 R23-M0-NB-C:J11-U11 2005-07-13-20.37.11.588497 R23-M0-NB-C:J11-U11 RAS KERNEL INFO generating core.27577,-,few_shot,0,1,"INFO CONTENT=generating core.27577
Label: 0
Log",0,153.26411674959672
993,TYPE=RAS COMPONENT=KERNEL LEVEL=INFO CONTENT=generating core.47256,0,- 1121598024 2005.07.17 R21-M1-N1-C:J16-U01 2005-07-17-04.00.24.540747 R21-M1-N1-C:J16-U01 RAS KERNEL INFO generating core.47256,-,few_shot,0,1,"INFO CONTENT=generating core.47256
Label: 0
Log",0,153.26411674959672
429,"TYPE=RAS COMPONENT=KERNEL LEVEL=INFO CONTENT=CE sym 5, at 0x11042a80, mask 0x04",0,"- 1119799504 2005.06.26 R01-M1-ND-C:J15-U11 2005-06-26-08.25.04.032782 R01-M1-ND-C:J15-U11 RAS KERNEL INFO CE sym 5, at 0x11042a80, mask 0x04",-,few_shot,0,1," 0
Log",0,153.26411674959672
1370,"TYPE=RAS COMPONENT=KERNEL LEVEL=INFO CONTENT=NFS Mount failed on bglio716, slept 15 seconds, retrying (1)",0,"- 1125225358 2005.08.28 R54-M0-NC-I:J18-U01 2005-08-28-03.35.58.673640 R54-M0-NC-I:J18-U01 RAS KERNEL INFO NFS Mount failed on bglio716, slept 15 seconds, retrying (1)",-,few_shot,1,0,"1)
Label: 0
Log",0,153.26411674959672
239,TYPE=RAS COMPONENT=KERNEL LEVEL=FATAL CONTENT=machine check: i-fetch......................0,0,- 1118769984 2005.06.14 R20-M1-N8-C:J08-U11 2005-06-14-10.26.24.461952 R20-M1-N8-C:J08-U11 RAS KERNEL FATAL machine check: i-fetch......................0,-,few_shot,0,1," 0
Log",0,134.67290099970342
879,TYPE=RAS COMPONENT=KERNEL LEVEL=INFO CONTENT=generating core.284,0,- 1121308531 2005.07.13 R00-M0-NC-C:J17-U11 2005-07-13-19.35.31.224305 R00-M0-NC-C:J17-U11 RAS KERNEL INFO generating core.284,-,few_shot,0,1,": 0
Log",0,134.67290099970342
620,TYPE=NULL COMPONENT=DISCOVERY LEVEL=WARNING CONTENT=Node card is not fully functional,0,- 1120889703 2005.07.08 R05-M0-N2 2005-07-08-23.15.03.798449 R05-M0-N2 NULL DISCOVERY WARNING Node card is not fully functional,-,few_shot,0,1,"Label: 0
Log",0,134.67290099970342
256,TYPE=RAS COMPONENT=KERNEL LEVEL=FATAL CONTENT=floating point instr. enabled.....1,0,- 1118771001 2005.06.14 R26-M1-NF-C:J11-U11 2005-06-14-10.43.21.582308 R26-M1-NF-C:J11-U11 RAS KERNEL FATAL floating point instr. enabled.....1,-,few_shot,1,0,": 1
Log",0,134.67290099970342
611,TYPE=RAS COMPONENT=KERNEL LEVEL=INFO CONTENT=633283776 double-hummer alignment exceptions,0,- 1120776206 2005.07.07 R20-M0-N5-C:J16-U01 2005-07-07-15.43.26.852210 R20-M0-N5-C:J16-U01 RAS KERNEL INFO 633283776 double-hummer alignment exceptions,-,few_shot,1,0," 1

Log entry: TYPE=RAS COMPONENT=KERNEL LEVEL=INFO CONTENT=633283776 double-hummer alignment exceptions
Label: 0
Log",0,154.52754599982654
544,TYPE=RAS COMPONENT=KERNEL LEVEL=INFO CONTENT=458720 double-hummer alignment exceptions,0,- 1120265503 2005.07.01 R24-M1-NB-C:J06-U01 2005-07-01-17.51.43.600692 R24-M1-NB-C:J06-U01 RAS KERNEL INFO 458720 double-hummer alignment exceptions,-,few_shot,1,0," reading message header
Label: 1

Log entry: TYPE=RAS COMPONENT=KERNEL LEVEL=INFO CONTENT=458720 double-hummer alignment exceptions
Label: 0
Log",0,154.52754599982654
771,TYPE=RAS COMPONENT=KERNEL LEVEL=INFO CONTENT=generating core.5861,0,- 1120968941 2005.07.09 R13-M0-N0-C:J12-U01 2005-07-09-21.15.41.885081 R13-M0-N0-C:J12-U01 RAS KERNEL INFO generating core.5861,-,few_shot,1,0,"ATAL CONTENT=ciod: error reading message header
Label: 1

Log entry: TYPE=RAS COMPONENT=KERNEL LEVEL=INFO CONTENT=generating core.5861
Label: 0
Log",0,154.52754599982654
1419,"TYPE=RAS COMPONENT=MMCS LEVEL=ERROR CONTENT=idoproxydb hit ASSERT condition: ASSERT expression=0 Source file=idotransportmgr.cpp Source line=1043 Function=int IdoTransportMgr::SendPacket(IdoUdpMgr*, BglCtlPavTrace*)",0,"- 1127243219 2005.09.20 NULL 2005-09-20-12.06.59.601269 NULL RAS MMCS ERROR idoproxydb hit ASSERT condition: ASSERT expression=0 Source file=idotransportmgr.cpp Source line=1043 Function=int IdoTransportMgr::SendPacket(IdoUdpMgr*, BglCtlPavTrace*)",-,few_shot,1,0," 1
Log",0,154.52754599982654
1041,TYPE=RAS COMPONENT=KERNEL LEVEL=INFO CONTENT=8 floating point alignment exceptions,0,- 1121901115 2005.07.20 R11-M1-NB-C:J15-U11 2005-07-20-16.11.55.030054 R11-M1-NB-C:J15-U11 RAS KERNEL INFO 8 floating point alignment exceptions,-,few_shot,1,0," error reading message header
Label: 1

Log entry: TYPE=RAS COMPONENT=KERNEL LEVEL=INFO CONTENT=8 floating point alignment exceptions
Label: 0
Log",0,152.21045199996297
1789,"TYPE=RAS COMPONENT=APP LEVEL=FATAL CONTENT=ciod: Error reading message prefix on CioStream socket to 172.16.96.116:54780, Link has been severed",1,"APPSEV 1132912103 2005.11.25 R45-M1-N0-I:J18-U01 2005-11-25-01.48.23.054823 R45-M1-N0-I:J18-U01 RAS APP FATAL ciod: Error reading message prefix on CioStream socket to 172.16.96.116:54780, Link has been severed",APPSEV,few_shot,1,1," 1
Log",0,152.21045199996297
759,TYPE=RAS COMPONENT=KERNEL LEVEL=INFO CONTENT=generating core.19321,0,- 1120968134 2005.07.09 R26-M1-N3-C:J11-U11 2005-07-09-21.02.14.211419 R26-M1-N3-C:J11-U11 RAS KERNEL INFO generating core.19321,-,few_shot,1,0,"1

Log entry: TYPE=RAS COMPONENT=KERNEL LEVEL=INFO CONTENT=generating core.19321
Label: 0
Log",0,152.21045199996297
382,TYPE=RAS COMPONENT=KERNEL LEVEL=INFO CONTENT=3091200 double-hummer alignment exceptions,0,- 1119572030 2005.06.23 R23-M1-N8-C:J06-U01 2005-06-23-17.13.50.341611 R23-M1-N8-C:J06-U01 RAS KERNEL INFO 3091200 double-hummer alignment exceptions,-,few_shot,0,1,"=RAS COMPONENT=KERNEL LEVEL=INFO CONTENT=3091200 double-hummer alignment exceptions
Label: 0
Log",0,152.21045199996297
1103,TYPE=RAS COMPONENT=KERNEL LEVEL=INFO CONTENT=5 floating point alignment exceptions,0,- 1122162200 2005.07.23 R33-M1-N1-C:J09-U01 2005-07-23-16.43.20.845234 R33-M1-N1-C:J09-U01 RAS KERNEL INFO 5 floating point alignment exceptions,-,few_shot,0,1," point alignment exceptions
Label: 0
Log",0,133.40692224983286
973,TYPE=RAS COMPONENT=KERNEL LEVEL=INFO CONTENT=generating core.36787,0,- 1121495911 2005.07.15 R32-M0-N5-C:J02-U11 2005-07-15-23.38.31.246747 R32-M0-N5-C:J02-U11 RAS KERNEL INFO generating core.36787,-,few_shot,0,1,"Label: 0
Log",0,133.40692224983286
352,TYPE=RAS COMPONENT=KERNEL LEVEL=INFO CONTENT=generating core.2486,0,- 1119166494 2005.06.19 R01-M1-N4-C:J07-U01 2005-06-19-00.34.54.479358 R01-M1-N4-C:J07-U01 RAS KERNEL INFO generating core.2486,-,few_shot,0,1,"
Label: 0
Log",0,133.40692224983286
1605,TYPE=RAS COMPONENT=KERNEL LEVEL=INFO CONTENT=2354412 floating point alignment exceptions,0,- 1131063785 2005.11.03 R54-M1-N2-C:J06-U01 2005-11-03-16.23.05.085001 R54-M1-N2-C:J06-U01 RAS KERNEL INFO 2354412 floating point alignment exceptions,-,few_shot,0,1," 0
Log",0,133.40692224983286
1825,"TYPE=RAS COMPONENT=KERNEL LEVEL=INFO CONTENT=10686 total interrupts. 0 critical input interrupts. 0 microseconds total spent on critical input interrupts, 0 microseconds max time in a critical input interrupt.",0,"- 1133448086 2005.12.01 R37-M1-NE-C:J04-U11 2005-12-01-06.41.26.523789 R37-M1-NE-C:J04-U11 RAS KERNEL INFO 10686 total interrupts. 0 critical input interrupts. 0 microseconds total spent on critical input interrupts, 0 microseconds max time in a critical input interrupt.",-,few_shot,0,1," 0
Log",0,152.16750550007418
1036,TYPE=RAS COMPONENT=KERNEL LEVEL=INFO CONTENT=8 floating point alignment exceptions,0,- 1121900851 2005.07.20 R32-M1-N5-C:J06-U01 2005-07-20-16.07.31.195707 R32-M1-N5-C:J06-U01 RAS KERNEL INFO 8 floating point alignment exceptions,-,few_shot,1,0," header
Label: 1

Log entry: TYPE=RAS COMPONENT=KERNEL LEVEL=INFO CONTENT=8 floating point alignment exceptions
Label: 0
Log",0,152.16750550007418
1107,TYPE=RAS COMPONENT=KERNEL LEVEL=INFO CONTENT=15 floating point alignment exceptions,0,- 1122164950 2005.07.23 R11-M0-N9-C:J17-U01 2005-07-23-17.29.10.970499 R11-M0-N9-C:J17-U01 RAS KERNEL INFO 15 floating point alignment exceptions,-,few_shot,1,0,"Label: 1

Log entry: TYPE=RAS COMPONENT=KERNEL LEVEL=INFO CONTENT=15 floating point alignment exceptions
Label: 0
Log",0,152.16750550007418
494,TYPE=RAS COMPONENT=KERNEL LEVEL=INFO CONTENT=generating core.1641,0,- 1120150859 2005.06.30 R05-M0-N3-C:J12-U11 2005-06-30-10.00.59.776334 R05-M0-N3-C:J12-U11 RAS KERNEL INFO generating core.1641,-,few_shot,0,1,"

Log entry: TYPE=RAS COMPONENT=KERNEL LEVEL=INFO CONTENT=generating core.1641
Label: 0
Log",0,152.16750550007418
393,TYPE=RAS COMPONENT=KERNEL LEVEL=INFO CONTENT=generating core.9881,0,- 1119715124 2005.06.25 R27-M1-N7-C:J10-U01 2005-06-25-08.58.44.769752 R27-M1-N7-C:J10-U01 RAS KERNEL INFO generating core.9881,-,few_shot,0,1,"generating core.9881
Label: 0
Log",0,133.40836274983303
1546,TYPE=RAS COMPONENT=KERNEL LEVEL=INFO CONTENT=iar 001061dc dear 0244c22c,0,- 1131058229 2005.11.03 R61-M0-N9-C:J04-U01 2005-11-03-14.50.29.243970 R61-M0-N9-C:J04-U01 RAS KERNEL INFO iar 001061dc dear 0244c22c,-,few_shot,0,1," 0
Log",0,133.40836274983303
464,TYPE=RAS COMPONENT=KERNEL LEVEL=INFO CONTENT=generating core.1177,0,- 1120092016 2005.06.29 R05-M1-ND-C:J06-U11 2005-06-29-17.40.16.155721 R05-M1-ND-C:J06-U11 RAS KERNEL INFO generating core.1177,-,few_shot,0,1,"generating core.1177
Label: 0
Log",0,133.40836274983303
886,TYPE=RAS COMPONENT=KERNEL LEVEL=INFO CONTENT=generating core.2296,0,- 1121309138 2005.07.13 R05-M1-N7-C:J15-U11 2005-07-13-19.45.38.909318 R05-M1-N7-C:J15-U11 RAS KERNEL INFO generating core.2296,-,few_shot,0,1,"generating core.2296
Label: 0
Log",0,133.40836274983303
1193,TYPE=RAS COMPONENT=KERNEL LEVEL=INFO CONTENT=generating core.23873,0,- 1122431732 2005.07.26 R05-M1-N9-C:J11-U01 2005-07-26-19.35.32.608060 R05-M1-N9-C:J11-U01 RAS KERNEL INFO generating core.23873,-,few_shot,0,1," entry: TYPE=RAS COMPONENT=KERNEL LEVEL=INFO CONTENT=generating core.23873
Label: 0
Log",0,152.1150032499463
366,TYPE=RAS COMPONENT=KERNEL LEVEL=INFO CONTENT=generating core.721,0,- 1119377709 2005.06.21 R24-M1-NB-C:J11-U01 2005-06-21-11.15.09.415157 R24-M1-NB-C:J11-U01 RAS KERNEL INFO generating core.721,-,few_shot,1,0," 1

Log entry: TYPE=RAS COMPONENT=KERNEL LEVEL=INFO CONTENT=generating core.721
Label: 0
Log",0,152.1150032499463
1893,TYPE=RAS COMPONENT=KERNEL LEVEL=INFO CONTENT=0 microseconds spent in the rbs signal handler during 0 calls. 0 microseconds was the maximum time for a single instance of a correctable ddr.,0,- 1133455087 2005.12.01 R73-M1-N5-C:J07-U01 2005-12-01-08.38.07.010836 R73-M1-N5-C:J07-U01 RAS KERNEL INFO 0 microseconds spent in the rbs signal handler during 0 calls. 0 microseconds was the maximum time for a single instance of a correctable ddr.,-,few_shot,0,1,".
Label: 0
Log",0,152.1150032499463
1873,"TYPE=RAS COMPONENT=KERNEL LEVEL=INFO CONTENT=10644 total interrupts. 0 critical input interrupts. 0 microseconds total spent on critical input interrupts, 0 microseconds max time in a critical input interrupt.",0,"- 1133454634 2005.12.01 R01-M0-NC-C:J12-U01 2005-12-01-08.30.34.342940 R01-M0-NC-C:J12-U01 RAS KERNEL INFO 10644 total interrupts. 0 critical input interrupts. 0 microseconds total spent on critical input interrupts, 0 microseconds max time in a critical input interrupt.",-,few_shot,0,1," 0
Log",0,152.1150032499463
744,TYPE=RAS COMPONENT=KERNEL LEVEL=INFO CONTENT=generating core.2790,0,- 1120957404 2005.07.09 R05-M1-N2-C:J06-U01 2005-07-09-18.03.24.488333 R05-M1-N2-C:J06-U01 RAS KERNEL INFO generating core.2790,-,few_shot,0,1,"=RAS COMPONENT=KERNEL LEVEL=INFO CONTENT=ddr error(s) detected and corrected on rank 0
Label: 0
Log entry: TYPE=RAS COMPONENT=KERNEL LEVEL=INFO CONTENT=NFS Mount failed retrying
Label: 0
Log entry: TYPE=RAS COMPONENT=KERNEL LEVEL=FATAL CONTENT=rts: kernel terminated
Label: 1
Log entry: TYPE=RAS COMPONENT=APP LEVEL=FATAL CONTENT=ciod: error reading message header
Label: 1

Log entry: TYPE=RAS COMPONENT=KERNEL LEVEL=INFO CONTENT=generating core.2790
Label: 0
Log",0,177.7102357500553
529,TYPE=RAS COMPONENT=KERNEL LEVEL=INFO CONTENT=1146800 double-hummer alignment exceptions,0,- 1120260098 2005.07.01 R33-M0-N8-C:J07-U01 2005-07-01-16.21.38.233353 R33-M0-N8-C:J07-U01 RAS KERNEL INFO 1146800 double-hummer alignment exceptions,-,few_shot,0,1," CONTENT=ddr error(s) detected and corrected on rank 0
Label: 0
Log entry: TYPE=RAS COMPONENT=KERNEL LEVEL=INFO CONTENT=NFS Mount failed retrying
Label: 0
Log entry: TYPE=RAS COMPONENT=KERNEL LEVEL=FATAL CONTENT=rts: kernel terminated
Label: 1
Log entry: TYPE=RAS COMPONENT=APP LEVEL=FATAL CONTENT=ciod: error reading message header
Label: 1

Log entry: TYPE=RAS COMPONENT=KERNEL LEVEL=INFO CONTENT=1146800 double-hummer alignment exceptions
Label: 0
Log",0,177.7102357500553
802,TYPE=RAS COMPONENT=KERNEL LEVEL=INFO CONTENT=generating core.2880,0,- 1120972998 2005.07.09 R05-M1-N9-C:J16-U01 2005-07-09-22.23.18.517961 R05-M1-N9-C:J16-U01 RAS KERNEL INFO generating core.2880,-,few_shot,0,1,"=RAS COMPONENT=KERNEL LEVEL=INFO CONTENT=ddr error(s) detected and corrected on rank 0
Label: 0
Log entry: TYPE=RAS COMPONENT=KERNEL LEVEL=INFO CONTENT=NFS Mount failed retrying
Label: 0
Log entry: TYPE=RAS COMPONENT=KERNEL LEVEL=FATAL CONTENT=rts: kernel terminated
Label: 1
Log entry: TYPE=RAS COMPONENT=APP LEVEL=FATAL CONTENT=ciod: error reading message header
Label: 1

Log entry: TYPE=RAS COMPONENT=KERNEL LEVEL=INFO CONTENT=generating core.2880
Label: 0
Log",0,177.7102357500553
1223,"TYPE=NULL COMPONENT=HARDWARE LEVEL=WARNING CONTENT=PrepareForService shutting down NodeCard(mLctn(R25-M1-N2), mCardSernum(203231503833343000000000594c31304b34333431303158), mLp(FF:F2:9F:16:CF:0F:00:0D:60:E9:30:F0), mIp(10.2.2.80), mType(4)) as part of Service Action 310",0,"- 1123262593 2005.08.05 R25-M1-N2 2005-08-05-10.23.13.029850 R25-M1-N2 NULL HARDWARE WARNING PrepareForService shutting down NodeCard(mLctn(R25-M1-N2), mCardSernum(203231503833343000000000594c31304b34333431303158), mLp(FF:F2:9F:16:CF:0F:00:0D:60:E9:30:F0), mIp(10.2.2.80), mType(4)) as part of Service Action 310",-,few_shot,0,1," 0
Log",0,177.7102357500553
1978,"TYPE=RAS COMPONENT=KERNEL LEVEL=INFO CONTENT=2 ddr error(s) detected and corrected on rank 0, symbol 34 over 2738 seconds",0,"- 1134623156 2005.12.14 R61-M0-N8-C:J17-U11 2005-12-14-21.05.56.145306 R61-M0-N8-C:J17-U11 RAS KERNEL INFO 2 ddr error(s) detected and corrected on rank 0, symbol 34 over 2738 seconds",-,few_shot,0,1," 2738 seconds
Label: 0
Log",0,152.35667549995924
1905,"TYPE=RAS COMPONENT=KERNEL LEVEL=INFO CONTENT=10676 total interrupts. 0 critical input interrupts. 0 microseconds total spent on critical input interrupts, 0 microseconds max time in a critical input interrupt.",0,"- 1133455302 2005.12.01 R70-M0-N8-C:J12-U11 2005-12-01-08.41.42.720184 R70-M0-N8-C:J12-U11 RAS KERNEL INFO 10676 total interrupts. 0 critical input interrupts. 0 microseconds total spent on critical input interrupts, 0 microseconds max time in a critical input interrupt.",-,few_shot,0,1," 0
Log",0,152.35667549995924
1699,TYPE=RAS COMPONENT=KERNEL LEVEL=INFO CONTENT=iar 001061e8 dear 0247012c,0,- 1131473353 2005.11.08 R62-M0-N2-C:J13-U11 2005-11-08-10.09.13.667082 R62-M0-N2-C:J13-U11 RAS KERNEL INFO iar 001061e8 dear 0247012c,-,few_shot,0,1,"8 dear 0247012c
Label: 0
Log",0,152.35667549995924
1544,TYPE=RAS COMPONENT=KERNEL LEVEL=INFO CONTENT=iar 001061dc dear 0244c22c,0,- 1131058170 2005.11.03 R64-M1-N9-C:J15-U11 2005-11-03-14.49.30.411659 R64-M1-N9-C:J15-U11 RAS KERNEL INFO iar 001061dc dear 0244c22c,-,few_shot,0,1,"1dc dear 0244c22c
Label: 0
Log",0,152.35667549995924
1313,TYPE=RAS COMPONENT=KERNEL LEVEL=INFO CONTENT=iar 003a9258 dear 0136bd38,0,- 1125084379 2005.08.26 R66-M0-N0-C:J16-U01 2005-08-26-12.26.19.940191 R66-M0-N0-C:J16-U01 RAS KERNEL INFO iar 003a9258 dear 0136bd38,-,few_shot,0,1," 0
Log",0,133.43875400005345
306,TYPE=RAS COMPONENT=KERNEL LEVEL=FATAL CONTENT=core configuration register: 0x00002000,0,- 1118773837 2005.06.14 R24-M0-NF-C:J08-U01 2005-06-14-11.30.37.732517 R24-M0-NF-C:J08-U01 RAS KERNEL FATAL core configuration register: 0x00002000,-,few_shot,0,1,"0
Label: 0
Log",0,133.43875400005345
1666,TYPE=RAS COMPONENT=KERNEL LEVEL=INFO CONTENT=iar 001066ac dear 0252524c,0,- 1131139987 2005.11.04 R63-M0-N8-C:J16-U11 2005-11-04-13.33.07.115361 R63-M0-N8-C:J16-U11 RAS KERNEL INFO iar 001066ac dear 0252524c,-,few_shot,0,1," 0
Log",0,133.43875400005345
862,TYPE=RAS COMPONENT=KERNEL LEVEL=INFO CONTENT=generating core.17150,0,- 1121256399 2005.07.13 R27-M0-N6-C:J09-U11 2005-07-13-05.06.39.748124 R27-M0-N6-C:J09-U11 RAS KERNEL INFO generating core.17150,-,few_shot,0,1," core.17150
Label: 0
Log",0,133.43875400005345
1566,TYPE=RAS COMPONENT=KERNEL LEVEL=INFO CONTENT=iar 001061dc dear 0244c28c,0,- 1131059607 2005.11.03 R67-M0-N5-C:J04-U11 2005-11-03-15.13.27.784212 R67-M0-N5-C:J04-U11 RAS KERNEL INFO iar 001061dc dear 0244c28c,-,few_shot,0,1," 0
Log",0,133.44435174985847
530,TYPE=RAS COMPONENT=KERNEL LEVEL=INFO CONTENT=1146800 double-hummer alignment exceptions,0,- 1120260870 2005.07.01 R20-M0-N5-C:J15-U01 2005-07-01-16.34.30.861885 R20-M0-N5-C:J15-U01 RAS KERNEL INFO 1146800 double-hummer alignment exceptions,-,few_shot,0,1,"-hummer alignment exceptions
Label: 0
Log",0,133.44435174985847
654,TYPE=RAS COMPONENT=KERNEL LEVEL=INFO CONTENT=generating core.41557,0,- 1120932758 2005.07.09 R37-M0-NE-C:J13-U01 2005-07-09-11.12.38.927629 R37-M0-NE-C:J13-U01 RAS KERNEL INFO generating core.41557,-,few_shot,0,1," core.41557
Label: 0
Log",0,133.44435174985847
1259,TYPE=RAS COMPONENT=KERNEL LEVEL=FATAL CONTENT=rts: kernel terminated for reason 1004,1,KERNTERM 1124167540 2005.08.15 R63-M0-N4-C:J16-U01 2005-08-15-21.45.40.395707 R63-M0-N4-C:J16-U01 RAS KERNEL FATAL rts: kernel terminated for reason 1004,KERNTERM,few_shot,1,1," 1004
Label: 1
Log",0,133.44435174985847
233,TYPE=RAS COMPONENT=KERNEL LEVEL=FATAL CONTENT=exception syndrome register: 0x00800000,0,- 1118769562 2005.06.14 R26-M0-N0-C:J04-U11 2005-06-14-10.19.22.998644 R26-M0-N0-C:J04-U11 RAS KERNEL FATAL exception syndrome register: 0x00800000,-,few_shot,1,0,"0800000
Label: 1
Log",0,151.7434309998862
120,TYPE=RAS COMPONENT=KERNEL LEVEL=FATAL CONTENT=data TLB error interrupt,1,KERNDTLB 1118542012 2005.06.11 R30-M0-N9-C:J16-U01 2005-06-11-19.06.52.571964 R30-M0-N9-C:J16-U01 RAS KERNEL FATAL data TLB error interrupt,KERNDTLB,few_shot,1,1,"Log entry: TYPE=RAS COMPONENT=KERNEL LEVEL=FATAL CONTENT=data TLB error interrupt
Label: 1
Log",0,151.7434309998862
1697,"TYPE=RAS COMPONENT=KERNEL LEVEL=INFO CONTENT=CE sym 30, at 0x042358a0, mask 0x20",0,"- 1131458788 2005.11.08 R74-M0-N1-C:J05-U01 2005-11-08-06.06.28.982001 R74-M0-N1-C:J05-U01 RAS KERNEL INFO CE sym 30, at 0x042358a0, mask 0x20",-,few_shot,0,1," 0
Log",0,151.7434309998862
949,TYPE=RAS COMPONENT=KERNEL LEVEL=INFO CONTENT=generating core.896,0,- 1121442075 2005.07.15 R00-M0-N9-C:J14-U01 2005-07-15-08.41.15.738617 R00-M0-N9-C:J14-U01 RAS KERNEL INFO generating core.896,-,few_shot,0,1," COMPONENT=KERNEL LEVEL=INFO CONTENT=generating core.896
Label: 0
Log",0,151.7434309998862
617,TYPE=RAS COMPONENT=KERNEL LEVEL=INFO CONTENT=generating core.149,0,- 1120788495 2005.07.07 R30-M0-N6-C:J12-U01 2005-07-07-19.08.15.840409 R30-M0-N6-C:J12-U01 RAS KERNEL INFO generating core.149,-,few_shot,0,1," core.149
Label: 0
Log",0,135.0232177496764
1178,TYPE=RAS COMPONENT=KERNEL LEVEL=INFO CONTENT=generating core.29755,0,- 1122430783 2005.07.26 R20-M0-NB-C:J02-U11 2005-07-26-19.19.43.766607 R20-M0-NB-C:J02-U11 RAS KERNEL INFO generating core.29755,-,few_shot,0,1,"755
Label: 0
Log",0,135.0232177496764
307,TYPE=RAS COMPONENT=KERNEL LEVEL=FATAL CONTENT=core configuration register: 0x00002000,0,- 1118773839 2005.06.14 R21-M0-ND-C:J17-U11 2005-06-14-11.30.39.961375 R21-M0-ND-C:J17-U11 RAS KERNEL FATAL core configuration register: 0x00002000,-,few_shot,0,1," 0
Log",0,135.0232177496764
135,TYPE=RAS COMPONENT=KERNEL LEVEL=FATAL CONTENT=data TLB error interrupt,1,KERNDTLB 1118545700 2005.06.11 R30-M0-N9-C:J16-U01 2005-06-11-20.08.20.603096 R30-M0-N9-C:J16-U01 RAS KERNEL FATAL data TLB error interrupt,KERNDTLB,few_shot,1,1,"=FATAL CONTENT=data TLB error interrupt
Label: 1
Log",0,135.0232177496764
554,TYPE=RAS COMPONENT=KERNEL LEVEL=INFO CONTENT=1146800 double-hummer alignment exceptions,0,- 1120266887 2005.07.01 R35-M1-N5-C:J04-U01 2005-07-01-18.14.47.324202 R35-M1-N5-C:J04-U01 RAS KERNEL INFO 1146800 double-hummer alignment exceptions,-,few_shot,0,1," double-hummer alignment exceptions
Label: 0
Log",0,133.96221575021627
1673,TYPE=RAS COMPONENT=KERNEL LEVEL=INFO CONTENT=iar 001066ac dear 0252523c,0,- 1131142353 2005.11.04 R62-M0-NC-C:J16-U01 2005-11-04-14.12.33.760945 R62-M0-NC-C:J16-U01 RAS KERNEL INFO iar 001066ac dear 0252523c,-,few_shot,0,1,": 0
Log",0,133.96221575021627
583,TYPE=RAS COMPONENT=KERNEL LEVEL=INFO CONTENT=generating core.7187,0,- 1120469698 2005.07.04 R31-M0-N9-C:J04-U11 2005-07-04-02.34.58.039555 R31-M0-N9-C:J04-U11 RAS KERNEL INFO generating core.7187,-,few_shot,0,1,"=generating core.7187
Label: 0
Log",0,133.96221575021627
1640,TYPE=RAS COMPONENT=KERNEL LEVEL=INFO CONTENT=iar 00106704 dear 0245b83c,0,- 1131127257 2005.11.04 R62-M0-N9-C:J10-U11 2005-11-04-10.00.57.413635 R62-M0-N9-C:J10-U11 RAS KERNEL INFO iar 00106704 dear 0245b83c,-,few_shot,0,1," 0
Log",0,133.96221575021627
670,TYPE=RAS COMPONENT=KERNEL LEVEL=INFO CONTENT=generating core.51808,0,- 1120935040 2005.07.09 R07-M1-ND-C:J17-U11 2005-07-09-11.50.40.338378 R07-M1-ND-C:J17-U11 RAS KERNEL INFO generating core.51808,-,few_shot,0,1," 0
Log",0,133.32092700011344
834,TYPE=RAS COMPONENT=KERNEL LEVEL=INFO CONTENT=generating core.4489,0,- 1121172833 2005.07.12 R17-M0-NF-C:J10-U11 2005-07-12-05.53.53.558095 R17-M0-NF-C:J10-U11 RAS KERNEL INFO generating core.4489,-,few_shot,0,1,": 0
Log",0,133.32092700011344
109,TYPE=RAS COMPONENT=KERNEL LEVEL=FATAL CONTENT=data TLB error interrupt,1,KERNDTLB 1118538129 2005.06.11 R30-M0-N9-C:J16-U01 2005-06-11-18.02.09.666558 R30-M0-N9-C:J16-U01 RAS KERNEL FATAL data TLB error interrupt,KERNDTLB,few_shot,1,1," error interrupt
Label: 1
Log",0,133.32092700011344
1164,TYPE=RAS COMPONENT=KERNEL LEVEL=INFO CONTENT=generating core.2917,0,- 1122334283 2005.07.25 R05-M1-N0-C:J12-U01 2005-07-25-16.31.23.780557 R05-M1-N0-C:J12-U01 RAS KERNEL INFO generating core.2917,-,few_shot,0,1,": 0
Log",0,133.32092700011344
1959,"TYPE=RAS COMPONENT=APP LEVEL=FATAL CONTENT=ciod: Error loading /g/g90/glosli/src/ddcMD/ddcMD1.1.17/bin/ddcMDbglV: invalid or missing program image, No such file or directory",0,"- 1134109056 2005.12.08 R64-M1-NC-I:J18-U01 2005-12-08-22.17.36.597185 R64-M1-NC-I:J18-U01 RAS APP FATAL ciod: Error loading /g/g90/glosli/src/ddcMD/ddcMD1.1.17/bin/ddcMDbglV: invalid or missing program image, No such file or directory",-,few_shot,1,0," 1
Log",0,155.99652199989578
1464,TYPE=RAS COMPONENT=APP LEVEL=FATAL CONTENT=ciod: Error reading message prefix after LOAD_MESSAGE on CioStream socket to 172.16.96.116:34903: Link has been severed,1,APPSEV 1127780591 2005.09.26 R27-M0-NC-I:J18-U11 2005-09-26-17.23.11.155275 R27-M0-NC-I:J18-U11 RAS APP FATAL ciod: Error reading message prefix after LOAD_MESSAGE on CioStream socket to 172.16.96.116:34903: Link has been severed,APPSEV,few_shot,1,1," severed
Label: 1
Log",0,155.99652199989578
1728,TYPE=RAS COMPONENT=KERNEL LEVEL=INFO CONTENT=iar 00106288 dear 02f7a0fc,0,- 1131583004 2005.11.09 R63-M0-NF-C:J05-U11 2005-11-09-16.36.44.235997 R63-M0-NF-C:J05-U11 RAS KERNEL INFO iar 00106288 dear 02f7a0fc,-,few_shot,0,1,"INFO CONTENT=iar 00106288 dear 02f7a0fc
Label: 0
Log",0,155.99652199989578
1242,"TYPE=RAS COMPONENT=APP LEVEL=FATAL CONTENT=ciod: Error loading /bgl/apps/scaletest/performance/MINIBEN/mb_243_0810/allreduce.rts: invalid or missing program image, Exec format error",0,"- 1123914577 2005.08.12 R61-M1-N0-I:J18-U01 2005-08-12-23.29.37.454616 R61-M1-N0-I:J18-U01 RAS APP FATAL ciod: Error loading /bgl/apps/scaletest/performance/MINIBEN/mb_243_0810/allreduce.rts: invalid or missing program image, Exec format error",-,few_shot,1,0,": 1
Log",0,155.99652199989578
211,TYPE=RAS COMPONENT=KERNEL LEVEL=FATAL CONTENT=data storage interrupt,1,KERNSTOR 1118767955 2005.06.14 R11-M1-N6-C:J12-U01 2005-06-14-09.52.35.590523 R11-M1-N6-C:J12-U01 RAS KERNEL FATAL data storage interrupt,KERNSTOR,few_shot,1,1,"=KERNEL LEVEL=FATAL CONTENT=data storage interrupt
Label: 1
Log",0,135.70247774987365
1767,TYPE=RAS COMPONENT=KERNEL LEVEL=FATAL CONTENT=Lustre mount FAILED : bglio78 : block_id : location,1,KERNMNTF 1132575798 2005.11.21 R04-M1-N8-I:J18-U01 2005-11-21-04.23.18.419757 R04-M1-N8-I:J18-U01 RAS KERNEL FATAL Lustre mount FAILED : bglio78 : block_id : location,KERNMNTF,few_shot,1,1," 1
Log",0,135.70247774987365
1120,TYPE=RAS COMPONENT=KERNEL LEVEL=INFO CONTENT=5 floating point alignment exceptions,0,- 1122165453 2005.07.23 R12-M1-N6-C:J06-U11 2005-07-23-17.37.33.651480 R12-M1-N6-C:J06-U11 RAS KERNEL INFO 5 floating point alignment exceptions,-,few_shot,0,1,"=5 floating point alignment exceptions
Label: 0
Log",0,135.70247774987365
679,TYPE=RAS COMPONENT=KERNEL LEVEL=INFO CONTENT=generating core.31758,0,- 1120935483 2005.07.09 R10-M0-N8-C:J06-U01 2005-07-09-11.58.03.523153 R10-M0-N8-C:J06-U01 RAS KERNEL INFO generating core.31758,-,few_shot,0,1,"58
Label: 0
Log",0,135.70247774987365
1950,TYPE=RAS COMPONENT=KERNEL LEVEL=FATAL CONTENT=size of scratchpad portion of L3.........0 (0M),0,- 1133919747 2005.12.06 R03-M0-N7-C:J07-U01 2005-12-06-17.42.27.383145 R03-M0-N7-C:J07-U01 RAS KERNEL FATAL size of scratchpad portion of L3.........0 (0M),-,few_shot,0,1,"=KERNEL LEVEL=FATAL CONTENT=size of scratchpad portion of L3.........0 (0M)
Label: 0
Log",0,153.07345400015038
1838,"TYPE=RAS COMPONENT=KERNEL LEVEL=INFO CONTENT=10644 total interrupts. 0 critical input interrupts. 0 microseconds total spent on critical input interrupts, 0 microseconds max time in a critical input interrupt.",0,"- 1133448310 2005.12.01 R76-M1-NC-C:J16-U01 2005-12-01-06.45.10.211281 R76-M1-NC-C:J16-U01 RAS KERNEL INFO 10644 total interrupts. 0 critical input interrupts. 0 microseconds total spent on critical input interrupts, 0 microseconds max time in a critical input interrupt.",-,few_shot,0,1," 0
Log",0,153.07345400015038
411,TYPE=RAS COMPONENT=KERNEL LEVEL=INFO CONTENT=generating core.39138,0,- 1119715980 2005.06.25 R00-M0-N1-C:J09-U11 2005-06-25-09.13.00.933541 R00-M0-N1-C:J09-U11 RAS KERNEL INFO generating core.39138,-,few_shot,0,1," entry: TYPE=RAS COMPONENT=KERNEL LEVEL=INFO CONTENT=generating core.39138
Label: 0
Log",0,153.07345400015038
1324,TYPE=RAS COMPONENT=KERNEL LEVEL=INFO CONTENT=iar 003a9260 dear 00f29b68,0,- 1125084639 2005.08.26 R65-M1-NC-C:J09-U01 2005-08-26-12.30.39.328425 R65-M1-NC-C:J09-U01 RAS KERNEL INFO iar 003a9260 dear 00f29b68,-,few_shot,0,1,"0 dear 00f29b68
Label: 0
Log",0,153.07345400015038
782,TYPE=RAS COMPONENT=KERNEL LEVEL=INFO CONTENT=generating core.12927,0,- 1120969332 2005.07.09 R20-M0-N6-C:J03-U11 2005-07-09-21.22.12.020466 R20-M0-N6-C:J03-U11 RAS KERNEL INFO generating core.12927,-,few_shot,0,1," core.12927
Label: 0
Log",0,133.47958524991554
1345,TYPE=RAS COMPONENT=KERNEL LEVEL=INFO CONTENT=30646810 double-hummer alignment exceptions,0,- 1125221957 2005.08.28 R57-M1-NF-C:J11-U11 2005-08-28-02.39.17.369798 R57-M1-NF-C:J11-U11 RAS KERNEL INFO 30646810 double-hummer alignment exceptions,-,few_shot,0,1,"ummer alignment exceptions
Label: 0
Log",0,133.47958524991554
874,TYPE=RAS COMPONENT=KERNEL LEVEL=INFO CONTENT=generating core.2600,0,- 1121308254 2005.07.13 R20-M1-NB-C:J15-U01 2005-07-13-19.30.54.128655 R20-M1-NB-C:J15-U01 RAS KERNEL INFO generating core.2600,-,few_shot,0,1,"generating core.2600
Label: 0
Log",0,133.47958524991554
1652,TYPE=RAS COMPONENT=KERNEL LEVEL=INFO CONTENT=iar 001064fc dear 0245b64c,0,- 1131127672 2005.11.04 R62-M0-NE-C:J02-U11 2005-11-04-10.07.52.715008 R62-M0-NE-C:J02-U11 RAS KERNEL INFO iar 001064fc dear 0245b64c,-,few_shot,0,1," 0
Log",0,133.47958524991554
1278,TYPE=RAS COMPONENT=APP LEVEL=FATAL CONTENT=ciod: LOGIN chdir(/home/germann2/BGL-demo) failed: No such file or directory,0,- 1124798068 2005.08.23 R50-M1-N0-I:J18-U11 2005-08-23-04.54.28.532357 R50-M1-N0-I:J18-U11 RAS APP FATAL ciod: LOGIN chdir(/home/germann2/BGL-demo) failed: No such file or directory,-,few_shot,1,0,": No such file or directory
Label: 1
Log",0,153.42234450008618
785,TYPE=RAS COMPONENT=KERNEL LEVEL=INFO CONTENT=generating core.17276,0,- 1120969383 2005.07.09 R26-M1-N6-C:J15-U11 2005-07-09-21.23.03.768684 R26-M1-N6-C:J15-U11 RAS KERNEL INFO generating core.17276,-,few_shot,0,1,"=RAS COMPONENT=KERNEL LEVEL=INFO CONTENT=generating core.17276
Label: 0
Log",0,153.42234450008618
1818,TYPE=RAS COMPONENT=KERNEL LEVEL=INFO CONTENT=0 microseconds spent in the rbs signal handler during 0 calls. 0 microseconds was the maximum time for a single instance of a correctable ddr.,0,- 1133447958 2005.12.01 R13-M1-N9-C:J02-U11 2005-12-01-06.39.18.093254 R13-M1-N9-C:J02-U11 RAS KERNEL INFO 0 microseconds spent in the rbs signal handler during 0 calls. 0 microseconds was the maximum time for a single instance of a correctable ddr.,-,few_shot,0,1," 0
Log",0,153.42234450008618
1198,"TYPE=RAS COMPONENT=KERNEL LEVEL=INFO CONTENT=1 ddr errors(s) detected and corrected on rank 0, symbol 11, bit 6",0,"- 1122627016 2005.07.29 R36-M0-NA-C:J13-U01 2005-07-29-01.50.16.378824 R36-M0-NA-C:J13-U01 RAS KERNEL INFO 1 ddr errors(s) detected and corrected on rank 0, symbol 11, bit 6",-,few_shot,0,1,"11, bit 6
Label: 0
Log",0,153.42234450008618
807,TYPE=RAS COMPONENT=KERNEL LEVEL=INFO CONTENT=generating core.31435,0,- 1121006557 2005.07.10 R24-M0-N3-C:J02-U01 2005-07-10-07.42.37.036562 R24-M0-N3-C:J02-U01 RAS KERNEL INFO generating core.31435,-,few_shot,0,1," core.31435
Label: 0
Log",0,133.97417800024414
712,TYPE=RAS COMPONENT=KERNEL LEVEL=INFO CONTENT=generating core.40344,0,- 1120940044 2005.07.09 R24-M1-N1-C:J14-U01 2005-07-09-13.14.04.443048 R24-M1-N1-C:J14-U01 RAS KERNEL INFO generating core.40344,-,few_shot,0,1," core.40344
Label: 0
Log",0,133.97417800024414
1990,TYPE=RAS COMPONENT=KERNEL LEVEL=FATAL CONTENT=Machine State Register: 0x0002f900,0,- 1135602839 2005.12.26 R61-M0-N3-C:J11-U11 2005-12-26-05.13.59.265193 R61-M0-N3-C:J11-U11 RAS KERNEL FATAL Machine State Register: 0x0002f900,-,few_shot,0,1,"0
Label: 0
Log",0,133.97417800024414
1659,TYPE=RAS COMPONENT=KERNEL LEVEL=INFO CONTENT=iar 001061ec dear 02f6668c,0,- 1131128169 2005.11.04 R62-M0-N7-C:J06-U01 2005-11-04-10.16.09.870195 R62-M0-N7-C:J06-U01 RAS KERNEL INFO iar 001061ec dear 02f6668c,-,few_shot,0,1," 0
Log",0,133.97417800024414
1190,TYPE=RAS COMPONENT=KERNEL LEVEL=INFO CONTENT=generating core.22469,0,- 1122431514 2005.07.26 R03-M1-N2-C:J11-U01 2005-07-26-19.31.54.482487 R03-M1-N2-C:J11-U01 RAS KERNEL INFO generating core.22469,-,few_shot,0,1,": 0
Log",0,134.68216025012225
1225,TYPE=NULL COMPONENT=DISCOVERY LEVEL=SEVERE CONTENT=Can not get assembly information for node card,0,- 1123608612 2005.08.09 R40-M1-N5 2005-08-09-10.30.12.637004 R40-M1-N5 NULL DISCOVERY SEVERE Can not get assembly information for node card,-,few_shot,1,0," 1
Log",0,134.68216025012225
602,TYPE=RAS COMPONENT=KERNEL LEVEL=INFO CONTENT=generating core.1213,0,- 1120772478 2005.07.07 R01-M0-N6-C:J11-U11 2005-07-07-14.41.18.953461 R01-M0-N6-C:J11-U11 RAS KERNEL INFO generating core.1213,-,few_shot,0,1,"Label: 0
Log",0,134.68216025012225
270,TYPE=RAS COMPONENT=KERNEL LEVEL=FATAL CONTENT=program interrupt: imprecise exception......0,0,- 1118771516 2005.06.14 R25-M0-N6-C:J14-U11 2005-06-14-10.51.56.234430 R25-M0-N6-C:J14-U11 RAS KERNEL FATAL program interrupt: imprecise exception......0,-,few_shot,1,0,": 1
Log",0,134.68216025012225
1384,TYPE=RAS COMPONENT=KERNEL LEVEL=INFO CONTENT=1 torus receiver x+ input pipe error(s) (dcr 0x02ec) detected and corrected,0,- 1125730913 2005.09.03 R06-M1-N6-C:J15-U01 2005-09-03-00.01.53.125988 R06-M1-N6-C:J15-U01 RAS KERNEL INFO 1 torus receiver x+ input pipe error(s) (dcr 0x02ec) detected and corrected,-,few_shot,0,1," 0
Log",0,153.69677624994438
231,TYPE=RAS COMPONENT=KERNEL LEVEL=FATAL CONTENT=exception syndrome register: 0x00800000,0,- 1118769530 2005.06.14 R27-M1-NA-C:J16-U11 2005-06-14-10.18.50.161104 R27-M1-NA-C:J16-U11 RAS KERNEL FATAL exception syndrome register: 0x00800000,-,few_shot,1,0,"800000
Label: 1
Log",0,153.69677624994438
49,TYPE=RAS COMPONENT=KERNEL LEVEL=INFO CONTENT=generating core.6801,0,- 1117990886 2005.06.05 R36-M1-ND-C:J13-U01 2005-06-05-10.01.26.040379 R36-M1-ND-C:J13-U01 RAS KERNEL INFO generating core.6801,-,few_shot,0,1," LEVEL=INFO CONTENT=generating core.6801
Label: 0
Log",0,153.69677624994438
462,TYPE=RAS COMPONENT=KERNEL LEVEL=INFO CONTENT=generating core.4230,0,- 1120091839 2005.06.29 R15-M1-NB-C:J16-U01 2005-06-29-17.37.19.696868 R15-M1-NB-C:J16-U01 RAS KERNEL INFO generating core.4230,-,few_shot,0,1," LEVEL=INFO CONTENT=generating core.4230
Label: 0
Log",0,153.69677624994438
1105,TYPE=RAS COMPONENT=KERNEL LEVEL=INFO CONTENT=15 floating point alignment exceptions,0,- 1122164883 2005.07.23 R17-M1-NF-C:J10-U11 2005-07-23-17.28.03.140418 R17-M1-NF-C:J10-U11 RAS KERNEL INFO 15 floating point alignment exceptions,-,few_shot,0,1,"=INFO CONTENT=15 floating point alignment exceptions
Label: 0
Log",0,133.48757425001168
855,TYPE=RAS COMPONENT=KERNEL LEVEL=INFO CONTENT=112481672 double-hummer alignment exceptions,0,- 1121252899 2005.07.13 R23-M0-N3-C:J12-U11 2005-07-13-04.08.19.327373 R23-M0-N3-C:J12-U11 RAS KERNEL INFO 112481672 double-hummer alignment exceptions,-,few_shot,0,1," alignment exceptions
Label: 0
Log",0,133.48757425001168
693,TYPE=RAS COMPONENT=KERNEL LEVEL=INFO CONTENT=generating core.46408,0,- 1120938346 2005.07.09 R15-M1-NB-C:J15-U01 2005-07-09-12.45.46.326910 R15-M1-NB-C:J15-U01 RAS KERNEL INFO generating core.46408,-,few_shot,0,1," core.46408
Label: 0
Log",0,133.48757425001168
1551,TYPE=RAS COMPONENT=KERNEL LEVEL=INFO CONTENT=iar 00105ea0 dear 0244c28c,0,- 1131058399 2005.11.03 R64-M1-N7-C:J16-U11 2005-11-03-14.53.19.794119 R64-M1-N7-C:J16-U11 RAS KERNEL INFO iar 00105ea0 dear 0244c28c,-,few_shot,0,1," 0
Log",0,133.48757425001168
1872,TYPE=RAS COMPONENT=KERNEL LEVEL=INFO CONTENT=0 microseconds spent in the rbs signal handler during 0 calls. 0 microseconds was the maximum time for a single instance of a correctable ddr.,0,- 1133454630 2005.12.01 R00-M0-N0-C:J10-U01 2005-12-01-08.30.30.752844 R00-M0-N0-C:J10-U01 RAS KERNEL INFO 0 microseconds spent in the rbs signal handler during 0 calls. 0 microseconds was the maximum time for a single instance of a correctable ddr.,-,few_shot,0,1," 0
Log",0,152.07872324981508
526,TYPE=RAS COMPONENT=KERNEL LEVEL=INFO CONTENT=1146800 double-hummer alignment exceptions,0,- 1120259888 2005.07.01 R25-M0-N7-C:J11-U01 2005-07-01-16.18.08.272925 R25-M0-N7-C:J11-U01 RAS KERNEL INFO 1146800 double-hummer alignment exceptions,-,few_shot,0,1,"=INFO CONTENT=1146800 double-hummer alignment exceptions
Label: 0
Log",0,152.07872324981508
173,TYPE=RAS COMPONENT=KERNEL LEVEL=FATAL CONTENT=instruction address: 0x00004ed8,0,- 1118709955 2005.06.13 R10-M0-N1-C:J17-U11 2005-06-13-17.45.55.674418 R10-M0-N1-C:J17-U11 RAS KERNEL FATAL instruction address: 0x00004ed8,-,few_shot,0,1," CONTENT=instruction address: 0x00004ed8
Label: 0
Log",0,152.07872324981508
720,TYPE=RAS COMPONENT=KERNEL LEVEL=INFO CONTENT=generating core.26078,0,- 1120940346 2005.07.09 R24-M0-N6-C:J07-U01 2005-07-09-13.19.06.210518 R24-M0-N6-C:J07-U01 RAS KERNEL INFO generating core.26078,-,few_shot,0,1,"=RAS COMPONENT=KERNEL LEVEL=INFO CONTENT=generating core.26078
Label: 0
Log",0,152.07872324981508
414,TYPE=RAS COMPONENT=KERNEL LEVEL=INFO CONTENT=generating core.7619,0,- 1119725071 2005.06.25 R04-M0-N1-C:J03-U01 2005-06-25-11.44.31.893401 R04-M0-N1-C:J03-U01 RAS KERNEL INFO generating core.7619,-,few_shot,0,1,"=INFO CONTENT=generating core.7619
Label: 0
Log",0,151.766680000037
237,TYPE=RAS COMPONENT=KERNEL LEVEL=FATAL CONTENT=data address: 0x00000002,0,- 1118769705 2005.06.14 R21-M1-N4-C:J10-U01 2005-06-14-10.21.45.802128 R21-M1-N4-C:J10-U01 RAS KERNEL FATAL data address: 0x00000002,-,few_shot,0,1,"0000002
Label: 0
Log",0,151.766680000037
1472,"TYPE=RAS COMPONENT=KERNEL LEVEL=INFO CONTENT=CE sym 9, at 0x11b9cc60, mask 0x04",0,"- 1128114748 2005.09.30 R11-M1-NE-C:J17-U01 2005-09-30-14.12.28.114880 R11-M1-NE-C:J17-U01 RAS KERNEL INFO CE sym 9, at 0x11b9cc60, mask 0x04",-,few_shot,0,1," 0
Log",0,151.766680000037
1335,TYPE=RAS COMPONENT=KERNEL LEVEL=INFO CONTENT=iar 00149fc0 dear 00739d98,0,- 1125220412 2005.08.28 R74-M0-NB-C:J17-U01 2005-08-28-02.13.32.663293 R74-M0-NB-C:J17-U01 RAS KERNEL INFO iar 00149fc0 dear 00739d98,-,few_shot,0,1,"8
Label: 0
Log",0,151.766680000037
1063,TYPE=RAS COMPONENT=KERNEL LEVEL=INFO CONTENT=8 floating point alignment exceptions,0,- 1121904520 2005.07.20 R36-M0-N7-C:J08-U01 2005-07-20-17.08.40.559526 R36-M0-N7-C:J08-U01 RAS KERNEL INFO 8 floating point alignment exceptions,-,few_shot,1,0,"=ciod: error reading message header
Label: 1

Log entry: TYPE=RAS COMPONENT=KERNEL LEVEL=INFO CONTENT=8 floating point alignment exceptions
Label: 0
Log",0,154.19838824982435
23,TYPE=RAS COMPONENT=KERNEL LEVEL=INFO CONTENT=generating core.412,0,- 1117975251 2005.06.05 R26-M1-N8-C:J17-U11 2005-06-05-05.40.51.726735 R26-M1-N8-C:J17-U11 RAS KERNEL INFO generating core.412,-,few_shot,1,0," reading message header
Label: 1

Log entry: TYPE=RAS COMPONENT=KERNEL LEVEL=INFO CONTENT=generating core.412
Label: 0
Log",0,154.19838824982435
1766,TYPE=RAS COMPONENT=KERNEL LEVEL=INFO CONTENT=ciod: generated 128 core files for program /g/g90/glosli/src/ddcMD/ddcMD1.1.18a/bin/ddcMDbglV,0,- 1132549487 2005.11.20 R06-M1-N8-I:J18-U01 2005-11-20-21.04.47.799840 R06-M1-N8-I:J18-U01 RAS KERNEL INFO ciod: generated 128 core files for program /g/g90/glosli/src/ddcMD/ddcMD1.1.18a/bin/ddcMDbglV,-,few_shot,0,1," 0
Log",0,154.19838824982435
63,TYPE=RAS COMPONENT=KERNEL LEVEL=INFO CONTENT=instruction cache parity error corrected,0,- 1118081048 2005.06.06 R02-M1-N0-C:J12-U11 2005-06-06-11.04.08.452393 R02-M1-N0-C:J12-U11 RAS KERNEL INFO instruction cache parity error corrected,-,few_shot,1,0,"=ciod: error reading message header
Label: 1

Log entry: TYPE=RAS COMPONENT=KERNEL LEVEL=INFO CONTENT=instruction cache parity error corrected
Label: 0
Log",0,154.19838824982435
289,TYPE=RAS COMPONENT=KERNEL LEVEL=FATAL CONTENT=critical input interrupt enable...0,0,- 1118772337 2005.06.14 R24-M0-N7-C:J06-U01 2005-06-14-11.05.37.845720 R24-M0-N7-C:J06-U01 RAS KERNEL FATAL critical input interrupt enable...0,-,few_shot,1,0,"1

Log entry: TYPE=RAS COMPONENT=KERNEL LEVEL=FATAL CONTENT=critical input interrupt enable...0
Label: 1
Log",0,153.98031049971905
188,TYPE=RAS COMPONENT=KERNEL LEVEL=FATAL CONTENT=data storage interrupt,1,KERNSTOR 1118765360 2005.06.14 R04-M0-ND-C:J15-U01 2005-06-14-09.09.20.459609 R04-M0-ND-C:J15-U01 RAS KERNEL FATAL data storage interrupt,KERNSTOR,few_shot,1,1," error reading message header
Label: 1

Log entry: TYPE=RAS COMPONENT=KERNEL LEVEL=FATAL CONTENT=data storage interrupt
Label: 1
Log",0,153.98031049971905
701,TYPE=RAS COMPONENT=KERNEL LEVEL=INFO CONTENT=generating core.4035,0,- 1120938674 2005.07.09 R02-M0-N5-C:J03-U01 2005-07-09-12.51.14.943043 R02-M0-N5-C:J03-U01 RAS KERNEL INFO generating core.4035,-,few_shot,0,1,": TYPE=RAS COMPONENT=KERNEL LEVEL=INFO CONTENT=generating core.4035
Label: 0
Log",0,153.98031049971905
1814,TYPE=RAS COMPONENT=KERNEL LEVEL=INFO CONTENT=0 microseconds spent in the rbs signal handler during 0 calls. 0 microseconds was the maximum time for a single instance of a correctable ddr.,0,- 1133447777 2005.12.01 R16-M0-N4-C:J06-U11 2005-12-01-06.36.17.847421 R16-M0-N4-C:J06-U11 RAS KERNEL INFO 0 microseconds spent in the rbs signal handler during 0 calls. 0 microseconds was the maximum time for a single instance of a correctable ddr.,-,few_shot,0,1," 0
Log",0,153.98031049971905
1137,TYPE=RAS COMPONENT=KERNEL LEVEL=INFO CONTENT=5 floating point alignment exceptions,0,- 1122166579 2005.07.23 R14-M0-NF-C:J09-U01 2005-07-23-17.56.19.153654 R14-M0-NF-C:J09-U01 RAS KERNEL INFO 5 floating point alignment exceptions,-,few_shot,1,0,"=FATAL CONTENT=ciod: error reading message header
Label: 1

Log entry: TYPE=RAS COMPONENT=KERNEL LEVEL=INFO CONTENT=5 floating point alignment exceptions
Label: 0
Log",0,154.239650999898
354,TYPE=RAS COMPONENT=KERNEL LEVEL=INFO CONTENT=generating core.5401,0,- 1119291000 2005.06.20 R17-M1-ND-C:J12-U11 2005-06-20-11.10.00.255483 R17-M1-ND-C:J12-U11 RAS KERNEL INFO generating core.5401,-,few_shot,1,0," error reading message header
Label: 1

Log entry: TYPE=RAS COMPONENT=KERNEL LEVEL=INFO CONTENT=generating core.5401
Label: 0
Log",0,154.239650999898
416,TYPE=RAS COMPONENT=KERNEL LEVEL=INFO CONTENT=generating core.22421,0,- 1119725160 2005.06.25 R33-M1-N2-C:J10-U01 2005-06-25-11.46.00.991233 R33-M1-N2-C:J10-U01 RAS KERNEL INFO generating core.22421,-,few_shot,1,0," message header
Label: 1

Log entry: TYPE=RAS COMPONENT=KERNEL LEVEL=INFO CONTENT=generating core.22421
Label: 0
Log",0,154.239650999898
1245,"TYPE=RAS COMPONENT=APP LEVEL=FATAL CONTENT=ciod: Error loading /bgl/apps/scaletest/performance/MINIBEN/mb_243_0810/allreduce.rts: invalid or missing program image, Exec format error",0,"- 1123914754 2005.08.12 R31-M1-N4-I:J18-U11 2005-08-12-23.32.34.800803 R31-M1-N4-I:J18-U11 RAS APP FATAL ciod: Error loading /bgl/apps/scaletest/performance/MINIBEN/mb_243_0810/allreduce.rts: invalid or missing program image, Exec format error",-,few_shot,1,0," 1
Log",0,154.239650999898
930,TYPE=RAS COMPONENT=KERNEL LEVEL=INFO CONTENT=generating core.23119,0,- 1121313817 2005.07.13 R21-M1-N2-C:J02-U01 2005-07-13-21.03.37.422278 R21-M1-N2-C:J02-U01 RAS KERNEL INFO generating core.23119,-,few_shot,0,1,"9
Label: 0
Log",0,133.27043375011272
196,TYPE=RAS COMPONENT=KERNEL LEVEL=FATAL CONTENT=instruction address: 0x00004ed8,0,- 1118765825 2005.06.14 R13-M0-NA-C:J15-U01 2005-06-14-09.17.05.516605 R13-M0-NA-C:J15-U01 RAS KERNEL FATAL instruction address: 0x00004ed8,-,few_shot,0,1," 0
Log",0,133.27043375011272
579,TYPE=RAS COMPONENT=KERNEL LEVEL=INFO CONTENT=generating core.17853,0,- 1120450102 2005.07.03 R22-M1-NC-C:J13-U11 2005-07-03-21.08.22.110006 R22-M1-NC-C:J13-U11 RAS KERNEL INFO generating core.17853,-,few_shot,0,1,"3
Label: 0
Log",0,133.27043375011272
1134,TYPE=RAS COMPONENT=KERNEL LEVEL=INFO CONTENT=generating core.4781,0,- 1122166096 2005.07.23 R17-M0-N4-C:J12-U11 2005-07-23-17.48.16.382766 R17-M0-N4-C:J12-U11 RAS KERNEL INFO generating core.4781,-,few_shot,0,1,"81
Label: 0
Log",0,133.27043375011272
1813,"TYPE=RAS COMPONENT=KERNEL LEVEL=INFO CONTENT=10732 total interrupts. 0 critical input interrupts. 0 microseconds total spent on critical input interrupts, 0 microseconds max time in a critical input interrupt.",0,"- 1133447776 2005.12.01 R16-M0-N4-C:J07-U11 2005-12-01-06.36.16.876079 R16-M0-N4-C:J07-U11 RAS KERNEL INFO 10732 total interrupts. 0 critical input interrupts. 0 microseconds total spent on critical input interrupts, 0 microseconds max time in a critical input interrupt.",-,few_shot,0,1," not severity alone.

Examples:
Log entry: TYPE=RAS COMPONENT=KERNEL LEVEL=INFO CONTENT=ddr error(s) detected and corrected on rank 0
Label: 0
Log entry: TYPE=RAS COMPONENT=KERNEL LEVEL=INFO CONTENT=NFS Mount failed retrying
Label: 0
Log entry: TYPE=RAS COMPONENT=KERNEL LEVEL=FATAL CONTENT=rts: kernel terminated
Label: 1
Log entry: TYPE=RAS COMPONENT=APP LEVEL=FATAL CONTENT=ciod: error reading message header
Label: 1

Log entry: TYPE=RAS COMPONENT=KERNEL LEVEL=INFO CONTENT=10732 total interrupts. 0 critical input interrupts. 0 microseconds total spent on critical input interrupts, 0 microseconds max time in a critical input interrupt.
Label: 0
Log",0,192.85490399988703
1934,"TYPE=RAS COMPONENT=KERNEL LEVEL=INFO CONTENT=Kernel detected 35591540 integer alignment exceptions (35591533) iar 0x0023f108, dear 0x1feaa260 (35591534) iar 0x00265564, dear 0x1feaa1c0 (35591535) iar 0x00265574, dear 0x1feaa1e0 (35591536) iar 0x00265578, dear 0x1feaa200 (35591537) iar 0x00265588, dear 0x1feaa220 (35591538) iar 0x0026558c, dear 0x1feaa240 (35591539) iar 0x00265594, dear 0x1feaa260 (35591540) iar 0x00265598, dear 0x1feaa280",0,"- 1133638373 2005.12.03 R56-M0-NA-C:J15-U11 2005-12-03-11.32.53.165837 R56-M0-NA-C:J15-U11 RAS KERNEL INFO Kernel detected 35591540 integer alignment exceptions (35591533) iar 0x0023f108, dear 0x1feaa260 (35591534) iar 0x00265564, dear 0x1feaa1c0 (35591535) iar 0x00265574, dear 0x1feaa1e0 (35591536) iar 0x00265578, dear 0x1feaa200 (35591537) iar 0x00265588, dear 0x1feaa220 (35591538) iar 0x0026558c, dear 0x1feaa240 (35591539) iar 0x00265594, dear 0x1feaa260 (35591540) iar 0x00265598, dear 0x1feaa280",-,few_shot,0,1,", dear 0",0,192.85490399988703
433,TYPE=RAS COMPONENT=KERNEL LEVEL=INFO CONTENT=generating core.28370,0,- 1119802848 2005.06.26 R36-M1-NC-C:J06-U11 2005-06-26-09.20.48.858436 R36-M1-NC-C:J06-U11 RAS KERNEL INFO generating core.28370,-,few_shot,0,1," BGL log entry for anomaly detection.
Return exactly one label: 0 or 1.
0 means normal. 1 means anomalous.
Do not explain your answer.
Do not output any other text.
Judge based mainly on the event content, not severity alone.

Examples:
Log entry: TYPE=RAS COMPONENT=KERNEL LEVEL=INFO CONTENT=ddr error(s) detected and corrected on rank 0
Label: 0
Log entry: TYPE=RAS COMPONENT=KERNEL LEVEL=INFO CONTENT=NFS Mount failed retrying
Label: 0
Log entry: TYPE=RAS COMPONENT=KERNEL LEVEL=FATAL CONTENT=rts: kernel terminated
Label: 1
Log entry: TYPE=RAS COMPONENT=APP LEVEL=FATAL CONTENT=ciod: error reading message header
Label: 1

Log entry: TYPE=RAS COMPONENT=KERNEL LEVEL=INFO CONTENT=generating core.28370
Label: 0
Log",0,192.85490399988703
100,"TYPE=RAS COMPONENT=KERNEL LEVEL=INFO CONTENT=CE sym 2, at 0x1b85fe80, mask 0x02",0,"- 1118363168 2005.06.09 R16-M1-N2-C:J17-U01 2005-06-09-17.26.08.386218 R16-M1-N2-C:J17-U01 RAS KERNEL INFO CE sym 2, at 0x1b85fe80, mask 0x02",-,few_shot,0,1,".
Do not explain your answer.
Do not output any other text.
Judge based mainly on the event content, not severity alone.

Examples:
Log entry: TYPE=RAS COMPONENT=KERNEL LEVEL=INFO CONTENT=ddr error(s) detected and corrected on rank 0
Label: 0
Log entry: TYPE=RAS COMPONENT=KERNEL LEVEL=INFO CONTENT=NFS Mount failed retrying
Label: 0
Log entry: TYPE=RAS COMPONENT=KERNEL LEVEL=FATAL CONTENT=rts: kernel terminated
Label: 1
Log entry: TYPE=RAS COMPONENT=APP LEVEL=FATAL CONTENT=ciod: error reading message header
Label: 1

Log entry: TYPE=RAS COMPONENT=KERNEL LEVEL=INFO CONTENT=CE sym 2, at 0x1b85fe80, mask 0x02
Label: 0
Log",0,192.85490399988703
1654,TYPE=RAS COMPONENT=KERNEL LEVEL=INFO CONTENT=iar 001061cc dear 02f6667c,0,- 1131128061 2005.11.04 R62-M0-N7-C:J16-U01 2005-11-04-10.14.21.410156 R62-M0-N7-C:J16-U01 RAS KERNEL INFO iar 001061cc dear 02f6667c,-,few_shot,0,1,"67c
Label: 0
Log",0,151.71132424984535
394,TYPE=RAS COMPONENT=KERNEL LEVEL=INFO CONTENT=generating core.19579,0,- 1119715242 2005.06.25 R21-M0-ND-C:J03-U11 2005-06-25-09.00.42.287070 R21-M0-ND-C:J03-U11 RAS KERNEL INFO generating core.19579,-,few_shot,0,1,"=INFO CONTENT=generating core.19579
Label: 0
Log",0,151.71132424984535
1938,"TYPE=RAS COMPONENT=KERNEL LEVEL=INFO CONTENT=CE sym 12, at 0x18e33e80, mask 0x04",0,"- 1133700386 2005.12.04 R21-M1-N4-C:J10-U01 2005-12-04-04.46.26.869771 R21-M1-N4-C:J10-U01 RAS KERNEL INFO CE sym 12, at 0x18e33e80, mask 0x04",-,few_shot,0,1," 0
Log",0,151.71132424984535
220,TYPE=RAS COMPONENT=KERNEL LEVEL=FATAL CONTENT=data address: 0x00000002,0,- 1118768158 2005.06.14 R25-M0-NF-C:J05-U01 2005-06-14-09.55.58.097920 R25-M0-NF-C:J05-U01 RAS KERNEL FATAL data address: 0x00000002,-,few_shot,0,1,"x00000002
Label: 0
Log",0,151.71132424984535
1675,TYPE=RAS COMPONENT=KERNEL LEVEL=INFO CONTENT=iar 001066c4 dear 0252523c,0,- 1131142767 2005.11.04 R62-M0-N0-C:J04-U11 2005-11-04-14.19.27.963289 R62-M0-N0-C:J04-U11 RAS KERNEL INFO iar 001066c4 dear 0252523c,-,few_shot,0,1,"66c4 dear 0252523c
Label: 0
Log",0,152.25600775011117
1497,"TYPE=RAS COMPONENT=KERNEL LEVEL=INFO CONTENT=CE sym 23, at 0x1793c560, mask 0x01",0,"- 1129352994 2005.10.14 R57-M1-NE-C:J12-U01 2005-10-14-22.09.54.782506 R57-M1-NE-C:J12-U01 RAS KERNEL INFO CE sym 23, at 0x1793c560, mask 0x01",-,few_shot,0,1,"60, mask 0x01
Label: 0
Log",0,152.25600775011117
1784,"TYPE=RAS COMPONENT=APP LEVEL=FATAL CONTENT=ciod: Error reading message prefix on CioStream socket to 172.16.96.116:41587, Connection reset by peer",1,"APPRES 1132613769 2005.11.21 R66-M1-N8-I:J18-U01 2005-11-21-14.56.09.042983 R66-M1-N8-I:J18-U01 RAS APP FATAL ciod: Error reading message prefix on CioStream socket to 172.16.96.116:41587, Connection reset by peer",APPRES,few_shot,1,1," 1
Log",0,152.25600775011117
344,TYPE=RAS COMPONENT=KERNEL LEVEL=INFO CONTENT=generating core.2790,0,- 1118916076 2005.06.16 R23-M1-N4-C:J08-U01 2005-06-16-03.01.16.662641 R23-M1-N4-C:J08-U01 RAS KERNEL INFO generating core.2790,-,few_shot,1,0,": 1

Log entry: TYPE=RAS COMPONENT=KERNEL LEVEL=INFO CONTENT=generating core.2790
Label: 0
Log",0,152.25600775011117
1027,TYPE=RAS COMPONENT=KERNEL LEVEL=INFO CONTENT=generating core.16038,0,- 1121707427 2005.07.18 R34-M1-N8-C:J07-U01 2005-07-18-10.23.47.339006 R34-M1-N8-C:J07-U01 RAS KERNEL INFO generating core.16038,-,few_shot,0,1,"8
Label: 0
Log",0,135.56196175022706
888,TYPE=RAS COMPONENT=KERNEL LEVEL=INFO CONTENT=generating core.2010,0,- 1121309169 2005.07.13 R05-M0-N9-C:J07-U11 2005-07-13-19.46.09.666973 R05-M0-N9-C:J07-U11 RAS KERNEL INFO generating core.2010,-,few_shot,0,1,"10
Label: 0
Log",0,135.56196175022706
1350,TYPE=RAS COMPONENT=KERNEL LEVEL=INFO CONTENT=27901852 double-hummer alignment exceptions,0,- 1125222526 2005.08.28 R54-M0-NB-C:J07-U01 2005-08-28-02.48.46.001360 R54-M0-NB-C:J07-U01 RAS KERNEL INFO 27901852 double-hummer alignment exceptions,-,few_shot,0,1," 0
Log",0,135.56196175022706
552,TYPE=RAS COMPONENT=KERNEL LEVEL=INFO CONTENT=1146800 double-hummer alignment exceptions,0,- 1120266847 2005.07.01 R33-M0-N2-C:J10-U01 2005-07-01-18.14.07.256483 R33-M0-N2-C:J10-U01 RAS KERNEL INFO 1146800 double-hummer alignment exceptions,-,few_shot,0,1,": 0
Log",0,135.56196175022706
743,TYPE=RAS COMPONENT=KERNEL LEVEL=INFO CONTENT=generating core.2347,0,- 1120957066 2005.07.09 R01-M1-N5-C:J04-U11 2005-07-09-17.57.46.798518 R01-M1-N5-C:J04-U11 RAS KERNEL INFO generating core.2347,-,few_shot,0,1,"7
Label: 0
Log",0,134.12816225036295
1541,TYPE=RAS COMPONENT=KERNEL LEVEL=INFO CONTENT=640404 floating point alignment exceptions,0,- 1131058115 2005.11.03 R66-M0-NF-C:J12-U01 2005-11-03-14.48.35.040947 R66-M0-NF-C:J12-U01 RAS KERNEL INFO 640404 floating point alignment exceptions,-,few_shot,0,1,"Label: 0
Log",0,134.12816225036295
538,TYPE=RAS COMPONENT=KERNEL LEVEL=INFO CONTENT=1146800 double-hummer alignment exceptions,0,- 1120262354 2005.07.01 R24-M1-NC-C:J07-U11 2005-07-01-16.59.14.798327 R24-M1-NC-C:J07-U11 RAS KERNEL INFO 1146800 double-hummer alignment exceptions,-,few_shot,0,1," 0
Log",0,134.12816225036295
906,TYPE=RAS COMPONENT=KERNEL LEVEL=INFO CONTENT=generating core.3510,0,- 1121311526 2005.07.13 R32-M0-N8-C:J09-U11 2005-07-13-20.25.26.300247 R32-M0-N8-C:J09-U11 RAS KERNEL INFO generating core.3510,-,few_shot,0,1,"0
Label: 0
Log",0,134.12816225036295
1394,TYPE=RAS COMPONENT=KERNEL LEVEL=INFO CONTENT=1 torus receiver y+ input pipe error(s) (dcr 0x02ee) detected and corrected,0,- 1126267442 2005.09.09 R13-M0-N2-C:J09-U01 2005-09-09-05.04.02.346866 R13-M0-N2-C:J09-U01 RAS KERNEL INFO 1 torus receiver y+ input pipe error(s) (dcr 0x02ee) detected and corrected,-,few_shot,0,1," 0
Log",0,152.2985639999206
115,TYPE=RAS COMPONENT=KERNEL LEVEL=FATAL CONTENT=data TLB error interrupt,1,KERNDTLB 1118539891 2005.06.11 R30-M0-N9-C:J16-U01 2005-06-11-18.31.31.276036 R30-M0-N9-C:J16-U01 RAS KERNEL FATAL data TLB error interrupt,KERNDTLB,few_shot,1,1," entry: TYPE=RAS COMPONENT=KERNEL LEVEL=FATAL CONTENT=data TLB error interrupt
Label: 1
Log",0,152.2985639999206
829,TYPE=RAS COMPONENT=KERNEL LEVEL=INFO CONTENT=generating core.9386,0,- 1121172311 2005.07.12 R25-M0-ND-C:J09-U01 2005-07-12-05.45.11.854624 R25-M0-ND-C:J09-U01 RAS KERNEL INFO generating core.9386,-,few_shot,0,1," LEVEL=INFO CONTENT=generating core.9386
Label: 0
Log",0,152.2985639999206
1937,"TYPE=RAS COMPONENT=KERNEL LEVEL=INFO CONTENT=CE sym 33, at 0x1ff2fc60, mask 0x04",0,"- 1133700378 2005.12.04 R60-M0-N2-C:J12-U11 2005-12-04-04.46.18.276872 R60-M0-N2-C:J12-U11 RAS KERNEL INFO CE sym 33, at 0x1ff2fc60, mask 0x04",-,few_shot,0,1,": 0
Log",0,152.2985639999206
808,TYPE=RAS COMPONENT=KERNEL LEVEL=INFO CONTENT=generating core.3851,0,- 1121006570 2005.07.10 R26-M1-N9-C:J02-U01 2005-07-10-07.42.50.396450 R26-M1-N9-C:J02-U01 RAS KERNEL INFO generating core.3851,-,few_shot,0,1,"generating core.3851
Label: 0
Log",0,133.55752049983494
1310,TYPE=RAS COMPONENT=KERNEL LEVEL=INFO CONTENT=iar 003a9260 dear 00ef83b8,0,- 1125084274 2005.08.26 R77-M0-N2-C:J06-U01 2005-08-26-12.24.34.310422 R77-M0-N2-C:J06-U01 RAS KERNEL INFO iar 003a9260 dear 00ef83b8,-,few_shot,0,1," 0
Log",0,133.55752049983494
1004,TYPE=RAS COMPONENT=KERNEL LEVEL=INFO CONTENT=generating core.47690,0,- 1121598731 2005.07.17 R17-M1-N9-C:J09-U01 2005-07-17-04.12.11.971953 R17-M1-N9-C:J09-U01 RAS KERNEL INFO generating core.47690,-,few_shot,0,1," core.47690
Label: 0
Log",0,133.55752049983494
305,TYPE=RAS COMPONENT=KERNEL LEVEL=FATAL CONTENT=core configuration register: 0x00002000,0,- 1118773808 2005.06.14 R20-M1-NA-C:J03-U01 2005-06-14-11.30.08.524358 R20-M1-NA-C:J03-U01 RAS KERNEL FATAL core configuration register: 0x00002000,-,few_shot,0,1,"0
Label: 0
Log",0,133.55752049983494
1100,"TYPE=RAS COMPONENT=KERNEL LEVEL=INFO CONTENT=1 ddr errors(s) detected and corrected on rank 0, symbol 20, bit 3",0,"- 1122160892 2005.07.23 R01-M1-NB-C:J03-U11 2005-07-23-16.21.32.749114 R01-M1-NB-C:J03-U11 RAS KERNEL INFO 1 ddr errors(s) detected and corrected on rank 0, symbol 20, bit 3",-,few_shot,1,0,"=1 ddr errors(s) detected and corrected on rank 0, symbol 20, bit 3
Label: 0
Log",0,154.5201302501482
479,TYPE=RAS COMPONENT=KERNEL LEVEL=INFO CONTENT=generating core.1605,0,- 1120145763 2005.06.30 R06-M0-NE-C:J11-U01 2005-06-30-08.36.03.800737 R06-M0-NE-C:J11-U01 RAS KERNEL INFO generating core.1605,-,few_shot,1,0,"ATAL CONTENT=ciod: error reading message header
Label: 1

Log entry: TYPE=RAS COMPONENT=KERNEL LEVEL=INFO CONTENT=generating core.1605
Label: 0
Log",0,154.5201302501482
1423,"TYPE=RAS COMPONENT=MMCS LEVEL=ERROR CONTENT=idoproxydb hit ASSERT condition: ASSERT expression=0 Source file=idotransportmgr.cpp Source line=1043 Function=int IdoTransportMgr::SendPacket(IdoUdpMgr*, BglCtlPavTrace*)",0,"- 1127243352 2005.09.20 NULL 2005-09-20-12.09.12.363370 NULL RAS MMCS ERROR idoproxydb hit ASSERT condition: ASSERT expression=0 Source file=idotransportmgr.cpp Source line=1043 Function=int IdoTransportMgr::SendPacket(IdoUdpMgr*, BglCtlPavTrace*)",-,few_shot,1,0," 1
Log",0,154.5201302501482
1075,TYPE=RAS COMPONENT=KERNEL LEVEL=INFO CONTENT=generating core.9136,0,- 1122132870 2005.07.23 R16-M1-N5-C:J15-U01 2005-07-23-08.34.30.223226 R16-M1-N5-C:J15-U01 RAS KERNEL INFO generating core.9136,-,few_shot,1,0,"ATAL CONTENT=ciod: error reading message header
Label: 1

Log entry: TYPE=RAS COMPONENT=KERNEL LEVEL=INFO CONTENT=generating core.9136
Label: 0
Log",0,154.5201302501482
570,TYPE=RAS COMPONENT=KERNEL LEVEL=INFO CONTENT=generating core.10185,0,- 1120447387 2005.07.03 R23-M0-N5-C:J10-U01 2005-07-03-20.23.07.488351 R23-M0-N5-C:J10-U01 RAS KERNEL INFO generating core.10185,-,few_shot,0,1," entry: TYPE=RAS COMPONENT=KERNEL LEVEL=INFO CONTENT=generating core.10185
Label: 0
Log",0,152.21885075015962
618,TYPE=RAS COMPONENT=KERNEL LEVEL=INFO CONTENT=generating core.62507,0,- 1120788544 2005.07.07 R10-M0-NB-C:J02-U11 2005-07-07-19.09.04.167736 R10-M0-NB-C:J02-U11 RAS KERNEL INFO generating core.62507,-,few_shot,0,1," entry: TYPE=RAS COMPONENT=KERNEL LEVEL=INFO CONTENT=generating core.62507
Label: 0
Log",0,152.21885075015962
1897,TYPE=RAS COMPONENT=KERNEL LEVEL=INFO CONTENT=0 microseconds spent in the rbs signal handler during 0 calls. 0 microseconds was the maximum time for a single instance of a correctable ddr.,0,- 1133455130 2005.12.01 R74-M1-NB-C:J09-U01 2005-12-01-08.38.50.542867 R74-M1-NB-C:J09-U01 RAS KERNEL INFO 0 microseconds spent in the rbs signal handler during 0 calls. 0 microseconds was the maximum time for a single instance of a correctable ddr.,-,few_shot,0,1,".
Label: 0
Log",0,152.21885075015962
1265,TYPE=RAS COMPONENT=KERNEL LEVEL=INFO CONTENT=ciod: generated 64 core files for program /bgl/apps/swl-prep/ibm-swl/functional/sppm_chkpt/run/sppm,0,- 1124394255 2005.08.18 R02-M0-N4-I:J18-U11 2005-08-18-12.44.15.155220 R02-M0-N4-I:J18-U11 RAS KERNEL INFO ciod: generated 64 core files for program /bgl/apps/swl-prep/ibm-swl/functional/sppm_chkpt/run/sppm,-,few_shot,0,1," 0
Log",0,152.21885075015962
78,TYPE=RAS COMPONENT=KERNEL LEVEL=INFO CONTENT=generating core.8153,0,- 1118172099 2005.06.07 R32-M1-N9-C:J11-U11 2005-06-07-12.21.39.208896 R32-M1-N9-C:J11-U11 RAS KERNEL INFO generating core.8153,-,few_shot,0,1,": TYPE=RAS COMPONENT=KERNEL LEVEL=INFO CONTENT=generating core.8153
Label: 0
Log",0,152.01199974990232
1911,TYPE=RAS COMPONENT=KERNEL LEVEL=INFO CONTENT=0 microseconds spent in the rbs signal handler during 0 calls. 0 microseconds was the maximum time for a single instance of a correctable ddr.,0,- 1133455483 2005.12.01 R43-M0-N2-C:J09-U01 2005-12-01-08.44.43.581956 R43-M0-N2-C:J09-U01 RAS KERNEL INFO 0 microseconds spent in the rbs signal handler during 0 calls. 0 microseconds was the maximum time for a single instance of a correctable ddr.,-,few_shot,0,1," 0
Log",0,152.01199974990232
32,TYPE=RAS COMPONENT=KERNEL LEVEL=INFO CONTENT=generating core.6471,0,- 1117985401 2005.06.05 R34-M1-NE-C:J02-U01 2005-06-05-08.30.01.873693 R34-M1-NE-C:J02-U01 RAS KERNEL INFO generating core.6471,-,few_shot,0,1,": TYPE=RAS COMPONENT=KERNEL LEVEL=INFO CONTENT=generating core.6471
Label: 0
Log",0,152.01199974990232
1537,TYPE=RAS COMPONENT=KERNEL LEVEL=INFO CONTENT=iar 00106210 dear 0244c20c,0,- 1131057950 2005.11.03 R64-M0-N6-C:J17-U11 2005-11-03-14.45.50.094903 R64-M0-N6-C:J17-U11 RAS KERNEL INFO iar 00106210 dear 0244c20c,-,few_shot,0,1,"0244c20c
Label: 0
Log",0,152.01199974990232
1033,TYPE=RAS COMPONENT=KERNEL LEVEL=INFO CONTENT=8 floating point alignment exceptions,0,- 1121900596 2005.07.20 R24-M0-NB-C:J06-U11 2005-07-20-16.03.16.028154 R24-M0-NB-C:J06-U11 RAS KERNEL INFO 8 floating point alignment exceptions,-,few_shot,0,1,": TYPE=RAS COMPONENT=KERNEL LEVEL=INFO CONTENT=8 floating point alignment exceptions
Label: 0
Log",0,151.69746424999175
1562,TYPE=RAS COMPONENT=KERNEL LEVEL=INFO CONTENT=iar 001061dc dear 0244c25c,0,- 1131059401 2005.11.03 R66-M0-N0-C:J07-U01 2005-11-03-15.10.01.251362 R66-M0-N0-C:J07-U01 RAS KERNEL INFO iar 001061dc dear 0244c25c,-,few_shot,0,1,"25c
Label: 0
Log",0,151.69746424999175
351,TYPE=RAS COMPONENT=KERNEL LEVEL=INFO CONTENT=generating core.2808,0,- 1119166473 2005.06.19 R05-M1-N3-C:J15-U11 2005-06-19-00.34.33.890486 R05-M1-N3-C:J15-U11 RAS KERNEL INFO generating core.2808,-,few_shot,0,1,"KERNEL LEVEL=INFO CONTENT=generating core.2808
Label: 0
Log",0,151.69746424999175
163,"TYPE=RAS COMPONENT=KERNEL LEVEL=INFO CONTENT=CE sym 10, at 0x08d10580, mask 0x08",0,"- 1118686962 2005.06.13 R26-M0-NB-C:J07-U01 2005-06-13-11.22.42.601119 R26-M0-NB-C:J07-U01 RAS KERNEL INFO CE sym 10, at 0x08d10580, mask 0x08",-,few_shot,0,1," 0
Log",0,151.69746424999175
203,TYPE=RAS COMPONENT=KERNEL LEVEL=FATAL CONTENT=instruction address: 0x00004ed8,0,- 1118766935 2005.06.14 R20-M1-NC-C:J05-U01 2005-06-14-09.35.35.569986 R20-M1-NC-C:J05-U01 RAS KERNEL FATAL instruction address: 0x00004ed8,-,few_shot,0,1,"instruction address: 0x00004ed8
Label: 0
Log",0,152.0604107499821
1053,TYPE=RAS COMPONENT=KERNEL LEVEL=INFO CONTENT=8 floating point alignment exceptions,0,- 1121902827 2005.07.20 R25-M1-N8-C:J03-U01 2005-07-20-16.40.27.205362 R25-M1-N8-C:J03-U01 RAS KERNEL INFO 8 floating point alignment exceptions,-,few_shot,1,0,"1

Log entry: TYPE=RAS COMPONENT=KERNEL LEVEL=INFO CONTENT=8 floating point alignment exceptions
Label: 0
Log",0,152.0604107499821
1364,TYPE=RAS COMPONENT=KERNEL LEVEL=INFO CONTENT=iar 00149ee0 dear 0099e5e8,0,- 1125224247 2005.08.28 R45-M0-N1-C:J14-U11 2005-08-28-03.17.27.804260 R45-M0-N1-C:J14-U11 RAS KERNEL INFO iar 00149ee0 dear 0099e5e8,-,few_shot,0,1,"099e5e8
Label: 0
Log",0,152.0604107499821
1966,"TYPE=RAS COMPONENT=APP LEVEL=FATAL CONTENT=ciod: Error loading /bgl/apps/SWL/stability/NEWS05/news05_DD: invalid or missing program image, Permission denied",0,"- 1134160405 2005.12.09 R06-M0-N4-I:J18-U01 2005-12-09-12.33.25.851921 R06-M0-N4-I:J18-U01 RAS APP FATAL ciod: Error loading /bgl/apps/SWL/stability/NEWS05/news05_DD: invalid or missing program image, Permission denied",-,few_shot,1,0," 1
Log",0,152.0604107499821
495,"TYPE=RAS COMPONENT=KERNEL LEVEL=INFO CONTENT=CE sym 0, at 0x1b858ca0, mask 0x40",0,"- 1120155328 2005.06.30 R16-M1-N2-C:J17-U01 2005-06-30-11.15.28.804669 R16-M1-N2-C:J17-U01 RAS KERNEL INFO CE sym 0, at 0x1b858ca0, mask 0x40",-,few_shot,0,1,"8ca0, mask 0x40
Label: 0
Log",0,152.4236169998403
1624,TYPE=RAS COMPONENT=KERNEL LEVEL=INFO CONTENT=iar 00106b8c dear 0245ce8c,0,- 1131125989 2005.11.04 R62-M0-N8-C:J13-U11 2005-11-04-09.39.49.409481 R62-M0-N8-C:J13-U11 RAS KERNEL INFO iar 00106b8c dear 0245ce8c,-,few_shot,0,1,"06b8c dear 0245ce8c
Label: 0
Log",0,152.4236169998403
1965,"TYPE=RAS COMPONENT=APP LEVEL=FATAL CONTENT=ciod: Error loading /p/gb1/stella/UMT2K/1372/umt2k_DD: invalid or missing program image, Permission denied",0,"- 1134159559 2005.12.09 R03-M0-N0-I:J18-U11 2005-12-09-12.19.19.226546 R03-M0-N0-I:J18-U11 RAS APP FATAL ciod: Error loading /p/gb1/stella/UMT2K/1372/umt2k_DD: invalid or missing program image, Permission denied",-,few_shot,1,0," 1
Log",0,152.4236169998403
1962,TYPE=RAS COMPONENT=KERNEL LEVEL=INFO CONTENT=total of 5 ddr error(s) detected and corrected over 9108 seconds,0,- 1134130421 2005.12.09 R34-M1-NB-C:J17-U11 2005-12-09-04.13.41.810977 R34-M1-NB-C:J17-U11 RAS KERNEL INFO total of 5 ddr error(s) detected and corrected over 9108 seconds,-,few_shot,0,1,"dr error(s) detected and corrected over 9108 seconds
Label: 0
Log",0,152.4236169998403
610,TYPE=RAS COMPONENT=KERNEL LEVEL=INFO CONTENT=632254896 double-hummer alignment exceptions,0,- 1120776186 2005.07.07 R24-M0-NE-C:J03-U11 2005-07-07-15.43.06.075797 R24-M0-NE-C:J03-U11 RAS KERNEL INFO 632254896 double-hummer alignment exceptions,-,few_shot,0,1,"2254896 double-hummer alignment exceptions
Label: 0
Log",0,152.15855675023704
432,TYPE=RAS COMPONENT=KERNEL LEVEL=INFO CONTENT=program interrupt,0,- 1119802781 2005.06.26 R07-M1-N0-C:J15-U11 2005-06-26-09.19.41.368208 R07-M1-N0-C:J15-U11 RAS KERNEL INFO program interrupt,-,few_shot,1,0," message header
Label: 1

Log entry: TYPE=RAS COMPONENT=KERNEL LEVEL=INFO CONTENT=program interrupt
Label: 0
Log",0,152.15855675023704
1491,"TYPE=RAS COMPONENT=APP LEVEL=FATAL CONTENT=ciod: Error loading /bgl/apps/followup/SPASM/spasm.254: invalid or missing program image, Permission denied",0,"- 1129204989 2005.10.13 R44-M0-N4-I:J18-U01 2005-10-13-05.03.09.377689 R44-M0-N4-I:J18-U01 RAS APP FATAL ciod: Error loading /bgl/apps/followup/SPASM/spasm.254: invalid or missing program image, Permission denied",-,few_shot,1,0," 1
Log",0,152.15855675023704
218,TYPE=RAS COMPONENT=KERNEL LEVEL=FATAL CONTENT=data address: 0x00000002,0,- 1118768111 2005.06.14 R20-M1-N7-C:J16-U01 2005-06-14-09.55.11.455484 R20-M1-N7-C:J16-U01 RAS KERNEL FATAL data address: 0x00000002,-,few_shot,0,1," address: 0x00000002
Label: 0
Log",0,152.15855675023704
1930,"TYPE=RAS COMPONENT=KERNEL LEVEL=INFO CONTENT=CE sym 9, at 0x0021d9c0, mask 0x20",0,"- 1133475318 2005.12.01 R20-M1-NB-C:J09-U01 2005-12-01-14.15.18.446368 R20-M1-NB-C:J09-U01 RAS KERNEL INFO CE sym 9, at 0x0021d9c0, mask 0x20",-,few_shot,0,1,"0
Label: 0
Log",0,152.0873939998637
1465,TYPE=RAS COMPONENT=KERNEL LEVEL=INFO CONTENT=ciod: generated 128 core files for program /bgl/apps/SWL/stability/DDCMD//ddcMDbglV,0,- 1127781971 2005.09.26 R34-M0-N8-I:J18-U11 2005-09-26-17.46.11.092617 R34-M0-N8-I:J18-U11 RAS KERNEL INFO ciod: generated 128 core files for program /bgl/apps/SWL/stability/DDCMD//ddcMDbglV,-,few_shot,0,1," 0
Log",0,152.0873939998637
630,TYPE=RAS COMPONENT=KERNEL LEVEL=INFO CONTENT=generating core.7946,0,- 1120928196 2005.07.09 R27-M1-N9-C:J06-U01 2005-07-09-09.56.36.409760 R27-M1-N9-C:J06-U01 RAS KERNEL INFO generating core.7946,-,few_shot,0,1,"AS COMPONENT=KERNEL LEVEL=INFO CONTENT=generating core.7946
Label: 0
Log",0,152.0873939998637
1381,TYPE=RAS COMPONENT=KERNEL LEVEL=FATAL CONTENT=Lustre mount FAILED : bglio136 : point /p/gb1,1,KERNMNTF 1125692642 2005.09.02 R10-M1-N4-I:J18-U01 2005-09-02-13.24.02.308650 R10-M1-N4-I:J18-U01 RAS KERNEL FATAL Lustre mount FAILED : bglio136 : point /p/gb1,KERNMNTF,few_shot,1,1,"6 : point /p/gb1
Label: 1
Log",0,152.0873939998637
1301,TYPE=RAS COMPONENT=KERNEL LEVEL=INFO CONTENT=iar 003a9260 dear 012924f8,0,- 1125084029 2005.08.26 R67-M1-NB-C:J11-U11 2005-08-26-12.20.29.691318 R67-M1-NB-C:J11-U11 RAS KERNEL INFO iar 003a9260 dear 012924f8,-,few_shot,0,1," 0
Log",0,133.64994550011033
59,TYPE=RAS COMPONENT=KERNEL LEVEL=INFO CONTENT=instruction cache parity error corrected,0,- 1118079403 2005.06.06 R02-M1-N0-C:J12-U11 2005-06-06-10.36.43.705821 R02-M1-N0-C:J12-U11 RAS KERNEL INFO instruction cache parity error corrected,-,few_shot,0,1,"=KERNEL LEVEL=INFO CONTENT=instruction cache parity error corrected
Label: 0
Log",0,133.64994550011033
298,TYPE=RAS COMPONENT=KERNEL LEVEL=FATAL CONTENT=debug wait enable.................0,0,- 1118773252 2005.06.14 R20-M1-N0-C:J10-U01 2005-06-14-11.20.52.106874 R20-M1-N0-C:J10-U01 RAS KERNEL FATAL debug wait enable.................0,-,few_shot,0,1," LEVEL=FATAL CONTENT=debug wait enable.................0
Label: 0
Log",0,133.64994550011033
1710,TYPE=RAS COMPONENT=KERNEL LEVEL=INFO CONTENT=iar 001061e8 dear 0247012c,0,- 1131477528 2005.11.08 R62-M0-N8-C:J06-U11 2005-11-08-11.18.48.319519 R62-M0-N8-C:J06-U11 RAS KERNEL INFO iar 001061e8 dear 0247012c,-,few_shot,0,1," 0
Log",0,133.64994550011033
73,TYPE=RAS COMPONENT=KERNEL LEVEL=INFO CONTENT=generating core.3804,0,- 1118149570 2005.06.07 R24-M0-NA-C:J15-U11 2005-06-07-06.06.10.391269 R24-M0-NA-C:J15-U11 RAS KERNEL INFO generating core.3804,-,few_shot,0,1,"KERNEL LEVEL=INFO CONTENT=generating core.3804
Label: 0
Log",0,153.28302274974703
162,TYPE=RAS COMPONENT=KERNEL LEVEL=FATAL CONTENT=data TLB error interrupt,1,KERNDTLB 1118557583 2005.06.11 R30-M0-N9-C:J16-U01 2005-06-11-23.26.23.330548 R30-M0-N9-C:J16-U01 RAS KERNEL FATAL data TLB error interrupt,KERNDTLB,few_shot,1,1,"Log entry: TYPE=RAS COMPONENT=KERNEL LEVEL=FATAL CONTENT=data TLB error interrupt
Label: 1
Log",0,153.28302274974703
1274,TYPE=RAS COMPONENT=KERNEL LEVEL=INFO CONTENT=ciod: generated 128 core files for program /home/germann2/BGL-demo/SPaSM_mpi,0,- 1124738119 2005.08.22 R16-M0-N4-I:J18-U11 2005-08-22-12.15.19.318427 R16-M0-N4-I:J18-U11 RAS KERNEL INFO ciod: generated 128 core files for program /home/germann2/BGL-demo/SPaSM_mpi,-,few_shot,0,1," 0
Log",0,153.28302274974703
1593,TYPE=RAS COMPONENT=KERNEL LEVEL=INFO CONTENT=iar 00106580 dear 045e141c,0,- 1131061592 2005.11.03 R65-M1-N4-C:J10-U01 2005-11-03-15.46.32.715061 R65-M1-N4-C:J10-U01 RAS KERNEL INFO iar 00106580 dear 045e141c,-,few_shot,0,1,"1c
Label: 0
Log",0,153.28302274974703
1433,"TYPE=RAS COMPONENT=MMCS LEVEL=ERROR CONTENT=idoproxydb hit ASSERT condition: ASSERT expression=0 Source file=idotransportmgr.cpp Source line=1043 Function=int IdoTransportMgr::SendPacket(IdoUdpMgr*, BglCtlPavTrace*)",0,"- 1127243514 2005.09.20 NULL 2005-09-20-12.11.54.288690 NULL RAS MMCS ERROR idoproxydb hit ASSERT condition: ASSERT expression=0 Source file=idotransportmgr.cpp Source line=1043 Function=int IdoTransportMgr::SendPacket(IdoUdpMgr*, BglCtlPavTrace*)",-,few_shot,1,0," 1
Log",0,154.6727112499866
1612,TYPE=RAS COMPONENT=KERNEL LEVEL=INFO CONTENT=2354412 floating point alignment exceptions,0,- 1131065341 2005.11.03 R25-M1-N5-C:J16-U01 2005-11-03-16.49.01.163874 R25-M1-N5-C:J16-U01 RAS KERNEL INFO 2354412 floating point alignment exceptions,-,few_shot,1,0," reading message header
Label: 1

Log entry: TYPE=RAS COMPONENT=KERNEL LEVEL=INFO CONTENT=2354412 floating point alignment exceptions
Label: 0
Log",0,154.6727112499866
591,TYPE=RAS COMPONENT=KERNEL LEVEL=INFO CONTENT=generating core.226,0,- 1120487464 2005.07.04 R34-M0-N7-C:J09-U01 2005-07-04-07.31.04.927617 R34-M0-N7-C:J09-U01 RAS KERNEL INFO generating core.226,-,few_shot,1,0," LEVEL=FATAL CONTENT=ciod: error reading message header
Label: 1

Log entry: TYPE=RAS COMPONENT=KERNEL LEVEL=INFO CONTENT=generating core.226
Label: 0
Log",0,154.6727112499866
316,TYPE=RAS COMPONENT=KERNEL LEVEL=INFO CONTENT=instruction cache parity error corrected,0,- 1118809915 2005.06.14 R02-M1-N0-C:J12-U11 2005-06-14-21.31.55.295748 R02-M1-N0-C:J12-U11 RAS KERNEL INFO instruction cache parity error corrected,-,few_shot,1,0,"AS COMPONENT=APP LEVEL=FATAL CONTENT=ciod: error reading message header
Label: 1

Log entry: TYPE=RAS COMPONENT=KERNEL LEVEL=INFO CONTENT=instruction cache parity error corrected
Label: 0
Log",0,154.6727112499866
45,TYPE=RAS COMPONENT=KERNEL LEVEL=INFO CONTENT=generating core.786,0,- 1117989577 2005.06.05 R30-M0-ND-C:J07-U01 2005-06-05-09.39.37.590924 R30-M0-ND-C:J07-U01 RAS KERNEL INFO generating core.786,-,few_shot,1,0," 1

Log entry: TYPE=RAS COMPONENT=KERNEL LEVEL=INFO CONTENT=generating core.786
Label: 0
Log",0,153.52180174977548
1719,TYPE=RAS COMPONENT=KERNEL LEVEL=FATAL CONTENT=program interrupt: privileged instruction...0,0,- 1131525612 2005.11.09 R62-M0-N4-C:J13-U01 2005-11-09-00.40.12.350846 R62-M0-N4-C:J13-U01 RAS KERNEL FATAL program interrupt: privileged instruction...0,-,few_shot,1,0," 1

Log entry: TYPE=RAS COMPONENT=KERNEL LEVEL=FATAL CONTENT=program interrupt: privileged instruction...0
Label: 1
Log",0,153.52180174977548
1831,"TYPE=RAS COMPONENT=KERNEL LEVEL=INFO CONTENT=10676 total interrupts. 0 critical input interrupts. 0 microseconds total spent on critical input interrupts, 0 microseconds max time in a critical input interrupt.",0,"- 1133448168 2005.12.01 R32-M1-NC-C:J16-U11 2005-12-01-06.42.48.626892 R32-M1-NC-C:J16-U11 RAS KERNEL INFO 10676 total interrupts. 0 critical input interrupts. 0 microseconds total spent on critical input interrupts, 0 microseconds max time in a critical input interrupt.",-,few_shot,0,1," 0
Log",0,153.52180174977548
427,TYPE=RAS COMPONENT=KERNEL LEVEL=INFO CONTENT=generating core.323,0,- 1119726634 2005.06.25 R06-M0-N7-C:J04-U01 2005-06-25-12.10.34.183984 R06-M0-N7-C:J04-U01 RAS KERNEL INFO generating core.323,-,few_shot,1,0," 1

Log entry: TYPE=RAS COMPONENT=KERNEL LEVEL=INFO CONTENT=generating core.323
Label: 0
Log",0,153.52180174977548
581,TYPE=RAS COMPONENT=KERNEL LEVEL=INFO CONTENT=generating core.23080,0,- 1120469605 2005.07.04 R21-M1-NB-C:J15-U01 2005-07-04-02.33.25.435620 R21-M1-NB-C:J15-U01 RAS KERNEL INFO generating core.23080,-,few_shot,1,0,"=ciod: error reading message header
Label: 1

Log entry: TYPE=RAS COMPONENT=KERNEL LEVEL=INFO CONTENT=generating core.23080
Label: 0
Log",0,154.47179224975116
76,TYPE=RAS COMPONENT=KERNEL LEVEL=INFO CONTENT=generating core.2409,0,- 1118172013 2005.06.07 R35-M0-N7-C:J10-U11 2005-06-07-12.20.13.966416 R35-M0-N7-C:J10-U11 RAS KERNEL INFO generating core.2409,-,few_shot,1,0,"ATAL CONTENT=ciod: error reading message header
Label: 1

Log entry: TYPE=RAS COMPONENT=KERNEL LEVEL=INFO CONTENT=generating core.2409
Label: 0
Log",0,154.47179224975116
1916,"TYPE=RAS COMPONENT=KERNEL LEVEL=INFO CONTENT=10636 total interrupts. 0 critical input interrupts. 0 microseconds total spent on critical input interrupts, 0 microseconds max time in a critical input interrupt.",0,"- 1133455517 2005.12.01 R43-M1-ND-C:J08-U01 2005-12-01-08.45.17.404927 R43-M1-ND-C:J08-U01 RAS KERNEL INFO 10636 total interrupts. 0 critical input interrupts. 0 microseconds total spent on critical input interrupts, 0 microseconds max time in a critical input interrupt.",-,few_shot,0,1,", 0 microseconds max time in a critical input interrupt.
Label: 0
Log",0,154.47179224975116
1414,"TYPE=RAS COMPONENT=MMCS LEVEL=ERROR CONTENT=idoproxydb hit ASSERT condition: ASSERT expression=0 Source file=idotransportmgr.cpp Source line=1043 Function=int IdoTransportMgr::SendPacket(IdoUdpMgr*, BglCtlPavTrace*)",0,"- 1127243163 2005.09.20 NULL 2005-09-20-12.06.03.683009 NULL RAS MMCS ERROR idoproxydb hit ASSERT condition: ASSERT expression=0 Source file=idotransportmgr.cpp Source line=1043 Function=int IdoTransportMgr::SendPacket(IdoUdpMgr*, BglCtlPavTrace*)",-,few_shot,1,0," 1
Log",0,154.47179224975116
780,TYPE=RAS COMPONENT=KERNEL LEVEL=INFO CONTENT=generating core.28238,0,- 1120969258 2005.07.09 R21-M0-N0-C:J06-U01 2005-07-09-21.20.58.981208 R21-M0-N0-C:J06-U01 RAS KERNEL INFO generating core.28238,-,few_shot,0,1," entry: TYPE=RAS COMPONENT=KERNEL LEVEL=INFO CONTENT=generating core.28238
Label: 0
Log",0,152.12474449981528
1919,"TYPE=RAS COMPONENT=KERNEL LEVEL=INFO CONTENT=10722 total interrupts. 0 critical input interrupts. 0 microseconds total spent on critical input interrupts, 0 microseconds max time in a critical input interrupt.",0,"- 1133455641 2005.12.01 R27-M1-N6-C:J11-U11 2005-12-01-08.47.21.734190 R27-M1-N6-C:J11-U11 RAS KERNEL INFO 10722 total interrupts. 0 critical input interrupts. 0 microseconds total spent on critical input interrupts, 0 microseconds max time in a critical input interrupt.",-,few_shot,0,1," 0
Log",0,152.12474449981528
1173,TYPE=RAS COMPONENT=KERNEL LEVEL=INFO CONTENT=generating core.46655,0,- 1122430589 2005.07.26 R27-M1-NA-C:J02-U11 2005-07-26-19.16.29.748932 R27-M1-NA-C:J02-U11 RAS KERNEL INFO generating core.46655,-,few_shot,0,1," entry: TYPE=RAS COMPONENT=KERNEL LEVEL=INFO CONTENT=generating core.46655
Label: 0
Log",0,152.12474449981528
1319,TYPE=RAS COMPONENT=KERNEL LEVEL=INFO CONTENT=iar 003a9260 dear 01299e48,0,- 1125084446 2005.08.26 R67-M0-N8-C:J06-U11 2005-08-26-12.27.26.648114 R67-M0-N8-C:J06-U11 RAS KERNEL INFO iar 003a9260 dear 01299e48,-,few_shot,0,1,"0 dear 01299e48
Label: 0
Log",0,152.12474449981528
937,TYPE=RAS COMPONENT=KERNEL LEVEL=INFO CONTENT=generating core.13043,0,- 1121313953 2005.07.13 R34-M1-N7-C:J03-U11 2005-07-13-21.05.53.702684 R34-M1-N7-C:J03-U11 RAS KERNEL INFO generating core.13043,-,few_shot,0,1," 0
Log",0,134.7947244998977
30,TYPE=RAS COMPONENT=KERNEL LEVEL=INFO CONTENT=generating core.6884,0,- 1117984216 2005.06.05 R32-M1-N4-C:J16-U01 2005-06-05-08.10.16.270131 R32-M1-N4-C:J16-U01 RAS KERNEL INFO generating core.6884,-,few_shot,0,1,": 0
Log",0,134.7947244998977
1091,TYPE=RAS COMPONENT=KERNEL LEVEL=INFO CONTENT=generating core.28529,0,- 1122143917 2005.07.23 R37-M1-N1-C:J11-U11 2005-07-23-11.38.37.267951 R37-M1-N1-C:J11-U11 RAS KERNEL INFO generating core.28529,-,few_shot,0,1," 0
Log",0,134.7947244998977
1615,TYPE=RAS COMPONENT=KERNEL LEVEL=INFO CONTENT=62500 floating point alignment exceptions,0,- 1131067982 2005.11.03 R35-M1-NF-C:J13-U01 2005-11-03-17.33.02.056235 R35-M1-NF-C:J13-U01 RAS KERNEL INFO 62500 floating point alignment exceptions,-,few_shot,0,1," 0
Log",0,134.7947244998977
1229,TYPE=NULL COMPONENT=DISCOVERY LEVEL=WARNING CONTENT=Node card is not fully functional,0,- 1123609997 2005.08.09 R74-M0-N1 2005-08-09-10.53.17.485009 R74-M0-N1 NULL DISCOVERY WARNING Node card is not fully functional,-,few_shot,0,1,"
Label: 0
Log",0,133.3023047500319
974,TYPE=RAS COMPONENT=KERNEL LEVEL=INFO CONTENT=generating core.29903,0,- 1121495968 2005.07.15 R10-M0-N2-C:J03-U01 2005-07-15-23.39.28.079463 R10-M0-N2-C:J03-U01 RAS KERNEL INFO generating core.29903,-,few_shot,0,1," 0
Log",0,133.3023047500319
1084,TYPE=RAS COMPONENT=KERNEL LEVEL=INFO CONTENT=generating core.9315,0,- 1122143012 2005.07.23 R14-M1-N3-C:J04-U01 2005-07-23-11.23.32.715770 R14-M1-N3-C:J04-U01 RAS KERNEL INFO generating core.9315,-,few_shot,0,1,": 0
Log",0,133.3023047500319
514,TYPE=RAS COMPONENT=KERNEL LEVEL=INFO CONTENT=generating core.12122,0,- 1120217049 2005.07.01 R15-M1-N9-C:J07-U11 2005-07-01-04.24.09.678810 R15-M1-N9-C:J07-U11 RAS KERNEL INFO generating core.12122,-,few_shot,0,1," 0
Log",0,133.3023047500319
1550,TYPE=RAS COMPONENT=KERNEL LEVEL=INFO CONTENT=iar 001061dc dear 0244c22c,0,- 1131058388 2005.11.03 R66-M0-N5-C:J04-U11 2005-11-03-14.53.08.510509 R66-M0-N5-C:J04-U11 RAS KERNEL INFO iar 001061dc dear 0244c22c,-,few_shot,0,1,"1dc dear 0244c22c
Label: 0
Log",0,152.51082149961803
1567,TYPE=RAS COMPONENT=KERNEL LEVEL=INFO CONTENT=iar 00106210 dear 0244c23c,0,- 1131059636 2005.11.03 R66-M1-ND-C:J14-U11 2005-11-03-15.13.56.350902 R66-M1-ND-C:J14-U11 RAS KERNEL INFO iar 00106210 dear 0244c23c,-,few_shot,0,1,"0 dear 0244c23c
Label: 0
Log",0,152.51082149961803
1810,"TYPE=RAS COMPONENT=KERNEL LEVEL=INFO CONTENT=10740 total interrupts. 0 critical input interrupts. 0 microseconds total spent on critical input interrupts, 0 microseconds max time in a critical input interrupt.",0,"- 1133447738 2005.12.01 R10-M0-N7-C:J08-U11 2005-12-01-06.35.38.328553 R10-M0-N7-C:J08-U11 RAS KERNEL INFO 10740 total interrupts. 0 critical input interrupts. 0 microseconds total spent on critical input interrupts, 0 microseconds max time in a critical input interrupt.",-,few_shot,0,1," 0
Log",0,152.51082149961803
1573,TYPE=RAS COMPONENT=KERNEL LEVEL=INFO CONTENT=iar 00106228 dear 0244c27c,0,- 1131059774 2005.11.03 R67-M0-N1-C:J03-U11 2005-11-03-15.16.14.637454 R67-M0-N1-C:J03-U11 RAS KERNEL INFO iar 00106228 dear 0244c27c,-,few_shot,0,1,"8 dear 0244c27c
Label: 0
Log",0,152.51082149961803
44,TYPE=RAS COMPONENT=KERNEL LEVEL=INFO CONTENT=generating core.2286,0,- 1117989530 2005.06.05 R33-M0-N6-C:J08-U11 2005-06-05-09.38.50.430385 R33-M0-N6-C:J08-U11 RAS KERNEL INFO generating core.2286,-,few_shot,0,1,"generating core.2286
Label: 0
Log",0,133.4764722496402
1686,TYPE=RAS COMPONENT=KERNEL LEVEL=INFO CONTENT=iar 00106348 dear 024696bc,0,- 1131148486 2005.11.04 R63-M0-N2-C:J03-U11 2005-11-04-15.54.46.919787 R63-M0-N2-C:J03-U11 RAS KERNEL INFO iar 00106348 dear 024696bc,-,few_shot,0,1," 0
Log",0,133.4764722496402
168,TYPE=RAS COMPONENT=KERNEL LEVEL=FATAL CONTENT=data storage interrupt,1,KERNSTOR 1118709578 2005.06.13 R13-M1-N2-C:J17-U01 2005-06-13-17.39.38.100643 R13-M1-N2-C:J17-U01 RAS KERNEL FATAL data storage interrupt,KERNSTOR,few_shot,1,1,": TYPE=RAS COMPONENT=KERNEL LEVEL=FATAL CONTENT=data storage interrupt
Label: 1
Log",0,133.4764722496402
303,TYPE=RAS COMPONENT=KERNEL LEVEL=FATAL CONTENT=data address space................0,0,- 1118773772 2005.06.14 R24-M1-N0-C:J04-U11 2005-06-14-11.29.32.480633 R24-M1-N0-C:J04-U11 RAS KERNEL FATAL data address space................0,-,few_shot,0,1," COMPONENT=KERNEL LEVEL=FATAL CONTENT=data address space................0
Label: 0
Log",0,133.4764722496402
990,TYPE=RAS COMPONENT=KERNEL LEVEL=INFO CONTENT=generating core.20241,0,- 1121597962 2005.07.17 R33-M1-ND-C:J10-U01 2005-07-17-03.59.22.582679 R33-M1-ND-C:J10-U01 RAS KERNEL INFO generating core.20241,-,few_shot,0,1,"=RAS COMPONENT=KERNEL LEVEL=INFO CONTENT=generating core.20241
Label: 0
Log",0,151.94954250000592
555,TYPE=RAS COMPONENT=KERNEL LEVEL=INFO CONTENT=1146800 double-hummer alignment exceptions,0,- 1120266925 2005.07.01 R25-M1-N2-C:J10-U01 2005-07-01-18.15.25.287847 R25-M1-N2-C:J10-U01 RAS KERNEL INFO 1146800 double-hummer alignment exceptions,-,few_shot,0,1,"=INFO CONTENT=1146800 double-hummer alignment exceptions
Label: 0
Log",0,151.94954250000592
1924,TYPE=RAS COMPONENT=KERNEL LEVEL=INFO CONTENT=0 microseconds spent in the rbs signal handler during 0 calls. 0 microseconds was the maximum time for a single instance of a correctable ddr.,0,- 1133455649 2005.12.01 R23-M1-N5-C:J07-U11 2005-12-01-08.47.29.441454 R23-M1-N5-C:J07-U11 RAS KERNEL INFO 0 microseconds spent in the rbs signal handler during 0 calls. 0 microseconds was the maximum time for a single instance of a correctable ddr.,-,few_shot,0,1," 0
Log",0,151.94954250000592
607,TYPE=RAS COMPONENT=KERNEL LEVEL=INFO CONTENT=generating core.1998,0,- 1120772805 2005.07.07 R05-M0-N8-C:J06-U11 2005-07-07-14.46.45.171689 R05-M0-N8-C:J06-U11 RAS KERNEL INFO generating core.1998,-,few_shot,0,1,": TYPE=RAS COMPONENT=KERNEL LEVEL=INFO CONTENT=generating core.1998
Label: 0
Log",0,151.94954250000592
1618,TYPE=RAS COMPONENT=KERNEL LEVEL=INFO CONTENT=iar 00106588 dear 0245a17c,0,- 1131123637 2005.11.04 R62-M0-NB-C:J09-U11 2005-11-04-09.00.37.126852 R62-M0-NB-C:J09-U11 RAS KERNEL INFO iar 00106588 dear 0245a17c,-,few_shot,0,1," 0
Log",0,135.38923650003198
757,TYPE=RAS COMPONENT=KERNEL LEVEL=INFO CONTENT=generating core.20970,0,- 1120968107 2005.07.09 R23-M1-N7-C:J09-U01 2005-07-09-21.01.47.593602 R23-M1-N7-C:J09-U01 RAS KERNEL INFO generating core.20970,-,few_shot,0,1,"ating core.20970
Label: 0
Log",0,135.38923650003198
438,TYPE=RAS COMPONENT=KERNEL LEVEL=INFO CONTENT=data store interrupt caused by icbi.........0,0,- 1119803528 2005.06.26 R05-M0-NE-C:J05-U01 2005-06-26-09.32.08.442047 R05-M0-NE-C:J05-U01 RAS KERNEL INFO data store interrupt caused by icbi.........0,-,few_shot,0,1,"=data store interrupt caused by icbi.........0
Label: 0
Log",0,135.38923650003198
582,TYPE=RAS COMPONENT=KERNEL LEVEL=INFO CONTENT=generating core.9739,0,- 1120469660 2005.07.04 R21-M0-ND-C:J02-U01 2005-07-04-02.34.20.029089 R21-M0-ND-C:J02-U01 RAS KERNEL INFO generating core.9739,-,few_shot,0,1,"=generating core.9739
Label: 0
Log",0,135.38923650003198
1518,TYPE=RAS COMPONENT=KERNEL LEVEL=INFO CONTENT=16 tree receiver 2 in re-synch state event(s) (dcr 0x019a) detected,0,- 1130479310 2005.10.27 R55-M0-N9-C:J06-U11 2005-10-27-23.01.50.720520 R55-M0-N9-C:J06-U11 RAS KERNEL INFO 16 tree receiver 2 in re-synch state event(s) (dcr 0x019a) detected,-,few_shot,0,1," 0
Log",0,152.06470149996676
527,TYPE=RAS COMPONENT=KERNEL LEVEL=INFO CONTENT=1146800 double-hummer alignment exceptions,0,- 1120259941 2005.07.01 R25-M1-N2-C:J08-U01 2005-07-01-16.19.01.600033 R25-M1-N2-C:J08-U01 RAS KERNEL INFO 1146800 double-hummer alignment exceptions,-,few_shot,0,1,"146800 double-hummer alignment exceptions
Label: 0
Log",0,152.06470149996676
342,TYPE=RAS COMPONENT=KERNEL LEVEL=INFO CONTENT=generating core.886,0,- 1118916060 2005.06.16 R24-M1-N4-C:J07-U01 2005-06-16-03.01.00.566385 R24-M1-N4-C:J07-U01 RAS KERNEL INFO generating core.886,-,few_shot,0,1,"AS COMPONENT=KERNEL LEVEL=INFO CONTENT=generating core.886
Label: 0
Log",0,152.06470149996676
1736,"TYPE=RAS COMPONENT=KERNEL LEVEL=INFO CONTENT=CE sym 25, at 0x00e19cc0, mask 0x10",0,"- 1131624456 2005.11.10 R61-M0-NB-C:J05-U01 2005-11-10-04.07.36.503737 R61-M0-NB-C:J05-U01 RAS KERNEL INFO CE sym 25, at 0x00e19cc0, mask 0x10",-,few_shot,0,1,"Label: 0
Log",0,152.06470149996676
367,TYPE=RAS COMPONENT=KERNEL LEVEL=INFO CONTENT=generating core.5287,0,- 1119377756 2005.06.21 R21-M1-N6-C:J02-U01 2005-06-21-11.15.56.944563 R21-M1-N6-C:J02-U01 RAS KERNEL INFO generating core.5287,-,few_shot,1,0,"KERNEL LEVEL=FATAL CONTENT=rts: kernel terminated
Label: 1
Log entry: TYPE=RAS COMPONENT=APP LEVEL=FATAL CONTENT=ciod: error reading message header
Label: 1

Log entry: TYPE=RAS COMPONENT=KERNEL LEVEL=INFO CONTENT=generating core.5287
Label: 0
Log",0,161.34011124995595
185,TYPE=RAS COMPONENT=KERNEL LEVEL=FATAL CONTENT=data storage interrupt,1,KERNSTOR 1118765205 2005.06.14 R15-M1-NF-C:J11-U11 2005-06-14-09.06.45.752792 R15-M1-NF-C:J11-U11 RAS KERNEL FATAL data storage interrupt,KERNSTOR,few_shot,0,0,": 0
Log entry: TYPE=RAS COMPONENT=KERNEL LEVEL=FATAL CONTENT=rts: kernel terminated
Label: 1
Log entry: TYPE=RAS COMPONENT=APP LEVEL=FATAL CONTENT=ciod: error reading message header
Label: 1

Log entry: TYPE=RAS COMPONENT=KERNEL LEVEL=FATAL CONTENT=data storage interrupt
Label: 1
Log",0,161.34011124995595
1116,TYPE=RAS COMPONENT=KERNEL LEVEL=INFO CONTENT=5 floating point alignment exceptions,0,- 1122165304 2005.07.23 R16-M0-N0-C:J10-U01 2005-07-23-17.35.04.461170 R16-M0-N0-C:J10-U01 RAS KERNEL INFO 5 floating point alignment exceptions,-,few_shot,1,0,": TYPE=RAS COMPONENT=KERNEL LEVEL=FATAL CONTENT=rts: kernel terminated
Label: 1
Log entry: TYPE=RAS COMPONENT=APP LEVEL=FATAL CONTENT=ciod: error reading message header
Label: 1

Log entry: TYPE=RAS COMPONENT=KERNEL LEVEL=INFO CONTENT=5 floating point alignment exceptions
Label: 0
Log",0,161.34011124995595
1754,"TYPE=NULL COMPONENT=DISCOVERY LEVEL=INFO CONTENT=Node card VPD check: U11 node in processor card slot J04 do not match. VPD ecid 04D58088CB2FFFFF08031C104CE9, found 04CA80D8012FFFFF08061A8094CB",0,"- 1132076597 2005.11.15 R23-M0-N7 2005-11-15-09.43.17.181620 R23-M0-N7 NULL DISCOVERY INFO Node card VPD check: U11 node in processor card slot J04 do not match. VPD ecid 04D58088CB2FFFFF08031C104CE9, found 04CA80D8012FFFFF08061A8094CB",-,few_shot,0,1," 0
Log",0,161.34011124995595
1425,"TYPE=RAS COMPONENT=MMCS LEVEL=ERROR CONTENT=idoproxydb hit ASSERT condition: ASSERT expression=0 Source file=idotransportmgr.cpp Source line=1043 Function=int IdoTransportMgr::SendPacket(IdoUdpMgr*, BglCtlPavTrace*)",0,"- 1127243361 2005.09.20 NULL 2005-09-20-12.09.21.408989 NULL RAS MMCS ERROR idoproxydb hit ASSERT condition: ASSERT expression=0 Source file=idotransportmgr.cpp Source line=1043 Function=int IdoTransportMgr::SendPacket(IdoUdpMgr*, BglCtlPavTrace*)",-,few_shot,1,0," 1
Log",0,155.76120900004753
300,TYPE=RAS COMPONENT=KERNEL LEVEL=FATAL CONTENT=instruction address space.........0,0,- 1118773618 2005.06.14 R25-M1-N7-C:J09-U11 2005-06-14-11.26.58.490506 R25-M1-N7-C:J09-U11 RAS KERNEL FATAL instruction address space.........0,-,few_shot,1,0,"AS COMPONENT=APP LEVEL=FATAL CONTENT=ciod: error reading message header
Label: 1

Log entry: TYPE=RAS COMPONENT=KERNEL LEVEL=FATAL CONTENT=instruction address space.........0
Label: 1
Log",0,155.76120900004753
1903,"TYPE=RAS COMPONENT=KERNEL LEVEL=INFO CONTENT=10640 total interrupts. 0 critical input interrupts. 0 microseconds total spent on critical input interrupts, 0 microseconds max time in a critical input interrupt.",0,"- 1133455288 2005.12.01 R41-M1-NF-C:J04-U01 2005-12-01-08.41.28.414439 R41-M1-NF-C:J04-U01 RAS KERNEL INFO 10640 total interrupts. 0 critical input interrupts. 0 microseconds total spent on critical input interrupts, 0 microseconds max time in a critical input interrupt.",-,few_shot,0,1,", 0 microseconds max time in a critical input interrupt.
Label: 0
Log",0,155.76120900004753
832,TYPE=RAS COMPONENT=KERNEL LEVEL=INFO CONTENT=generating core.14021,0,- 1121172512 2005.07.12 R34-M1-N4-C:J10-U01 2005-07-12-05.48.32.925986 R34-M1-N4-C:J10-U01 RAS KERNEL INFO generating core.14021,-,few_shot,1,0,"=ciod: error reading message header
Label: 1

Log entry: TYPE=RAS COMPONENT=KERNEL LEVEL=INFO CONTENT=generating core.14021
Label: 0
Log",0,155.76120900004753
543,TYPE=RAS COMPONENT=KERNEL LEVEL=INFO CONTENT=458720 double-hummer alignment exceptions,0,- 1120265452 2005.07.01 R33-M1-NE-C:J11-U01 2005-07-01-17.50.52.851643 R33-M1-NE-C:J11-U01 RAS KERNEL INFO 458720 double-hummer alignment exceptions,-,few_shot,0,1,"58720 double-hummer alignment exceptions
Label: 0
Log",0,151.69148150016554
1600,TYPE=RAS COMPONENT=KERNEL LEVEL=INFO CONTENT=2354412 floating point alignment exceptions,0,- 1131063531 2005.11.03 R56-M0-N7-C:J02-U01 2005-11-03-16.18.51.107407 R56-M0-N7-C:J02-U01 RAS KERNEL INFO 2354412 floating point alignment exceptions,-,few_shot,0,1,"354412 floating point alignment exceptions
Label: 0
Log",0,151.69148150016554
350,TYPE=RAS COMPONENT=KERNEL LEVEL=INFO CONTENT=generating core.978,0,- 1119166454 2005.06.19 R04-M0-N9-C:J07-U01 2005-06-19-00.34.14.589889 R04-M0-N9-C:J07-U01 RAS KERNEL INFO generating core.978,-,few_shot,0,1,"=KERNEL LEVEL=INFO CONTENT=generating core.978
Label: 0
Log",0,151.69148150016554
1932,"TYPE=RAS COMPONENT=KERNEL LEVEL=INFO CONTENT=1 ddr error(s) detected and corrected on rank 0, symbol 24 over 335 seconds",0,"- 1133625592 2005.12.03 R06-M1-NF-C:J12-U01 2005-12-03-07.59.52.640827 R06-M1-NF-C:J12-U01 RAS KERNEL INFO 1 ddr error(s) detected and corrected on rank 0, symbol 24 over 335 seconds",-,few_shot,0,1," 0
Log",0,151.69148150016554
1510,TYPE=RAS COMPONENT=KERNEL LEVEL=INFO CONTENT=shutdown complete,0,- 1129734520 2005.10.19 R17-M0-N0-I:J18-U01 2005-10-19-08.08.40.058960 R17-M0-N0-I:J18-U01 RAS KERNEL INFO shutdown complete,-,few_shot,0,1,"KERNEL LEVEL=INFO CONTENT=shutdown complete
Label: 0
Log",0,133.26449750002212
978,TYPE=RAS COMPONENT=KERNEL LEVEL=INFO CONTENT=generating core.29899,0,- 1121496062 2005.07.15 R10-M0-N3-C:J03-U01 2005-07-15-23.41.02.923439 R10-M0-N3-C:J03-U01 RAS KERNEL INFO generating core.29899,-,few_shot,0,1,"9
Label: 0
Log",0,133.26449750002212
175,TYPE=RAS COMPONENT=KERNEL LEVEL=FATAL CONTENT=instruction address: 0x00004ed8,0,- 1118710134 2005.06.13 R04-M1-N1-C:J11-U11 2005-06-13-17.48.54.474557 R04-M1-N1-C:J11-U11 RAS KERNEL FATAL instruction address: 0x00004ed8,-,few_shot,0,1," 0
Log",0,133.26449750002212
482,TYPE=RAS COMPONENT=KERNEL LEVEL=INFO CONTENT=generating core.18751,0,- 1120146038 2005.06.30 R25-M0-NC-C:J04-U11 2005-06-30-08.40.38.831619 R25-M0-NC-C:J04-U11 RAS KERNEL INFO generating core.18751,-,few_shot,1,0,"1
Label: 0
Log",0,133.26449750002212
1412,TYPE=RAS COMPONENT=APP LEVEL=FATAL CONTENT=ciod: LOGIN chdir(/home/yates/SWL_tests/BGL64k_SWL_tests_develop/MPI-VAL/MPITs_v050902/rundir) failed: No such file or directory,0,- 1127163833 2005.09.19 R32-M1-N0-I:J18-U01 2005-09-19-14.03.53.806037 R32-M1-N0-I:J18-U01 RAS APP FATAL ciod: LOGIN chdir(/home/yates/SWL_tests/BGL64k_SWL_tests_develop/MPI-VAL/MPITs_v050902/rundir) failed: No such file or directory,-,few_shot,1,0," 1
Log",0,154.4451847498749
1610,TYPE=RAS COMPONENT=KERNEL LEVEL=INFO CONTENT=2354412 floating point alignment exceptions,0,- 1131064518 2005.11.03 R06-M1-N0-C:J12-U01 2005-11-03-16.35.18.503121 R06-M1-N0-C:J12-U01 RAS KERNEL INFO 2354412 floating point alignment exceptions,-,few_shot,1,0," reading message header
Label: 1

Log entry: TYPE=RAS COMPONENT=KERNEL LEVEL=INFO CONTENT=2354412 floating point alignment exceptions
Label: 0
Log",0,154.4451847498749
123,TYPE=RAS COMPONENT=KERNEL LEVEL=FATAL CONTENT=data TLB error interrupt,1,KERNDTLB 1118543085 2005.06.11 R30-M0-N9-C:J16-U01 2005-06-11-19.24.45.991034 R30-M0-N9-C:J16-U01 RAS KERNEL FATAL data TLB error interrupt,KERNDTLB,few_shot,1,1," TYPE=RAS COMPONENT=APP LEVEL=FATAL CONTENT=ciod: error reading message header
Label: 1

Log entry: TYPE=RAS COMPONENT=KERNEL LEVEL=FATAL CONTENT=data TLB error interrupt
Label: 1
Log",0,154.4451847498749
599,TYPE=RAS COMPONENT=KERNEL LEVEL=INFO CONTENT=generating core.998,0,- 1120746970 2005.07.07 R07-M0-N0-C:J06-U01 2005-07-07-07.36.10.216237 R07-M0-N0-C:J06-U01 RAS KERNEL INFO generating core.998,-,few_shot,1,0," LEVEL=FATAL CONTENT=ciod: error reading message header
Label: 1

Log entry: TYPE=RAS COMPONENT=KERNEL LEVEL=INFO CONTENT=generating core.998
Label: 0
Log",0,154.4451847498749
1794,"TYPE=RAS COMPONENT=APP LEVEL=FATAL CONTENT=ciod: Error reading message prefix on CioStream socket to 172.16.96.116:47189, Link has been severed",1,"APPSEV 1133044906 2005.11.26 R33-M1-N4-I:J18-U11 2005-11-26-14.41.46.876542 R33-M1-N4-I:J18-U11 RAS APP FATAL ciod: Error reading message prefix on CioStream socket to 172.16.96.116:47189, Link has been severed",APPSEV,few_shot,1,1," 1
Log",0,152.36336800035133
1745,"TYPE=RAS COMPONENT=KERNEL LEVEL=INFO CONTENT=1 ddr errors(s) detected and corrected on rank 0, symbol 8, bit 7",0,"- 1131720323 2005.11.11 R02-M1-N4-C:J06-U01 2005-11-11-06.45.23.635450 R02-M1-N4-C:J06-U01 RAS KERNEL INFO 1 ddr errors(s) detected and corrected on rank 0, symbol 8, bit 7",-,few_shot,0,1," corrected on rank 0, symbol 8, bit 7
Label: 0
Log",0,152.36336800035133
1378,"TYPE=RAS COMPONENT=KERNEL LEVEL=INFO CONTENT=4 ddr errors(s) detected and corrected on rank 0, symbol 29, bit 4",0,"- 1125593559 2005.09.01 R14-M1-N7-C:J10-U01 2005-09-01-09.52.39.403870 R14-M1-N7-C:J10-U01 RAS KERNEL INFO 4 ddr errors(s) detected and corrected on rank 0, symbol 29, bit 4",-,few_shot,0,1," rank 0, symbol 29, bit 4
Label: 0
Log",0,152.36336800035133
1185,TYPE=RAS COMPONENT=KERNEL LEVEL=INFO CONTENT=generating core.59976,0,- 1122431319 2005.07.26 R16-M0-ND-C:J17-U01 2005-07-26-19.28.39.681757 R16-M0-ND-C:J17-U01 RAS KERNEL INFO generating core.59976,-,few_shot,1,0,"1

Log entry: TYPE=RAS COMPONENT=KERNEL LEVEL=INFO CONTENT=generating core.59976
Label: 0
Log",0,152.36336800035133
485,TYPE=RAS COMPONENT=KERNEL LEVEL=INFO CONTENT=generating core.10734,0,- 1120146112 2005.06.30 R15-M1-N4-C:J09-U11 2005-06-30-08.41.52.056302 R15-M1-N4-C:J09-U11 RAS KERNEL INFO generating core.10734,-,few_shot,0,1,"4
Label: 0
Log",0,134.7779335001178
331,TYPE=RAS COMPONENT=KERNEL LEVEL=INFO CONTENT=instruction cache parity error corrected,0,- 1118852913 2005.06.15 R02-M1-N0-C:J12-U11 2005-06-15-09.28.33.631142 R02-M1-N0-C:J12-U11 RAS KERNEL INFO instruction cache parity error corrected,-,few_shot,0,1,"instruction cache parity error corrected
Label: 0
Log",0,134.7779335001178
788,TYPE=RAS COMPONENT=KERNEL LEVEL=INFO CONTENT=generating core.6711,0,- 1120969467 2005.07.09 R31-M0-NA-C:J03-U11 2005-07-09-21.24.27.695037 R31-M0-NA-C:J03-U11 RAS KERNEL INFO generating core.6711,-,few_shot,0,1,"11
Label: 0
Log",0,134.7779335001178
194,TYPE=RAS COMPONENT=KERNEL LEVEL=FATAL CONTENT=instruction address: 0x00004ed8,0,- 1118765746 2005.06.14 R17-M1-N1-C:J12-U11 2005-06-14-09.15.46.266882 R17-M1-N1-C:J12-U11 RAS KERNEL FATAL instruction address: 0x00004ed8,-,few_shot,0,1," 0
Log",0,134.7779335001178
637,TYPE=RAS COMPONENT=KERNEL LEVEL=INFO CONTENT=generating core.24671,0,- 1120931195 2005.07.09 R20-M0-NE-C:J05-U01 2005-07-09-10.46.35.976265 R20-M0-NE-C:J05-U01 RAS KERNEL INFO generating core.24671,-,few_shot,0,1,"ating core.24671
Label: 0
Log",0,135.23521899969637
471,TYPE=RAS COMPONENT=KERNEL LEVEL=INFO CONTENT=generating core.29308,0,- 1120145091 2005.06.30 R26-M0-NA-C:J17-U11 2005-06-30-08.24.51.228685 R26-M0-NA-C:J17-U11 RAS KERNEL INFO generating core.29308,-,few_shot,0,1,"ating core.29308
Label: 0
Log",0,135.23521899969637
1713,TYPE=RAS COMPONENT=KERNEL LEVEL=INFO CONTENT=iar 001061b4 dear 0247017c,0,- 1131477544 2005.11.08 R62-M0-N4-C:J14-U11 2005-11-08-11.19.04.849931 R62-M0-N4-C:J14-U11 RAS KERNEL INFO iar 001061b4 dear 0247017c,-,few_shot,0,1," 0
Log",0,135.23521899969637
322,TYPE=RAS COMPONENT=KERNEL LEVEL=INFO CONTENT=generating core.1978,0,- 1118843835 2005.06.15 R21-M1-N1-C:J07-U11 2005-06-15-06.57.15.905673 R21-M1-N1-C:J07-U11 RAS KERNEL INFO generating core.1978,-,few_shot,0,1,"=generating core.1978
Label: 0
Log",0,135.23521899969637
1196,TYPE=RAS COMPONENT=KERNEL LEVEL=INFO CONTENT=generating core.11346,0,- 1122574113 2005.07.28 R31-M1-N1-C:J08-U11 2005-07-28-11.08.33.510063 R31-M1-N1-C:J08-U11 RAS KERNEL INFO generating core.11346,-,few_shot,0,1," CONTENT=generating core.11346
Label: 0
Log",0,152.64601824992496
266,TYPE=RAS COMPONENT=KERNEL LEVEL=FATAL CONTENT=byte ordering exception.....................0,0,- 1118771384 2005.06.14 R21-M1-N6-C:J13-U11 2005-06-14-10.49.44.238733 R21-M1-N6-C:J13-U11 RAS KERNEL FATAL byte ordering exception.....................0,-,few_shot,0,1," COMPONENT=KERNEL LEVEL=FATAL CONTENT=byte ordering exception.....................0
Label: 0
Log",0,152.64601824992496
1543,TYPE=RAS COMPONENT=KERNEL LEVEL=INFO CONTENT=iar 001061dc dear 0244c22c,0,- 1131058168 2005.11.03 R64-M1-N5-C:J10-U11 2005-11-03-14.49.28.162764 R64-M1-N5-C:J10-U11 RAS KERNEL INFO iar 001061dc dear 0244c22c,-,few_shot,0,1,"c
Label: 0
Log",0,152.64601824992496
1803,"TYPE=RAS COMPONENT=KERNEL LEVEL=INFO CONTENT=CE sym 1, at 0x01d7eaa0, mask 0x02",0,"- 1133367847 2005.11.30 R74-M1-NB-C:J02-U11 2005-11-30-08.24.07.024349 R74-M1-NB-C:J02-U11 RAS KERNEL INFO CE sym 1, at 0x01d7eaa0, mask 0x02",-,few_shot,0,1," 0
Log",0,152.64601824992496
67,TYPE=RAS COMPONENT=KERNEL LEVEL=INFO CONTENT=generating core.174,0,- 1118112604 2005.06.06 R22-M0-N4-C:J08-U11 2005-06-06-19.50.04.552706 R22-M0-N4-C:J08-U11 RAS KERNEL INFO generating core.174,-,few_shot,0,1,"=INFO CONTENT=generating core.174
Label: 0
Log",0,133.35004749978907
1737,"TYPE=RAS COMPONENT=KERNEL LEVEL=INFO CONTENT=2 ddr errors(s) detected and corrected on rank 0, symbol 4, bit 4",0,"- 1131632923 2005.11.10 R34-M1-N4-C:J10-U01 2005-11-10-06.28.43.189795 R34-M1-N4-C:J10-U01 RAS KERNEL INFO 2 ddr errors(s) detected and corrected on rank 0, symbol 4, bit 4",-,few_shot,0,1," 0
Log",0,133.35004749978907
1592,TYPE=RAS COMPONENT=KERNEL LEVEL=INFO CONTENT=iar 00106568 dear 045e140c,0,- 1131061513 2005.11.03 R60-M0-NA-C:J13-U01 2005-11-03-15.45.13.710540 R60-M0-NA-C:J13-U01 RAS KERNEL INFO iar 00106568 dear 045e140c,-,few_shot,0,1,": 0
Log",0,133.35004749978907
1563,TYPE=RAS COMPONENT=KERNEL LEVEL=INFO CONTENT=iar 001061dc dear 0244c22c,0,- 1131059444 2005.11.03 R66-M1-N9-C:J03-U11 2005-11-03-15.10.44.315723 R66-M1-N9-C:J03-U11 RAS KERNEL INFO iar 001061dc dear 0244c22c,-,few_shot,0,1,"Label: 0
Log",0,133.35004749978907
480,TYPE=RAS COMPONENT=KERNEL LEVEL=INFO CONTENT=generating core.16483,0,- 1120145774 2005.06.30 R01-M1-NF-C:J05-U11 2005-06-30-08.36.14.017177 R01-M1-NF-C:J05-U11 RAS KERNEL INFO generating core.16483,-,few_shot,1,0,"=ciod: error reading message header
Label: 1

Log entry: TYPE=RAS COMPONENT=KERNEL LEVEL=INFO CONTENT=generating core.16483
Label: 0
Log",0,155.8080259997041
1756,TYPE=RAS COMPONENT=KERNEL LEVEL=FATAL CONTENT=rts: kernel terminated for reason 1004,1,KERNTERM 1132111168 2005.11.15 R57-M0-NA-C:J13-U11 2005-11-15-19.19.28.379713 R57-M0-NA-C:J13-U11 RAS KERNEL FATAL rts: kernel terminated for reason 1004,KERNTERM,few_shot,1,1," reading message header
Label: 1

Log entry: TYPE=RAS COMPONENT=KERNEL LEVEL=FATAL CONTENT=rts: kernel terminated for reason 1004
Label: 1
Log",0,155.8080259997041
1912,TYPE=RAS COMPONENT=KERNEL LEVEL=INFO CONTENT=0 microseconds spent in the rbs signal handler during 0 calls. 0 microseconds was the maximum time for a single instance of a correctable ddr.,0,- 1133455488 2005.12.01 R25-M0-N7-C:J07-U01 2005-12-01-08.44.48.531704 R25-M0-N7-C:J07-U01 RAS KERNEL INFO 0 microseconds spent in the rbs signal handler during 0 calls. 0 microseconds was the maximum time for a single instance of a correctable ddr.,-,few_shot,0,1," was the maximum time for a single instance of a correctable ddr.
Label: 0
Log",0,155.8080259997041
1440,"TYPE=RAS COMPONENT=MMCS LEVEL=ERROR CONTENT=idoproxydb hit ASSERT condition: ASSERT expression=0 Source file=idotransportmgr.cpp Source line=1043 Function=int IdoTransportMgr::SendPacket(IdoUdpMgr*, BglCtlPavTrace*)",0,"- 1127248868 2005.09.20 NULL 2005-09-20-13.41.08.107703 NULL RAS MMCS ERROR idoproxydb hit ASSERT condition: ASSERT expression=0 Source file=idotransportmgr.cpp Source line=1043 Function=int IdoTransportMgr::SendPacket(IdoUdpMgr*, BglCtlPavTrace*)",-,few_shot,1,0," 1
Log",0,155.8080259997041
1460,"TYPE=RAS COMPONENT=KERNEL LEVEL=INFO CONTENT=CE sym 27, at 0x166a9f20, mask 0x02",0,"- 1127515927 2005.09.23 R07-M0-ND-C:J16-U01 2005-09-23-15.52.07.594229 R07-M0-ND-C:J16-U01 RAS KERNEL INFO CE sym 27, at 0x166a9f20, mask 0x02",-,few_shot,0,1," 0
Log",0,152.81747500011988
887,TYPE=RAS COMPONENT=KERNEL LEVEL=INFO CONTENT=generating core.1103,0,- 1121309141 2005.07.13 R05-M0-NE-C:J04-U11 2005-07-13-19.45.41.015068 R05-M0-NE-C:J04-U11 RAS KERNEL INFO generating core.1103,-,few_shot,0,1,"KERNEL LEVEL=INFO CONTENT=generating core.1103
Label: 0
Log",0,152.81747500011988
422,TYPE=RAS COMPONENT=KERNEL LEVEL=INFO CONTENT=generating core.49137,0,- 1119725476 2005.06.25 R33-M0-N1-C:J11-U11 2005-06-25-11.51.16.800981 R33-M0-N1-C:J11-U11 RAS KERNEL INFO generating core.49137,-,few_shot,0,1,"=INFO CONTENT=generating core.49137
Label: 0
Log",0,152.81747500011988
1674,TYPE=RAS COMPONENT=KERNEL LEVEL=INFO CONTENT=iar 001066c4 dear 0252527c,0,- 1131142377 2005.11.04 R62-M0-N4-C:J15-U11 2005-11-04-14.12.57.989477 R62-M0-N4-C:J15-U11 RAS KERNEL INFO iar 001066c4 dear 0252527c,-,few_shot,0,1,"7c
Label: 0
Log",0,152.81747500011988
1449,"TYPE=RAS COMPONENT=APP LEVEL=FATAL CONTENT=ciod: Error loading /bgl/apps/SWL/performance/MINIBEN//torus-latency.rts: invalid or missing program image, No such file or directory",0,"- 1127265034 2005.09.20 R26-M1-N8-I:J18-U01 2005-09-20-18.10.34.811726 R26-M1-N8-I:J18-U01 RAS APP FATAL ciod: Error loading /bgl/apps/SWL/performance/MINIBEN//torus-latency.rts: invalid or missing program image, No such file or directory",-,few_shot,1,0," or missing program image, No such file or directory
Label: 1
Log",0,155.93001675006235
764,TYPE=RAS COMPONENT=KERNEL LEVEL=INFO CONTENT=generating core.8832,0,- 1120968530 2005.07.09 R35-M1-NF-C:J14-U01 2005-07-09-21.08.50.003067 R35-M1-NF-C:J14-U01 RAS KERNEL INFO generating core.8832,-,few_shot,1,0,"ATAL CONTENT=ciod: error reading message header
Label: 1

Log entry: TYPE=RAS COMPONENT=KERNEL LEVEL=INFO CONTENT=generating core.8832
Label: 0
Log",0,155.93001675006235
519,TYPE=RAS COMPONENT=KERNEL LEVEL=INFO CONTENT=generating core.15740,0,- 1120217169 2005.07.01 R14-M0-N2-C:J15-U11 2005-07-01-04.26.09.649848 R14-M0-N2-C:J15-U11 RAS KERNEL INFO generating core.15740,-,few_shot,1,0,"=ciod: error reading message header
Label: 1

Log entry: TYPE=RAS COMPONENT=KERNEL LEVEL=INFO CONTENT=generating core.15740
Label: 0
Log",0,155.93001675006235
1431,"TYPE=RAS COMPONENT=MMCS LEVEL=ERROR CONTENT=idoproxydb hit ASSERT condition: ASSERT expression=0 Source file=idotransportmgr.cpp Source line=1043 Function=int IdoTransportMgr::SendPacket(IdoUdpMgr*, BglCtlPavTrace*)",0,"- 1127243509 2005.09.20 NULL 2005-09-20-12.11.49.638167 NULL RAS MMCS ERROR idoproxydb hit ASSERT condition: ASSERT expression=0 Source file=idotransportmgr.cpp Source line=1043 Function=int IdoTransportMgr::SendPacket(IdoUdpMgr*, BglCtlPavTrace*)",-,few_shot,1,0," 1
Log",0,155.93001675006235
613,TYPE=RAS COMPONENT=KERNEL LEVEL=INFO CONTENT=generating core.815,0,- 1120786879 2005.07.07 R12-M1-NE-C:J04-U11 2005-07-07-18.41.19.670878 R12-M1-NE-C:J04-U11 RAS KERNEL INFO generating core.815,-,few_shot,1,0,"iod: error reading message header
Label: 1

Log entry: TYPE=RAS COMPONENT=KERNEL LEVEL=INFO CONTENT=generating core.815
Label: 0
Log",0,153.92382100026225
1530,"TYPE=RAS COMPONENT=APP LEVEL=FATAL CONTENT=ciod: Error loading /home.old/glosli/src/ddcMD/ddcMD1.1.18a/bin/ddcMDGbglV: invalid or missing program image, No such file or directory",0,"- 1131036466 2005.11.03 R15-M0-NC-I:J18-U11 2005-11-03-08.47.46.669663 R15-M0-NC-I:J18-U11 RAS APP FATAL ciod: Error loading /home.old/glosli/src/ddcMD/ddcMD1.1.18a/bin/ddcMDGbglV: invalid or missing program image, No such file or directory",-,few_shot,1,0," 1
Log",0,153.92382100026225
1782,"TYPE=RAS COMPONENT=APP LEVEL=FATAL CONTENT=ciod: Error reading message prefix on CioStream socket to 172.16.96.116:53387, Connection reset by peer",1,"APPRES 1132609342 2005.11.21 R65-M1-NC-I:J18-U11 2005-11-21-13.42.22.905034 R65-M1-NC-I:J18-U11 RAS APP FATAL ciod: Error reading message prefix on CioStream socket to 172.16.96.116:53387, Connection reset by peer",APPRES,few_shot,1,1," reset by peer
Label: 1
Log",0,153.92382100026225
1658,TYPE=RAS COMPONENT=KERNEL LEVEL=INFO CONTENT=iar 001061ec dear 02f6668c,0,- 1131128125 2005.11.04 R62-M0-N0-C:J16-U01 2005-11-04-10.15.25.666952 R62-M0-N0-C:J16-U01 RAS KERNEL INFO iar 001061ec dear 02f6668c,-,few_shot,0,1," CONTENT=iar 001061ec dear 02f6668c
Label: 0
Log",0,153.92382100026225
453,TYPE=RAS COMPONENT=KERNEL LEVEL=INFO CONTENT=data store interrupt caused by dcbf.........0,0,- 1119807482 2005.06.26 R05-M0-N5-C:J09-U11 2005-06-26-10.38.02.680379 R05-M0-N5-C:J09-U11 RAS KERNEL INFO data store interrupt caused by dcbf.........0,-,few_shot,0,1,"
Label: 0
Log",0,133.01577099991846
730,TYPE=RAS COMPONENT=KERNEL LEVEL=INFO CONTENT=generating core.8575,0,- 1120953127 2005.07.09 R27-M0-N6-C:J05-U11 2005-07-09-16.52.07.005910 R27-M0-N6-C:J05-U11 RAS KERNEL INFO generating core.8575,-,few_shot,0,1,"5
Label: 0
Log",0,133.01577099991846
534,TYPE=RAS COMPONENT=KERNEL LEVEL=INFO CONTENT=1146800 double-hummer alignment exceptions,0,- 1120262185 2005.07.01 R35-M1-N7-C:J04-U01 2005-07-01-16.56.25.711911 R35-M1-N7-C:J04-U01 RAS KERNEL INFO 1146800 double-hummer alignment exceptions,-,few_shot,0,1," 0
Log",0,133.01577099991846
965,TYPE=RAS COMPONENT=KERNEL LEVEL=INFO CONTENT=generating core.26131,0,- 1121495246 2005.07.15 R36-M1-NF-C:J02-U01 2005-07-15-23.27.26.925798 R36-M1-NF-C:J02-U01 RAS KERNEL INFO generating core.26131,-,few_shot,0,1,"
Label: 0
Log",0,133.01577099991846
1284,TYPE=RAS COMPONENT=KERNEL LEVEL=INFO CONTENT=iar 003a90fc dear 00b35db8,0,- 1125082154 2005.08.26 R62-M1-NA-C:J14-U01 2005-08-26-11.49.14.423511 R62-M1-NA-C:J14-U01 RAS KERNEL INFO iar 003a90fc dear 00b35db8,-,few_shot,0,1," 0
Log",0,133.31369724983233
1739,TYPE=RAS COMPONENT=KERNEL LEVEL=FATAL CONTENT=rts: kernel terminated for reason 1004,1,KERNTERM 1131680322 2005.11.10 R63-M0-N6-C:J12-U11 2005-11-10-19.38.42.369022 R63-M0-N6-C:J12-U11 RAS KERNEL FATAL rts: kernel terminated for reason 1004,KERNTERM,few_shot,1,1,"1004
Label: 1
Log",0,133.31369724983233
261,TYPE=RAS COMPONENT=KERNEL LEVEL=FATAL CONTENT=machine check enable..............0,0,- 1118771098 2005.06.14 R26-M1-N4-C:J13-U11 2005-06-14-10.44.58.632865 R26-M1-N4-C:J13-U11 RAS KERNEL FATAL machine check enable..............0,-,few_shot,0,1,"ATAL CONTENT=machine check enable..............0
Label: 0
Log",0,133.31369724983233
535,TYPE=RAS COMPONENT=KERNEL LEVEL=INFO CONTENT=1146800 double-hummer alignment exceptions,0,- 1120262310 2005.07.01 R32-M1-ND-C:J11-U11 2005-07-01-16.58.30.209233 R32-M1-ND-C:J11-U11 RAS KERNEL INFO 1146800 double-hummer alignment exceptions,-,few_shot,0,1,"ummer alignment exceptions
Label: 0
Log",0,133.31369724983233
968,TYPE=RAS COMPONENT=KERNEL LEVEL=INFO CONTENT=generating core.27867,0,- 1121495496 2005.07.15 R20-M0-N5-C:J03-U01 2005-07-15-23.31.36.540561 R20-M0-N5-C:J03-U01 RAS KERNEL INFO generating core.27867,-,few_shot,0,1," 0
Log",0,132.3482067500663
240,TYPE=RAS COMPONENT=KERNEL LEVEL=FATAL CONTENT=data store interrupt caused by dcbf.........0,0,- 1118769991 2005.06.14 R26-M0-NA-C:J04-U11 2005-06-14-10.26.31.242578 R26-M0-NA-C:J04-U11 RAS KERNEL FATAL data store interrupt caused by dcbf.........0,-,few_shot,1,0," 1
Log",0,132.3482067500663
819,TYPE=RAS COMPONENT=KERNEL LEVEL=INFO CONTENT=generating core.15924,0,- 1121007046 2005.07.10 R30-M1-N8-C:J15-U11 2005-07-10-07.50.46.048460 R30-M1-N8-C:J15-U11 RAS KERNEL INFO generating core.15924,-,few_shot,0,1," 0
Log",0,132.3482067500663
692,TYPE=RAS COMPONENT=KERNEL LEVEL=INFO CONTENT=generating core.34955,0,- 1120938246 2005.07.09 R10-M1-N5-C:J04-U01 2005-07-09-12.44.06.253512 R10-M1-N5-C:J04-U01 RAS KERNEL INFO generating core.34955,-,few_shot,0,1," 0
Log",0,132.3482067500663
420,TYPE=RAS COMPONENT=KERNEL LEVEL=INFO CONTENT=generating core.25048,0,- 1119725352 2005.06.25 R24-M0-N7-C:J17-U01 2005-06-25-11.49.12.068081 R24-M0-N7-C:J17-U01 RAS KERNEL INFO generating core.25048,-,few_shot,0,1," 0
Log",0,132.8987862498252
1085,TYPE=RAS COMPONENT=KERNEL LEVEL=INFO CONTENT=generating core.7205,0,- 1122143037 2005.07.23 R10-M0-N2-C:J12-U01 2005-07-23-11.23.57.554984 R10-M0-N2-C:J12-U01 RAS KERNEL INFO generating core.7205,-,few_shot,0,1,": 0
Log",0,132.8987862498252
1998,TYPE=RAS COMPONENT=KERNEL LEVEL=INFO CONTENT=instruction cache parity error corrected,0,- 1135675498 2005.12.27 R37-M1-NC-C:J02-U11 2005-12-27-01.24.58.711345 R37-M1-NC-C:J02-U11 RAS KERNEL INFO instruction cache parity error corrected,-,few_shot,0,1," corrected
Label: 0
Log",0,132.8987862498252
365,TYPE=RAS COMPONENT=KERNEL LEVEL=INFO CONTENT=generating core.4660,0,- 1119377680 2005.06.21 R20-M1-N2-C:J17-U01 2005-06-21-11.14.40.347916 R20-M1-N2-C:J17-U01 RAS KERNEL INFO generating core.4660,-,few_shot,0,1,": 0
Log",0,132.8987862498252
1022,TYPE=RAS COMPONENT=KERNEL LEVEL=INFO CONTENT=generating core.29207,0,- 1121707209 2005.07.18 R30-M1-NE-C:J02-U11 2005-07-18-10.20.09.218913 R30-M1-NE-C:J02-U11 RAS KERNEL INFO generating core.29207,-,few_shot,1,0," message header
Label: 1

Log entry: TYPE=RAS COMPONENT=KERNEL LEVEL=INFO CONTENT=generating core.29207
Label: 0
Log",0,154.01647850012523
1240,"TYPE=RAS COMPONENT=APP LEVEL=FATAL CONTENT=ciod: Error loading /bgl/apps/scaletest/performance/MINIBEN/mb_243_0810/allreduce.rts: invalid or missing program image, Exec format error",0,"- 1123914543 2005.08.12 R52-M1-N8-I:J18-U11 2005-08-12-23.29.03.099851 R52-M1-N8-I:J18-U11 RAS APP FATAL ciod: Error loading /bgl/apps/scaletest/performance/MINIBEN/mb_243_0810/allreduce.rts: invalid or missing program image, Exec format error",-,few_shot,1,0," 1
Log",0,154.01647850012523
588,TYPE=RAS COMPONENT=KERNEL LEVEL=INFO CONTENT=generating core.3006,0,- 1120486728 2005.07.04 R17-M1-N4-C:J07-U11 2005-07-04-07.18.48.526515 R17-M1-N4-C:J07-U11 RAS KERNEL INFO generating core.3006,-,few_shot,1,0," error reading message header
Label: 1

Log entry: TYPE=RAS COMPONENT=KERNEL LEVEL=INFO CONTENT=generating core.3006
Label: 0
Log",0,154.01647850012523
736,TYPE=RAS COMPONENT=KERNEL LEVEL=INFO CONTENT=generating core.14071,0,- 1120955677 2005.07.09 R34-M1-N4-C:J03-U11 2005-07-09-17.34.37.516117 R34-M1-N4-C:J03-U11 RAS KERNEL INFO generating core.14071,-,few_shot,1,0," message header
Label: 1

Log entry: TYPE=RAS COMPONENT=KERNEL LEVEL=INFO CONTENT=generating core.14071
Label: 0
Log",0,154.01647850012523
1761,"TYPE=RAS COMPONENT=KERNEL LEVEL=INFO CONTENT=ciod: Received signal 15, code=0, errno=0, address=0x000001b0",0,"- 1132320935 2005.11.18 R02-M1-NC-I:J18-U01 2005-11-18-05.35.35.752458 R02-M1-NC-I:J18-U01 RAS KERNEL INFO ciod: Received signal 15, code=0, errno=0, address=0x000001b0",-,few_shot,1,0,"1
Log entry: TYPE=RAS COMPONENT=APP LEVEL=FATAL CONTENT=ciod: error reading message header
Label: 1

Log entry: TYPE=RAS COMPONENT=KERNEL LEVEL=INFO CONTENT=ciod: Received signal 15, code=0, errno=0, address=0x000001b0
Label: 0
Log",0,163.27978224990147
941,TYPE=RAS COMPONENT=KERNEL LEVEL=INFO CONTENT=generating core.9337,0,- 1121314001 2005.07.13 R21-M0-N5-C:J13-U11 2005-07-13-21.06.41.876909 R21-M0-N5-C:J13-U11 RAS KERNEL INFO generating core.9337,-,few_shot,0,1,"=KERNEL LEVEL=INFO CONTENT=NFS Mount failed retrying
Label: 0
Log entry: TYPE=RAS COMPONENT=KERNEL LEVEL=FATAL CONTENT=rts: kernel terminated
Label: 1
Log entry: TYPE=RAS COMPONENT=APP LEVEL=FATAL CONTENT=ciod: error reading message header
Label: 1

Log entry: TYPE=RAS COMPONENT=KERNEL LEVEL=INFO CONTENT=generating core.9337
Label: 0
Log",0,163.27978224990147
71,TYPE=RAS COMPONENT=KERNEL LEVEL=INFO CONTENT=generating core.3638,0,- 1118149549 2005.06.07 R20-M0-N2-C:J09-U01 2005-06-07-06.05.49.961844 R20-M0-N2-C:J09-U01 RAS KERNEL INFO generating core.3638,-,few_shot,0,1,"=KERNEL LEVEL=INFO CONTENT=NFS Mount failed retrying
Label: 0
Log entry: TYPE=RAS COMPONENT=KERNEL LEVEL=FATAL CONTENT=rts: kernel terminated
Label: 1
Log entry: TYPE=RAS COMPONENT=APP LEVEL=FATAL CONTENT=ciod: error reading message header
Label: 1

Log entry: TYPE=RAS COMPONENT=KERNEL LEVEL=INFO CONTENT=generating core.3638
Label: 0
Log",0,163.27978224990147
1407,TYPE=NULL COMPONENT=DISCOVERY LEVEL=ERROR CONTENT=Node card status: no ALERTs are active. Clock Mode is Low. Clock Select is Midplane. Phy JTAG Reset is asserted. ASIC JTAG Reset is asserted. Temperature Mask is not active. No temperature error. Temperature Limit Error Latch is clear. PGOOD IS NOT ASSERTED. PGOOD ERROR LATCH IS ACTIVE. MPGOOD IS NOT OK. MPGOOD ERROR LATCH IS ACTIVE. The 2.5 volt rail is OK. The 1.5 volt rail is OK.,0,- 1126979315 2005.09.17 R76-M1-N8 2005-09-17-10.48.35.944995 R76-M1-N8 NULL DISCOVERY ERROR Node card status: no ALERTs are active. Clock Mode is Low. Clock Select is Midplane. Phy JTAG Reset is asserted. ASIC JTAG Reset is asserted. Temperature Mask is not active. No temperature error. Temperature Limit Error Latch is clear. PGOOD IS NOT ASSERTED. PGOOD ERROR LATCH IS ACTIVE. MPGOOD IS NOT OK. MPGOOD ERROR LATCH IS ACTIVE. The 2.5 volt rail is OK. The 1.5 volt rail is OK.,-,few_shot,0,1," 0
Log",0,163.27978224990147
259,TYPE=RAS COMPONENT=KERNEL LEVEL=FATAL CONTENT=auxiliary processor.........................0,0,- 1118771075 2005.06.14 R24-M0-NF-C:J09-U01 2005-06-14-10.44.35.353282 R24-M0-NF-C:J09-U01 RAS KERNEL FATAL auxiliary processor.........................0,-,few_shot,0,1," entry: TYPE=RAS COMPONENT=KERNEL LEVEL=FATAL CONTENT=auxiliary processor.........................0
Label: 0
Log",0,151.61648850016718
51,TYPE=RAS COMPONENT=KERNEL LEVEL=INFO CONTENT=generating core.851,0,- 1117990980 2005.06.05 R34-M0-ND-C:J03-U01 2005-06-05-10.03.00.195528 R34-M0-ND-C:J03-U01 RAS KERNEL INFO generating core.851,-,few_shot,0,1," TYPE=RAS COMPONENT=KERNEL LEVEL=INFO CONTENT=generating core.851
Label: 0
Log",0,151.61648850016718
198,TYPE=RAS COMPONENT=KERNEL LEVEL=FATAL CONTENT=instruction address: 0x00004ed8,0,- 1118766090 2005.06.14 R00-M0-N0-C:J13-U11 2005-06-14-09.21.30.885300 R00-M0-N0-C:J13-U11 RAS KERNEL FATAL instruction address: 0x00004ed8,-,few_shot,0,1," address: 0x00004ed8
Label: 0
Log",0,151.61648850016718
1788,"TYPE=RAS COMPONENT=KERNEL LEVEL=INFO CONTENT=ciod: Received signal 15, code=0, errno=0, address=0x00001a12",0,"- 1132870645 2005.11.24 R77-M0-N4-I:J18-U01 2005-11-24-14.17.25.200932 R77-M0-N4-I:J18-U01 RAS KERNEL INFO ciod: Received signal 15, code=0, errno=0, address=0x00001a12",-,few_shot,0,1," 0
Log",0,151.61648850016718
650,TYPE=RAS COMPONENT=KERNEL LEVEL=INFO CONTENT=generating core.3824,0,- 1120932606 2005.07.09 R36-M0-N5-C:J15-U11 2005-07-09-11.10.06.424632 R36-M0-N5-C:J15-U11 RAS KERNEL INFO generating core.3824,-,few_shot,0,1,"generating core.3824
Label: 0
Log",0,134.8731470002349
332,TYPE=RAS COMPONENT=KERNEL LEVEL=INFO CONTENT=generating core.16218,0,- 1118853076 2005.06.15 R34-M1-N9-C:J07-U11 2005-06-15-09.31.16.623218 R34-M1-N9-C:J07-U11 RAS KERNEL INFO generating core.16218,-,few_shot,0,1," core.16218
Label: 0
Log",0,134.8731470002349
1359,TYPE=RAS COMPONENT=KERNEL LEVEL=INFO CONTENT=iar 00149f88 dear 0099be48,0,- 1125223882 2005.08.28 R57-M0-N1-C:J16-U01 2005-08-28-03.11.22.587537 R57-M0-N1-C:J16-U01 RAS KERNEL INFO iar 00149f88 dear 0099be48,-,few_shot,0,1," 0
Log",0,134.8731470002349
593,TYPE=RAS COMPONENT=KERNEL LEVEL=INFO CONTENT=generating core.8877,0,- 1120487503 2005.07.04 R25-M0-NE-C:J11-U01 2005-07-04-07.31.43.800074 R25-M0-NE-C:J11-U01 RAS KERNEL INFO generating core.8877,-,few_shot,0,1,"generating core.8877
Label: 0
Log",0,134.8731470002349
1391,TYPE=RAS COMPONENT=KERNEL LEVEL=FATAL CONTENT=Lustre mount FAILED : bglio23 : point /p/gb1,1,KERNMNTF 1126202752 2005.09.08 R01-M1-N4-I:J18-U11 2005-09-08-11.05.52.800796 R01-M1-N4-I:J18-U11 RAS KERNEL FATAL Lustre mount FAILED : bglio23 : point /p/gb1,KERNMNTF,few_shot,1,1,"23 : point /p/gb1
Label: 1
Log",0,151.70940075040562
1800,"TYPE=RAS COMPONENT=KERNEL LEVEL=INFO CONTENT=ciod: Received signal 15, code=0, errno=0, address=0x000001f2",0,"- 1133306326 2005.11.29 R21-M0-N8-I:J18-U01 2005-11-29-15.18.46.642475 R21-M0-N8-I:J18-U01 RAS KERNEL INFO ciod: Received signal 15, code=0, errno=0, address=0x000001f2",-,few_shot,0,1," 0
Log",0,151.70940075040562
1314,TYPE=RAS COMPONENT=KERNEL LEVEL=INFO CONTENT=1524480 double-hummer alignment exceptions,0,- 1125084396 2005.08.26 R64-M0-NB-C:J15-U01 2005-08-26-12.26.36.200859 R64-M0-NB-C:J15-U01 RAS KERNEL INFO 1524480 double-hummer alignment exceptions,-,few_shot,0,1,"=1524480 double-hummer alignment exceptions
Label: 0
Log",0,151.70940075040562
1111,TYPE=RAS COMPONENT=KERNEL LEVEL=INFO CONTENT=15 floating point alignment exceptions,0,- 1122165037 2005.07.23 R12-M0-N0-C:J12-U11 2005-07-23-17.30.37.160243 R12-M0-N0-C:J12-U11 RAS KERNEL INFO 15 floating point alignment exceptions,-,few_shot,0,1," entry: TYPE=RAS COMPONENT=KERNEL LEVEL=INFO CONTENT=15 floating point alignment exceptions
Label: 0
Log",0,151.70940075040562
1006,TYPE=RAS COMPONENT=KERNEL LEVEL=INFO CONTENT=generating core.45167,0,- 1121598991 2005.07.17 R11-M1-NA-C:J05-U11 2005-07-17-04.16.31.772786 R11-M1-NA-C:J05-U11 RAS KERNEL INFO generating core.45167,-,few_shot,0,1," CONTENT=generating core.45167
Label: 0
Log",0,153.02335300020786
1326,"TYPE=RAS COMPONENT=KERNEL LEVEL=INFO CONTENT=CE sym 0, at 0x12af93a0, mask 0x08",0,"- 1125087561 2005.08.26 R14-M1-N5-C:J12-U11 2005-08-26-13.19.21.725812 R14-M1-N5-C:J12-U11 RAS KERNEL INFO CE sym 0, at 0x12af93a0, mask 0x08",-,few_shot,0,1," 0
Log",0,153.02335300020786
426,TYPE=RAS COMPONENT=KERNEL LEVEL=INFO CONTENT=generating core.10752,0,- 1119726549 2005.06.25 R01-M1-NB-C:J14-U01 2005-06-25-12.09.09.759272 R01-M1-NB-C:J14-U01 RAS KERNEL INFO generating core.10752,-,few_shot,0,1," CONTENT=generating core.10752
Label: 0
Log",0,153.02335300020786
1558,TYPE=RAS COMPONENT=KERNEL LEVEL=INFO CONTENT=iar 00106210 dear 0244c20c,0,- 1131059244 2005.11.03 R67-M0-NC-C:J16-U01 2005-11-03-15.07.24.046955 R67-M0-NC-C:J16-U01 RAS KERNEL INFO iar 00106210 dear 0244c20c,-,few_shot,0,1,"
Label: 0
Log",0,153.02335300020786
1293,TYPE=RAS COMPONENT=KERNEL LEVEL=INFO CONTENT=iar 003a929c dear 00efc768,0,- 1125083411 2005.08.26 R64-M1-N3-C:J07-U11 2005-08-26-12.10.11.586133 R64-M1-N3-C:J07-U11 RAS KERNEL INFO iar 003a929c dear 00efc768,-,few_shot,1,0," means normal. 1 means anomalous.
Do not explain your answer.
Do not output any other text.
Judge based mainly on the event content, not severity alone.

Examples:
Log entry: TYPE=RAS COMPONENT=KERNEL LEVEL=INFO CONTENT=ddr error(s) detected and corrected on rank 0
Label: 0
Log entry: TYPE=RAS COMPONENT=KERNEL LEVEL=INFO CONTENT=NFS Mount failed retrying
Label: 0
Log entry: TYPE=RAS COMPONENT=KERNEL LEVEL=FATAL CONTENT=rts: kernel terminated
Label: 1
Log entry: TYPE=RAS COMPONENT=APP LEVEL=FATAL CONTENT=ciod: error reading message header
Label: 1

Log entry: TYPE=RAS COMPONENT=KERNEL LEVEL=INFO CONTENT=iar 003a929c dear 00efc768
Label: 0
Log",0,191.33174874968972
590,TYPE=RAS COMPONENT=KERNEL LEVEL=INFO CONTENT=generating core.2348,0,- 1120487397 2005.07.04 R26-M1-NA-C:J17-U01 2005-07-04-07.29.57.172516 R26-M1-NA-C:J17-U01 RAS KERNEL INFO generating core.2348,-,few_shot,0,1,"ifying one BGL log entry for anomaly detection.
Return exactly one label: 0 or 1.
0 means normal. 1 means anomalous.
Do not explain your answer.
Do not output any other text.
Judge based mainly on the event content, not severity alone.

Examples:
Log entry: TYPE=RAS COMPONENT=KERNEL LEVEL=INFO CONTENT=ddr error(s) detected and corrected on rank 0
Label: 0
Log entry: TYPE=RAS COMPONENT=KERNEL LEVEL=INFO CONTENT=NFS Mount failed retrying
Label: 0
Log entry: TYPE=RAS COMPONENT=KERNEL LEVEL=FATAL CONTENT=rts: kernel terminated
Label: 1
Log entry: TYPE=RAS COMPONENT=APP LEVEL=FATAL CONTENT=ciod: error reading message header
Label: 1

Log entry: TYPE=RAS COMPONENT=KERNEL LEVEL=INFO CONTENT=generating core.2348
Label: 0
Log",0,191.33174874968972
1957,"TYPE=RAS COMPONENT=KERNEL LEVEL=INFO CONTENT=Kernel detected 3945740 integer alignment exceptions (3945733) iar 0x00544ea8, dear 0x01ef7960 (3945734) iar 0x00544eb8, dear 0x01ef7980 (3945735) iar 0x00544ea8, dear 0x01ef79a0 (3945736) iar 0x00544eb8, dear 0x01ef79c0 (3945737) iar 0x00544ee0, dear 0x01ef79e0 (3945738) iar 0x00544ef0, dear 0x01ef7a00 (3945739) iar 0x00544ee0, dear 0x01ef7a20 (3945740) iar 0x00544ef0, dear 0x01ef7a40",0,"- 1133928447 2005.12.06 R37-M1-N1-C:J02-U01 2005-12-06-20.07.27.653573 R37-M1-N1-C:J02-U01 RAS KERNEL INFO Kernel detected 3945740 integer alignment exceptions (3945733) iar 0x00544ea8, dear 0x01ef7960 (3945734) iar 0x00544eb8, dear 0x01ef7980 (3945735) iar 0x00544ea8, dear 0x01ef79a0 (3945736) iar 0x00544eb8, dear 0x01ef79c0 (3945737) iar 0x00544ee0, dear 0x01ef79e0 (3945738) iar 0x00544ef0, dear 0x01ef7a00 (3945739) iar 0x00544ee0, dear 0x01ef7a20 (3945740) iar 0x00544ef0, dear 0x01ef7a40",-,few_shot,0,1,79f0,1,191.33174874968972
1976,"TYPE=RAS COMPONENT=APP LEVEL=FATAL CONTENT=ciod: Error loading /g/g0/spelce1/Tuned/SPaSM-base/rundir/SPaSM.baseline: invalid or missing program image, Permission denied",0,"- 1134599601 2005.12.14 R76-M1-N0-I:J18-U01 2005-12-14-14.33.21.188706 R76-M1-N0-I:J18-U01 RAS APP FATAL ciod: Error loading /g/g0/spelce1/Tuned/SPaSM-base/rundir/SPaSM.baseline: invalid or missing program image, Permission denied",-,few_shot,0,1,"Log entry: TYPE=RAS COMPONENT=KERNEL LEVEL=INFO CONTENT=ddr error(s) detected and corrected on rank 0
Label: 0
Log entry: TYPE=RAS COMPONENT=KERNEL LEVEL=INFO CONTENT=NFS Mount failed retrying
Label: 0
Log entry: TYPE=RAS COMPONENT=KERNEL LEVEL=FATAL CONTENT=rts: kernel terminated
Label: 1
Log entry: TYPE=RAS COMPONENT=APP LEVEL=FATAL CONTENT=ciod: error reading message header
Label: 1

Log entry: TYPE=RAS COMPONENT=APP LEVEL=FATAL CONTENT=ciod: Error loading /g/g0/spelce1/Tuned/SPaSM-base/rundir/SPaSM.baseline: invalid or missing program image, Permission denied
Label: 1
Log",0,191.33174874968972
1132,TYPE=RAS COMPONENT=KERNEL LEVEL=INFO CONTENT=generating core.10514,0,- 1122166026 2005.07.23 R11-M1-NF-C:J07-U01 2005-07-23-17.47.06.550385 R11-M1-NF-C:J07-U01 RAS KERNEL INFO generating core.10514,-,few_shot,0,1,"=KERNEL LEVEL=INFO CONTENT=generating core.10514
Label: 0
Log",0,151.71990099997856
985,TYPE=RAS COMPONENT=KERNEL LEVEL=INFO CONTENT=generating core.22119,0,- 1121496570 2005.07.15 R07-M1-NA-C:J03-U11 2005-07-15-23.49.30.116304 R07-M1-NA-C:J03-U11 RAS KERNEL INFO generating core.22119,-,few_shot,0,1,"=KERNEL LEVEL=INFO CONTENT=generating core.22119
Label: 0
Log",0,151.71990099997856
398,TYPE=RAS COMPONENT=KERNEL LEVEL=INFO CONTENT=generating core.27921,0,- 1119715392 2005.06.25 R34-M1-ND-C:J10-U01 2005-06-25-09.03.12.849230 R34-M1-ND-C:J10-U01 RAS KERNEL INFO generating core.27921,-,few_shot,0,1,"=KERNEL LEVEL=INFO CONTENT=generating core.27921
Label: 0
Log",0,151.71990099997856
1511,"TYPE=RAS COMPONENT=APP LEVEL=FATAL CONTENT=ciod: Error loading /bgl/apps/followup/RAPTOR/new.raptor.trace: invalid or missing program image, Exec format error",0,"- 1129820589 2005.10.20 R62-M0-N8-I:J18-U01 2005-10-20-08.03.09.612112 R62-M0-N8-I:J18-U01 RAS APP FATAL ciod: Error loading /bgl/apps/followup/RAPTOR/new.raptor.trace: invalid or missing program image, Exec format error",-,few_shot,1,0," 1
Log",0,151.71990099997856
436,TYPE=RAS COMPONENT=KERNEL LEVEL=INFO CONTENT=program interrupt: privileged instruction...0,0,- 1119803207 2005.06.26 R05-M1-N9-C:J14-U11 2005-06-26-09.26.47.879500 R05-M1-N9-C:J14-U11 RAS KERNEL INFO program interrupt: privileged instruction...0,-,few_shot,1,0," LEVEL=FATAL CONTENT=ciod: error reading message header
Label: 1

Log entry: TYPE=RAS COMPONENT=KERNEL LEVEL=INFO CONTENT=program interrupt: privileged instruction...0
Label: 1
Log",0,154.23071424993395
192,TYPE=RAS COMPONENT=KERNEL LEVEL=FATAL CONTENT=data storage interrupt,1,KERNSTOR 1118765631 2005.06.14 R06-M0-N0-C:J11-U11 2005-06-14-09.13.51.996954 R06-M0-N0-C:J11-U11 RAS KERNEL FATAL data storage interrupt,KERNSTOR,few_shot,1,1,"
Log entry: TYPE=RAS COMPONENT=APP LEVEL=FATAL CONTENT=ciod: error reading message header
Label: 1

Log entry: TYPE=RAS COMPONENT=KERNEL LEVEL=FATAL CONTENT=data storage interrupt
Label: 1
Log",0,154.23071424993395
1435,"TYPE=RAS COMPONENT=MMCS LEVEL=ERROR CONTENT=idoproxydb hit ASSERT condition: ASSERT expression=0 Source file=idotransportmgr.cpp Source line=1043 Function=int IdoTransportMgr::SendPacket(IdoUdpMgr*, BglCtlPavTrace*)",0,"- 1127243531 2005.09.20 NULL 2005-09-20-12.12.11.388103 NULL RAS MMCS ERROR idoproxydb hit ASSERT condition: ASSERT expression=0 Source file=idotransportmgr.cpp Source line=1043 Function=int IdoTransportMgr::SendPacket(IdoUdpMgr*, BglCtlPavTrace*)",-,few_shot,1,0," 1
Log",0,154.23071424993395
614,TYPE=RAS COMPONENT=KERNEL LEVEL=INFO CONTENT=generating core.57762,0,- 1120786954 2005.07.07 R04-M1-N7-C:J08-U11 2005-07-07-18.42.34.152599 R04-M1-N7-C:J08-U11 RAS KERNEL INFO generating core.57762,-,few_shot,1,0,"=ciod: error reading message header
Label: 1

Log entry: TYPE=RAS COMPONENT=KERNEL LEVEL=INFO CONTENT=generating core.57762
Label: 0
Log",0,154.23071424993395
1493,"TYPE=RAS COMPONENT=KERNEL LEVEL=INFO CONTENT=CE sym 14, at 0x17086be0, mask 0x02",0,"- 1129270727 2005.10.13 R30-M0-N5-C:J05-U01 2005-10-13-23.18.47.295678 R30-M0-N5-C:J05-U01 RAS KERNEL INFO CE sym 14, at 0x17086be0, mask 0x02",-,few_shot,0,1,"14, at 0x17086be0, mask 0x02
Label: 0
Log",0,154.23525574988162
576,TYPE=RAS COMPONENT=KERNEL LEVEL=INFO CONTENT=generating core.22024,0,- 1120449800 2005.07.03 R21-M1-ND-C:J14-U01 2005-07-03-21.03.20.655726 R21-M1-ND-C:J14-U01 RAS KERNEL INFO generating core.22024,-,few_shot,1,0,"=ciod: error reading message header
Label: 1

Log entry: TYPE=RAS COMPONENT=KERNEL LEVEL=INFO CONTENT=generating core.22024
Label: 0
Log",0,154.23525574988162
986,TYPE=RAS COMPONENT=KERNEL LEVEL=INFO CONTENT=generating core.4900,0,- 1121496582 2005.07.15 R02-M0-NA-C:J16-U11 2005-07-15-23.49.42.308319 R02-M0-NA-C:J16-U11 RAS KERNEL INFO generating core.4900,-,few_shot,1,0,"ATAL CONTENT=ciod: error reading message header
Label: 1

Log entry: TYPE=RAS COMPONENT=KERNEL LEVEL=INFO CONTENT=generating core.4900
Label: 0
Log",0,154.23525574988162
1432,"TYPE=RAS COMPONENT=MMCS LEVEL=ERROR CONTENT=idoproxydb hit ASSERT condition: ASSERT expression=0 Source file=idotransportmgr.cpp Source line=1043 Function=int IdoTransportMgr::SendPacket(IdoUdpMgr*, BglCtlPavTrace*)",0,"- 1127243510 2005.09.20 NULL 2005-09-20-12.11.50.889778 NULL RAS MMCS ERROR idoproxydb hit ASSERT condition: ASSERT expression=0 Source file=idotransportmgr.cpp Source line=1043 Function=int IdoTransportMgr::SendPacket(IdoUdpMgr*, BglCtlPavTrace*)",-,few_shot,1,0," 1
Log",0,154.23525574988162
706,TYPE=RAS COMPONENT=KERNEL LEVEL=INFO CONTENT=generating core.25604,0,- 1120939573 2005.07.09 R00-M1-NE-C:J14-U01 2005-07-09-13.06.13.254915 R00-M1-NE-C:J14-U01 RAS KERNEL INFO generating core.25604,-,few_shot,0,1,"ating core.25604
Label: 0
Log",0,134.87175450018185
1258,TYPE=RAS COMPONENT=KERNEL LEVEL=FATAL CONTENT=rts: kernel terminated for reason 1003,1,KERNTERM 1124167519 2005.08.15 R71-M0-NA-C:J12-U11 2005-08-15-21.45.19.228173 R71-M0-NA-C:J12-U11 RAS KERNEL FATAL rts: kernel terminated for reason 1003,KERNTERM,few_shot,1,1," reason 1003
Label: 1
Log",0,134.87175450018185
141,TYPE=RAS COMPONENT=KERNEL LEVEL=FATAL CONTENT=data TLB error interrupt,1,KERNDTLB 1118549971 2005.06.11 R30-M0-N9-C:J16-U01 2005-06-11-21.19.31.616037 R30-M0-N9-C:J16-U01 RAS KERNEL FATAL data TLB error interrupt,KERNDTLB,few_shot,1,1,"AS COMPONENT=KERNEL LEVEL=FATAL CONTENT=data TLB error interrupt
Label: 1
Log",0,134.87175450018185
1357,TYPE=RAS COMPONENT=KERNEL LEVEL=INFO CONTENT=iar 0014a150 dear 00991c88,0,- 1125223505 2005.08.28 R45-M1-ND-C:J16-U11 2005-08-28-03.05.05.139218 R45-M1-ND-C:J16-U11 RAS KERNEL INFO iar 0014a150 dear 00991c88,-,few_shot,0,1," 0
Log",0,134.87175450018185
2,TYPE=RAS COMPONENT=KERNEL LEVEL=INFO CONTENT=instruction cache parity error corrected,0,- 1117838976 2005.06.03 R02-M1-N0-C:J12-U11 2005-06-03-15.49.36.156884 R02-M1-N0-C:J12-U11 RAS KERNEL INFO instruction cache parity error corrected,-,few_shot,0,1,"0
Log entry: TYPE=RAS COMPONENT=KERNEL LEVEL=FATAL CONTENT=rts: kernel terminated
Label: 1
Log entry: TYPE=RAS COMPONENT=APP LEVEL=FATAL CONTENT=ciod: error reading message header
Label: 1

Log entry: TYPE=RAS COMPONENT=KERNEL LEVEL=INFO CONTENT=instruction cache parity error corrected
Label: 0
Log",0,161.71943225026553
1221,TYPE=NULL COMPONENT=DISCOVERY LEVEL=INFO CONTENT=Ido chip status changed: FF:F2:9F:15:7E:6E:00:0D:60:EA:81:91 ip=10.0.1.155 v=13 t=1 status=M Thu Aug 04 15:31:25 PDT 2005,0,- 1123195190 2005.08.04 UNKNOWN_LOCATION 2005-08-04-15.39.50.374720 UNKNOWN_LOCATION NULL DISCOVERY INFO Ido chip status changed: FF:F2:9F:15:7E:6E:00:0D:60:EA:81:91 ip=10.0.1.155 v=13 t=1 status=M Thu Aug 04 15:31:25 PDT 2005,-,few_shot,0,1," 0
Log",0,161.71943225026553
1869,TYPE=RAS COMPONENT=KERNEL LEVEL=INFO CONTENT=0 microseconds spent in the rbs signal handler during 0 calls. 0 microseconds was the maximum time for a single instance of a correctable ddr.,0,- 1133454601 2005.12.01 R14-M1-N1-C:J10-U01 2005-12-01-08.30.01.182162 R14-M1-N1-C:J10-U01 RAS KERNEL INFO 0 microseconds spent in the rbs signal handler during 0 calls. 0 microseconds was the maximum time for a single instance of a correctable ddr.,-,few_shot,0,1,"Log entry: TYPE=RAS COMPONENT=KERNEL LEVEL=INFO CONTENT=0 microseconds spent in the rbs signal handler during 0 calls. 0 microseconds was the maximum time for a single instance of a correctable ddr.
Label: 0
Log",0,161.71943225026553
1622,TYPE=RAS COMPONENT=KERNEL LEVEL=INFO CONTENT=iar 00106bd8 dear 0245cd8c,0,- 1131125932 2005.11.04 R62-M0-NE-C:J15-U01 2005-11-04-09.38.52.887110 R62-M0-NE-C:J15-U01 RAS KERNEL INFO iar 00106bd8 dear 0245cd8c,-,few_shot,1,0,"Log entry: TYPE=RAS COMPONENT=APP LEVEL=FATAL CONTENT=ciod: error reading message header
Label: 1

Log entry: TYPE=RAS COMPONENT=KERNEL LEVEL=INFO CONTENT=iar 00106bd8 dear 0245cd8c
Label: 0
Log",0,161.71943225026553
339,TYPE=RAS COMPONENT=KERNEL LEVEL=INFO CONTENT=generating core.93,0,- 1118915889 2005.06.16 R24-M1-NE-C:J13-U11 2005-06-16-02.58.09.310238 R24-M1-NE-C:J13-U11 RAS KERNEL INFO generating core.93,-,few_shot,1,0,"
Label: 1

Log entry: TYPE=RAS COMPONENT=KERNEL LEVEL=INFO CONTENT=generating core.93
Label: 0
Log",0,152.01133749997098
1769,TYPE=RAS COMPONENT=KERNEL LEVEL=INFO CONTENT=MACHINE CHECK DCR read timeout (mc=e08x iar 0x00000000 lr 0xc00045a4),0,- 1132584089 2005.11.21 R26-M0-N0-I:J18-U11 2005-11-21-06.41.29.787206 R26-M0-N0-I:J18-U11 RAS KERNEL INFO MACHINE CHECK DCR read timeout (mc=e08x iar 0x00000000 lr 0xc00045a4),-,few_shot,0,1," 0
Log",0,152.01133749997098
1536,TYPE=RAS COMPONENT=KERNEL LEVEL=INFO CONTENT=iar 00106228 dear 0244c1ec,0,- 1131057913 2005.11.03 R65-M1-NB-C:J14-U01 2005-11-03-14.45.13.427392 R65-M1-NB-C:J14-U01 RAS KERNEL INFO iar 00106228 dear 0244c1ec,-,few_shot,0,1,"6228 dear 0244c1ec
Label: 0
Log",0,152.01133749997098
483,TYPE=RAS COMPONENT=KERNEL LEVEL=INFO CONTENT=generating core.22783,0,- 1120146042 2005.06.30 R21-M0-N0-C:J05-U11 2005-06-30-08.40.42.786067 R21-M0-N0-C:J05-U11 RAS KERNEL INFO generating core.22783,-,few_shot,0,1,"Log entry: TYPE=RAS COMPONENT=KERNEL LEVEL=INFO CONTENT=generating core.22783
Label: 0
Log",0,152.01133749997098
265,TYPE=RAS COMPONENT=KERNEL LEVEL=FATAL CONTENT=floating pt ex mode 1 enable......0,0,- 1118771330 2005.06.14 R26-M1-N6-C:J05-U01 2005-06-14-10.48.50.649332 R26-M1-N6-C:J05-U01 RAS KERNEL FATAL floating pt ex mode 1 enable......0,-,few_shot,0,1,"
Label: 0
Log",0,133.0728857496979
376,TYPE=RAS COMPONENT=KERNEL LEVEL=INFO CONTENT=2576000 double-hummer alignment exceptions,0,- 1119479317 2005.06.22 R21-M1-N1-C:J08-U11 2005-06-22-15.28.37.811949 R21-M1-N1-C:J08-U11 RAS KERNEL INFO 2576000 double-hummer alignment exceptions,-,few_shot,0,1," 0
Log",0,133.0728857496979
741,TYPE=RAS COMPONENT=KERNEL LEVEL=INFO CONTENT=generating core.7183,0,- 1120956736 2005.07.09 R21-M1-N8-C:J04-U01 2005-07-09-17.52.16.641372 R21-M1-N8-C:J04-U01 RAS KERNEL INFO generating core.7183,-,few_shot,0,1,"3
Label: 0
Log",0,133.0728857496979
1013,TYPE=RAS COMPONENT=KERNEL LEVEL=INFO CONTENT=generating core.14519,0,- 1121599333 2005.07.17 R31-M0-N0-C:J04-U11 2005-07-17-04.22.13.319842 R31-M0-N0-C:J04-U11 RAS KERNEL INFO generating core.14519,-,few_shot,0,1,"
Label: 0
Log",0,133.0728857496979
439,TYPE=RAS COMPONENT=KERNEL LEVEL=INFO CONTENT=data store interrupt caused by icbi.........0,0,- 1119803550 2005.06.26 R35-M0-NB-C:J16-U01 2005-06-26-09.32.30.029388 R35-M0-NB-C:J16-U01 RAS KERNEL INFO data store interrupt caused by icbi.........0,-,few_shot,0,1," icbi.........0
Label: 0
Log",0,133.2502005002425
271,TYPE=RAS COMPONENT=KERNEL LEVEL=FATAL CONTENT=core configuration register: 0x00002000,0,- 1118771528 2005.06.14 R26-M0-NF-C:J15-U01 2005-06-14-10.52.08.434393 R26-M0-NF-C:J15-U01 RAS KERNEL FATAL core configuration register: 0x00002000,-,few_shot,0,1," 0
Log",0,133.2502005002425
184,TYPE=RAS COMPONENT=KERNEL LEVEL=INFO CONTENT=generating core.1521,0,- 1118758308 2005.06.14 R32-M0-N3-C:J11-U01 2005-06-14-07.11.48.689764 R32-M0-N3-C:J11-U01 RAS KERNEL INFO generating core.1521,-,few_shot,0,1,"1521
Label: 0
Log",0,133.2502005002425
939,TYPE=RAS COMPONENT=KERNEL LEVEL=INFO CONTENT=generating core.27197,0,- 1121313971 2005.07.13 R21-M0-NA-C:J11-U11 2005-07-13-21.06.11.111463 R21-M0-NA-C:J11-U11 RAS KERNEL INFO generating core.27197,-,few_shot,0,1,"197
Label: 0
Log",0,133.2502005002425
244,TYPE=RAS COMPONENT=KERNEL LEVEL=FATAL CONTENT=program interrupt: illegal instruction......0,0,- 1118770101 2005.06.14 R21-M1-N6-C:J03-U11 2005-06-14-10.28.21.217840 R21-M1-N6-C:J03-U11 RAS KERNEL FATAL program interrupt: illegal instruction......0,-,few_shot,0,1," entry: TYPE=RAS COMPONENT=KERNEL LEVEL=FATAL CONTENT=program interrupt: illegal instruction......0
Label: 1
Log",0,151.7590377502529
931,TYPE=RAS COMPONENT=KERNEL LEVEL=INFO CONTENT=generating core.14824,0,- 1121313824 2005.07.13 R22-M0-N3-C:J17-U01 2005-07-13-21.03.44.525664 R22-M0-N3-C:J17-U01 RAS KERNEL INFO generating core.14824,-,few_shot,0,1,"AS COMPONENT=KERNEL LEVEL=INFO CONTENT=generating core.14824
Label: 0
Log",0,151.7590377502529
445,TYPE=RAS COMPONENT=KERNEL LEVEL=INFO CONTENT=program interrupt: imprecise exception......0,0,- 1119803856 2005.06.26 R02-M1-N4-C:J12-U01 2005-06-26-09.37.36.335874 R02-M1-N4-C:J12-U01 RAS KERNEL INFO program interrupt: imprecise exception......0,-,few_shot,0,1,"AS COMPONENT=KERNEL LEVEL=INFO CONTENT=program interrupt: imprecise exception......0
Label: 1
Log",0,151.7590377502529
596,TYPE=RAS COMPONENT=KERNEL LEVEL=INFO CONTENT=ciod: Missing or invalid fields on line 1 of node map file /home/auselton/bgl/64mps.sequential.mapfile,0,- 1120591331 2005.07.05 R32-M0-N4-I:J18-U01 2005-07-05-12.22.11.843446 R32-M0-N4-I:J18-U01 RAS KERNEL INFO ciod: Missing or invalid fields on line 1 of node map file /home/auselton/bgl/64mps.sequential.mapfile,-,few_shot,1,0," 1
Log",0,151.7590377502529
817,TYPE=RAS COMPONENT=KERNEL LEVEL=INFO CONTENT=generating core.10429,0,- 1121006926 2005.07.10 R25-M0-NA-C:J13-U11 2005-07-10-07.48.46.695024 R25-M0-NA-C:J13-U11 RAS KERNEL INFO generating core.10429,-,few_shot,0,1,"=INFO CONTENT=generating core.10429
Label: 0
Log",0,151.6167465001672
1272,TYPE=RAS COMPONENT=KERNEL LEVEL=INFO CONTENT=ciod: generated 128 core files for program /home/germann2/BGL-demo/SPaSM_mpi,0,- 1124736611 2005.08.22 R34-M1-N8-I:J18-U01 2005-08-22-11.50.11.486431 R34-M1-N8-I:J18-U01 RAS KERNEL INFO ciod: generated 128 core files for program /home/germann2/BGL-demo/SPaSM_mpi,-,few_shot,0,1," 0
Log",0,151.6167465001672
1676,TYPE=RAS COMPONENT=KERNEL LEVEL=INFO CONTENT=iar 001066ac dear 025252bc,0,- 1131142811 2005.11.04 R62-M0-NC-C:J06-U11 2005-11-04-14.20.11.135552 R62-M0-NC-C:J06-U11 RAS KERNEL INFO iar 001066ac dear 025252bc,-,few_shot,0,1,"252bc
Label: 0
Log",0,151.6167465001672
486,TYPE=RAS COMPONENT=KERNEL LEVEL=INFO CONTENT=generating core.3613,0,- 1120148315 2005.06.30 R00-M1-NA-C:J13-U11 2005-06-30-09.18.35.440546 R00-M1-NA-C:J13-U11 RAS KERNEL INFO generating core.3613,-,few_shot,0,1,"KERNEL LEVEL=INFO CONTENT=generating core.3613
Label: 0
Log",0,151.6167465001672
680,TYPE=RAS COMPONENT=KERNEL LEVEL=INFO CONTENT=generating core.7205,0,- 1120935590 2005.07.09 R00-M0-N8-C:J10-U11 2005-07-09-11.59.50.155121 R00-M0-N8-C:J10-U11 RAS KERNEL INFO generating core.7205,-,few_shot,0,1,"KERNEL LEVEL=INFO CONTENT=generating core.7205
Label: 0
Log",0,151.71663875025843
415,TYPE=RAS COMPONENT=KERNEL LEVEL=INFO CONTENT=generating core.54486,0,- 1119725148 2005.06.25 R31-M1-N2-C:J07-U01 2005-06-25-11.45.48.948077 R31-M1-N2-C:J07-U01 RAS KERNEL INFO generating core.54486,-,few_shot,0,1,"=INFO CONTENT=generating core.54486
Label: 0
Log",0,151.71663875025843
273,TYPE=RAS COMPONENT=KERNEL LEVEL=FATAL CONTENT=program interrupt: fp cr update.............0,0,- 1118771679 2005.06.14 R21-M1-N5-C:J05-U11 2005-06-14-10.54.39.063056 R21-M1-N5-C:J05-U11 RAS KERNEL FATAL program interrupt: fp cr update.............0,-,few_shot,0,1,"=FATAL CONTENT=program interrupt: fp cr update.............0
Label: 0
Log",0,151.71663875025843
1471,"TYPE=RAS COMPONENT=KERNEL LEVEL=INFO CONTENT=CE sym 13, at 0x0397e0e0, mask 0x08",0,"- 1128090751 2005.09.30 R63-M1-NC-C:J06-U01 2005-09-30-07.32.31.742095 R63-M1-NC-C:J06-U01 RAS KERNEL INFO CE sym 13, at 0x0397e0e0, mask 0x08",-,few_shot,0,1," 0
Log",0,151.71663875025843
1829,"TYPE=RAS COMPONENT=KERNEL LEVEL=INFO CONTENT=10732 total interrupts. 0 critical input interrupts. 0 microseconds total spent on critical input interrupts, 0 microseconds max time in a critical input interrupt.",0,"- 1133448166 2005.12.01 R32-M0-N4-C:J17-U11 2005-12-01-06.42.46.338885 R32-M0-N4-C:J17-U11 RAS KERNEL INFO 10732 total interrupts. 0 critical input interrupts. 0 microseconds total spent on critical input interrupts, 0 microseconds max time in a critical input interrupt.",-,few_shot,0,1," microseconds max time in a critical input interrupt.
Label: 0
Log",0,154.27451650020885
1454,TYPE=RAS COMPONENT=APP LEVEL=FATAL CONTENT=ciod: LOGIN chdir(/bgl/apps/SWL/performance/MINIBEN///2005.09.20-18.06.01) failed: No such file or directory,0,- 1127265777 2005.09.20 R62-M1-N8-I:J18-U01 2005-09-20-18.22.57.490109 R62-M1-N8-I:J18-U01 RAS APP FATAL ciod: LOGIN chdir(/bgl/apps/SWL/performance/MINIBEN///2005.09.20-18.06.01) failed: No such file or directory,-,few_shot,1,0," 1
Log",0,154.27451650020885
250,TYPE=RAS COMPONENT=KERNEL LEVEL=FATAL CONTENT=store operation.............................1,0,- 1118770625 2005.06.14 R20-M0-NF-C:J07-U01 2005-06-14-10.37.05.332040 R20-M0-NF-C:J07-U01 RAS KERNEL FATAL store operation.............................1,-,few_shot,1,0,"APP LEVEL=FATAL CONTENT=ciod: error reading message header
Label: 1

Log entry: TYPE=RAS COMPONENT=KERNEL LEVEL=FATAL CONTENT=store operation.............................1
Label: 1
Log",0,154.27451650020885
413,TYPE=RAS COMPONENT=KERNEL LEVEL=INFO CONTENT=generating core.41347,0,- 1119725040 2005.06.25 R05-M0-N7-C:J04-U01 2005-06-25-11.44.00.166788 R05-M0-N7-C:J04-U01 RAS KERNEL INFO generating core.41347,-,few_shot,1,0," error reading message header
Label: 1

Log entry: TYPE=RAS COMPONENT=KERNEL LEVEL=INFO CONTENT=generating core.41347
Label: 0
Log",0,154.27451650020885
1385,TYPE=RAS COMPONENT=APP LEVEL=FATAL CONTENT=ciod: LOGIN chdir(/LAPACK_440d/BLAS) failed: No such file or directory,0,- 1125749350 2005.09.03 R62-M0-NC-I:J18-U11 2005-09-03-05.09.10.001351 R62-M0-NC-I:J18-U11 RAS APP FATAL ciod: LOGIN chdir(/LAPACK_440d/BLAS) failed: No such file or directory,-,few_shot,1,0," 1
Log",0,153.10941350026042
1307,TYPE=RAS COMPONENT=KERNEL LEVEL=INFO CONTENT=iar 003a929c dear 01291708,0,- 1125084143 2005.08.26 R67-M1-N8-C:J02-U11 2005-08-26-12.22.23.952539 R67-M1-N8-C:J02-U11 RAS KERNEL INFO iar 003a929c dear 01291708,-,few_shot,0,1,"08
Label: 0
Log",0,153.10941350026042
715,TYPE=RAS COMPONENT=KERNEL LEVEL=INFO CONTENT=generating core.42234,0,- 1120940204 2005.07.09 R21-M1-N7-C:J07-U11 2005-07-09-13.16.44.901016 R21-M1-N7-C:J07-U11 RAS KERNEL INFO generating core.42234,-,few_shot,0,1,"=INFO CONTENT=generating core.42234
Label: 0
Log",0,153.10941350026042
310,TYPE=RAS COMPONENT=KERNEL LEVEL=FATAL CONTENT=disable store gathering..................0,0,- 1118773941 2005.06.14 R20-M1-NA-C:J04-U01 2005-06-14-11.32.21.174785 R20-M1-NA-C:J04-U01 RAS KERNEL FATAL disable store gathering..................0,-,few_shot,0,1,"=RAS COMPONENT=KERNEL LEVEL=FATAL CONTENT=disable store gathering..................0
Label: 0
Log",0,153.10941350026042
926,TYPE=RAS COMPONENT=KERNEL LEVEL=INFO CONTENT=generating core.19481,0,- 1121313534 2005.07.13 R20-M1-N9-C:J12-U11 2005-07-13-20.58.54.994815 R20-M1-N9-C:J12-U11 RAS KERNEL INFO generating core.19481,-,few_shot,0,1," core.19481
Label: 0
Log",0,133.4632612497444
381,TYPE=RAS COMPONENT=KERNEL LEVEL=INFO CONTENT=3091200 double-hummer alignment exceptions,0,- 1119571369 2005.06.23 R23-M1-ND-C:J02-U01 2005-06-23-17.02.49.991152 R23-M1-ND-C:J02-U01 RAS KERNEL INFO 3091200 double-hummer alignment exceptions,-,few_shot,0,1,"-hummer alignment exceptions
Label: 0
Log",0,133.4632612497444
1565,TYPE=RAS COMPONENT=KERNEL LEVEL=INFO CONTENT=iar 001061dc dear 0244c28c,0,- 1131059594 2005.11.03 R66-M0-N4-C:J02-U01 2005-11-03-15.13.14.342761 R66-M0-N4-C:J02-U01 RAS KERNEL INFO iar 001061dc dear 0244c28c,-,few_shot,0,1," 0
Log",0,133.4632612497444
425,TYPE=RAS COMPONENT=KERNEL LEVEL=INFO CONTENT=generating core.718,0,- 1119726375 2005.06.25 R14-M1-N6-C:J06-U01 2005-06-25-12.06.15.851937 R14-M1-N6-C:J06-U01 RAS KERNEL INFO generating core.718,-,few_shot,0,1," CONTENT=generating core.718
Label: 0
Log",0,133.4632612497444
1874,"TYPE=RAS COMPONENT=KERNEL LEVEL=INFO CONTENT=10752 total interrupts. 0 critical input interrupts. 0 microseconds total spent on critical input interrupts, 0 microseconds max time in a critical input interrupt.",0,"- 1133454715 2005.12.01 R11-M1-N3-C:J10-U01 2005-12-01-08.31.55.274517 R11-M1-N3-C:J10-U01 RAS KERNEL INFO 10752 total interrupts. 0 critical input interrupts. 0 microseconds total spent on critical input interrupts, 0 microseconds max time in a critical input interrupt.",-,few_shot,0,1," 0
Log",0,152.08067250023305
532,TYPE=RAS COMPONENT=KERNEL LEVEL=INFO CONTENT=1146800 double-hummer alignment exceptions,0,- 1120261034 2005.07.01 R23-M0-N1-C:J02-U11 2005-07-01-16.37.14.984043 R23-M0-N1-C:J02-U11 RAS KERNEL INFO 1146800 double-hummer alignment exceptions,-,few_shot,0,1,"=KERNEL LEVEL=INFO CONTENT=1146800 double-hummer alignment exceptions
Label: 0
Log",0,152.08067250023305
752,TYPE=RAS COMPONENT=KERNEL LEVEL=INFO CONTENT=1315337824 double-hummer alignment exceptions,0,- 1120967919 2005.07.09 R14-M0-NB-C:J13-U11 2005-07-09-20.58.39.414224 R14-M0-NB-C:J13-U11 RAS KERNEL INFO 1315337824 double-hummer alignment exceptions,-,few_shot,0,1,"=1315337824 double-hummer alignment exceptions
Label: 0
Log",0,152.08067250023305
765,TYPE=RAS COMPONENT=KERNEL LEVEL=INFO CONTENT=generating core.20015,0,- 1120968585 2005.07.09 R20-M1-N8-C:J03-U01 2005-07-09-21.09.45.813839 R20-M1-N8-C:J03-U01 RAS KERNEL INFO generating core.20015,-,few_shot,0,1," entry: TYPE=RAS COMPONENT=KERNEL LEVEL=INFO CONTENT=generating core.20015
Label: 0
Log",0,152.08067250023305
1356,TYPE=RAS COMPONENT=KERNEL LEVEL=INFO CONTENT=iar 0014a150 dear 00998588,0,- 1125223360 2005.08.28 R51-M1-N9-C:J10-U01 2005-08-28-03.02.40.130543 R51-M1-N9-C:J10-U01 RAS KERNEL INFO iar 0014a150 dear 00998588,-,few_shot,0,1," 0
Log",0,133.4862827498
408,TYPE=RAS COMPONENT=KERNEL LEVEL=INFO CONTENT=generating core.14856,0,- 1119715845 2005.06.25 R17-M1-N9-C:J16-U01 2005-06-25-09.10.45.117528 R17-M1-N9-C:J16-U01 RAS KERNEL INFO generating core.14856,-,few_shot,0,1,"ating core.14856
Label: 0
Log",0,133.4862827498
1614,TYPE=RAS COMPONENT=KERNEL LEVEL=INFO CONTENT=62500 floating point alignment exceptions,0,- 1131066789 2005.11.03 R24-M1-ND-C:J12-U11 2005-11-03-17.13.09.263119 R24-M1-ND-C:J12-U11 RAS KERNEL INFO 62500 floating point alignment exceptions,-,few_shot,0,1,"2500 floating point alignment exceptions
Label: 0
Log",0,133.4862827498
694,TYPE=RAS COMPONENT=KERNEL LEVEL=INFO CONTENT=generating core.35872,0,- 1120938410 2005.07.09 R00-M0-ND-C:J14-U11 2005-07-09-12.46.50.657088 R00-M0-ND-C:J14-U11 RAS KERNEL INFO generating core.35872,-,few_shot,0,1,"ating core.35872
Label: 0
Log",0,133.4862827498
1738,"TYPE=RAS COMPONENT=KERNEL LEVEL=INFO CONTENT=CE sym 15, at 0x1bb2fe80, mask 0x02",0,"- 1131653512 2005.11.10 R21-M1-N3-C:J03-U11 2005-11-10-12.11.52.704752 R21-M1-N3-C:J03-U11 RAS KERNEL INFO CE sym 15, at 0x1bb2fe80, mask 0x02",-,few_shot,0,1," 0
Log",0,151.53716024997266
548,TYPE=RAS COMPONENT=KERNEL LEVEL=INFO CONTENT=458720 double-hummer alignment exceptions,0,- 1120265591 2005.07.01 R30-M1-NB-C:J17-U11 2005-07-01-17.53.11.746402 R30-M1-NB-C:J17-U11 RAS KERNEL INFO 458720 double-hummer alignment exceptions,-,few_shot,0,1,"8720 double-hummer alignment exceptions
Label: 0
Log",0,151.53716024997266
936,TYPE=RAS COMPONENT=KERNEL LEVEL=INFO CONTENT=generating core.11473,0,- 1121313946 2005.07.13 R35-M1-N1-C:J12-U11 2005-07-13-21.05.46.397052 R35-M1-N1-C:J12-U11 RAS KERNEL INFO generating core.11473,-,few_shot,0,1," CONTENT=generating core.11473
Label: 0
Log",0,151.53716024997266
1389,TYPE=RAS COMPONENT=KERNEL LEVEL=FATAL CONTENT=Lustre mount FAILED : bglio336 : point /p/gb1,1,KERNMNTF 1125871271 2005.09.04 R24-M1-NC-I:J18-U01 2005-09-04-15.01.11.038078 R24-M1-NC-I:J18-U01 RAS KERNEL FATAL Lustre mount FAILED : bglio336 : point /p/gb1,KERNMNTF,few_shot,1,1,"/gb1
Label: 1
Log",0,151.53716024997266
1607,TYPE=RAS COMPONENT=KERNEL LEVEL=INFO CONTENT=2354412 floating point alignment exceptions,0,- 1131064150 2005.11.03 R02-M1-NE-C:J02-U11 2005-11-03-16.29.10.392116 R02-M1-NE-C:J02-U11 RAS KERNEL INFO 2354412 floating point alignment exceptions,-,few_shot,0,1,"2354412 floating point alignment exceptions
Label: 0
Log",0,151.7574317499566
1939,"TYPE=RAS COMPONENT=KERNEL LEVEL=INFO CONTENT=CE sym 30, at 0x042358a0, mask 0x20",0,"- 1133706305 2005.12.04 R74-M0-N1-C:J05-U01 2005-12-04-06.25.05.145493 R74-M0-N1-C:J05-U01 RAS KERNEL INFO CE sym 30, at 0x042358a0, mask 0x20",-,few_shot,0,1," 0
Log",0,151.7574317499566
1481,"TYPE=RAS COMPONENT=KERNEL LEVEL=INFO CONTENT=CE sym 20, at 0x0a508740, mask 0x02",0,"- 1128832666 2005.10.08 R42-M1-ND-C:J07-U11 2005-10-08-21.37.46.422377 R42-M1-ND-C:J07-U11 RAS KERNEL INFO CE sym 20, at 0x0a508740, mask 0x02",-,few_shot,0,1," 0
Log",0,151.7574317499566
182,TYPE=RAS COMPONENT=KERNEL LEVEL=INFO CONTENT=generating core.2332,0,- 1118758269 2005.06.14 R31-M0-NE-C:J15-U11 2005-06-14-07.11.09.281175 R31-M0-NE-C:J15-U11 RAS KERNEL INFO generating core.2332,-,few_shot,0,1,"KERNEL LEVEL=INFO CONTENT=generating core.2332
Label: 0
Log",0,151.7574317499566
1940,"TYPE=RAS COMPONENT=KERNEL LEVEL=INFO CONTENT=CE sym 11, at 0x06366640, mask 0x04",0,"- 1133707549 2005.12.04 R60-M0-ND-C:J07-U11 2005-12-04-06.45.49.687761 R60-M0-ND-C:J07-U11 RAS KERNEL INFO CE sym 11, at 0x06366640, mask 0x04",-,few_shot,0,1," 0
Log",0,153.00703850016362
1160,TYPE=RAS COMPONENT=KERNEL LEVEL=INFO CONTENT=generating core.38022,0,- 1122256902 2005.07.24 R00-M0-N2-C:J06-U01 2005-07-24-19.01.42.801712 R00-M0-N2-C:J06-U01 RAS KERNEL INFO generating core.38022,-,few_shot,0,1,"=INFO CONTENT=generating core.38022
Label: 0
Log",0,153.00703850016362
170,TYPE=RAS COMPONENT=KERNEL LEVEL=FATAL CONTENT=data storage interrupt,1,KERNSTOR 1118709681 2005.06.13 R01-M1-NA-C:J09-U01 2005-06-13-17.41.21.662328 R01-M1-NA-C:J09-U01 RAS KERNEL FATAL data storage interrupt,KERNSTOR,few_shot,1,1,": 1

Log entry: TYPE=RAS COMPONENT=KERNEL LEVEL=FATAL CONTENT=data storage interrupt
Label: 1
Log",0,153.00703850016362
292,TYPE=RAS COMPONENT=KERNEL LEVEL=FATAL CONTENT=floating point instr. enabled.....1,0,- 1118772772 2005.06.14 R21-M0-NF-C:J09-U01 2005-06-14-11.12.52.380819 R21-M0-NF-C:J09-U01 RAS KERNEL FATAL floating point instr. enabled.....1,-,few_shot,1,0," COMPONENT=KERNEL LEVEL=FATAL CONTENT=floating point instr. enabled.....1
Label: 1
Log",0,153.00703850016362
561,TYPE=RAS COMPONENT=KERNEL LEVEL=INFO CONTENT=generating core.3293,0,- 1120351682 2005.07.02 R04-M1-NE-C:J11-U11 2005-07-02-17.48.02.615045 R04-M1-NE-C:J11-U11 RAS KERNEL INFO generating core.3293,-,few_shot,0,1,"

Log entry: TYPE=RAS COMPONENT=KERNEL LEVEL=INFO CONTENT=generating core.3293
Label: 0
Log",0,152.31243649986936
1456,TYPE=RAS COMPONENT=KERNEL LEVEL=INFO CONTENT=total of 1 ddr error(s) detected and corrected,0,- 1127380615 2005.09.22 R63-M1-NA-C:J14-U11 2005-09-22-02.16.55.345135 R63-M1-NA-C:J14-U11 RAS KERNEL INFO total of 1 ddr error(s) detected and corrected,-,few_shot,1,0,"=KERNEL LEVEL=INFO CONTENT=total of 1 ddr error(s) detected and corrected
Label: 0
Log",0,152.31243649986936
1876,"TYPE=RAS COMPONENT=KERNEL LEVEL=INFO CONTENT=10666 total interrupts. 0 critical input interrupts. 0 microseconds total spent on critical input interrupts, 0 microseconds max time in a critical input interrupt.",0,"- 1133454732 2005.12.01 R07-M1-N7-C:J07-U01 2005-12-01-08.32.12.649613 R07-M1-N7-C:J07-U01 RAS KERNEL INFO 10666 total interrupts. 0 critical input interrupts. 0 microseconds total spent on critical input interrupts, 0 microseconds max time in a critical input interrupt.",-,few_shot,0,1," 0
Log",0,152.31243649986936
1651,TYPE=RAS COMPONENT=KERNEL LEVEL=INFO CONTENT=iar 00106704 dear 0245b77c,0,- 1131127613 2005.11.04 R62-M0-NE-C:J13-U01 2005-11-04-10.06.53.324365 R62-M0-NE-C:J13-U01 RAS KERNEL INFO iar 00106704 dear 0245b77c,-,few_shot,0,1,"4 dear 0245b77c
Label: 0
Log",0,152.31243649986936
849,TYPE=RAS COMPONENT=KERNEL LEVEL=INFO CONTENT=113982272 double-hummer alignment exceptions,0,- 1121252594 2005.07.13 R36-M0-N4-C:J04-U01 2005-07-13-04.03.14.251132 R36-M0-N4-C:J04-U01 RAS KERNEL INFO 113982272 double-hummer alignment exceptions,-,few_shot,0,1," alignment exceptions
Label: 0
Log",0,133.43145599992567
272,TYPE=RAS COMPONENT=KERNEL LEVEL=FATAL CONTENT=program interrupt: imprecise exception......0,0,- 1118771568 2005.06.14 R25-M1-N0-C:J07-U11 2005-06-14-10.52.48.343774 R25-M1-N0-C:J07-U11 RAS KERNEL FATAL program interrupt: imprecise exception......0,-,few_shot,0,1,": imprecise exception......0
Label: 1
Log",0,133.43145599992567
1549,TYPE=RAS COMPONENT=KERNEL LEVEL=INFO CONTENT=iar 00106228 dear 0244c1ec,0,- 1131058319 2005.11.03 R67-M0-ND-C:J03-U01 2005-11-03-14.51.59.126492 R67-M0-ND-C:J03-U01 RAS KERNEL INFO iar 00106228 dear 0244c1ec,-,few_shot,0,1," 0
Log",0,133.43145599992567
1034,TYPE=RAS COMPONENT=KERNEL LEVEL=INFO CONTENT=8 floating point alignment exceptions,0,- 1121900682 2005.07.20 R30-M1-N9-C:J14-U11 2005-07-20-16.04.42.418104 R30-M1-N9-C:J14-U11 RAS KERNEL INFO 8 floating point alignment exceptions,-,few_shot,0,1,"KERNEL LEVEL=INFO CONTENT=8 floating point alignment exceptions
Label: 0
Log",0,133.43145599992567
1743,TYPE=RAS COMPONENT=KERNEL LEVEL=INFO CONTENT=488205 floating point alignment exceptions,0,- 1131693152 2005.11.10 R63-M0-N5-C:J12-U01 2005-11-10-23.12.32.269153 R63-M0-N5-C:J12-U01 RAS KERNEL INFO 488205 floating point alignment exceptions,-,few_shot,0,1,"205 floating point alignment exceptions
Label: 0
Log",0,133.55896225039032
371,"TYPE=RAS COMPONENT=APP LEVEL=FATAL CONTENT=ciod: Error loading ./runtime_malloc: invalid or missing program image, No such file or directory",0,"- 1119402454 2005.06.21 R22-M0-N4-I:J18-U11 2005-06-21-18.07.34.337232 R22-M0-N4-I:J18-U11 RAS APP FATAL ciod: Error loading ./runtime_malloc: invalid or missing program image, No such file or directory",-,few_shot,1,0,": 1
Log",0,133.55896225039032
1669,TYPE=RAS COMPONENT=KERNEL LEVEL=INFO CONTENT=iar 00106678 dear 0252523c,0,- 1131141205 2005.11.04 R63-M0-N3-C:J16-U11 2005-11-04-13.53.25.955263 R63-M0-N3-C:J16-U11 RAS KERNEL INFO iar 00106678 dear 0252523c,-,few_shot,0,1," 0
Log",0,133.55896225039032
721,TYPE=RAS COMPONENT=KERNEL LEVEL=INFO CONTENT=generating core.30706,0,- 1120940349 2005.07.09 R32-M1-N3-C:J07-U11 2005-07-09-13.19.09.983269 R32-M1-N3-C:J07-U11 RAS KERNEL INFO generating core.30706,-,few_shot,0,1,"ating core.30706
Label: 0
Log",0,133.55896225039032
733,TYPE=RAS COMPONENT=KERNEL LEVEL=INFO CONTENT=generating core.11879,0,- 1120953260 2005.07.09 R31-M1-N0-C:J03-U01 2005-07-09-16.54.20.026465 R31-M1-N0-C:J03-U01 RAS KERNEL INFO generating core.11879,-,few_shot,0,1," 0
Log",0,132.98764599994684
777,TYPE=RAS COMPONENT=KERNEL LEVEL=INFO CONTENT=generating core.12536,0,- 1120969149 2005.07.09 R24-M0-N7-C:J17-U11 2005-07-09-21.19.09.892450 R24-M0-N7-C:J17-U11 RAS KERNEL INFO generating core.12536,-,few_shot,0,1," 0
Log",0,132.98764599994684
518,TYPE=RAS COMPONENT=KERNEL LEVEL=INFO CONTENT=generating core.332,0,- 1120217126 2005.07.01 R14-M1-NE-C:J14-U11 2005-07-01-04.25.26.994401 R14-M1-NE-C:J14-U11 RAS KERNEL INFO generating core.332,-,few_shot,0,1,"Label: 0
Log",0,132.98764599994684
334,TYPE=RAS COMPONENT=KERNEL LEVEL=INFO CONTENT=instruction cache parity error corrected,0,- 1118908990 2005.06.16 R02-M1-N1-C:J12-U01 2005-06-16-01.03.10.008103 R02-M1-N1-C:J12-U01 RAS KERNEL INFO instruction cache parity error corrected,-,few_shot,0,1," corrected
Label: 0
Log",0,132.98764599994684
845,TYPE=RAS COMPONENT=KERNEL LEVEL=INFO CONTENT=113622512 double-hummer alignment exceptions,0,- 1121252452 2005.07.13 R00-M1-N9-C:J16-U01 2005-07-13-04.00.52.200218 R00-M1-N9-C:J16-U01 RAS KERNEL INFO 113622512 double-hummer alignment exceptions,-,few_shot,0,1,": TYPE=RAS COMPONENT=KERNEL LEVEL=INFO CONTENT=113622512 double-hummer alignment exceptions
Label: 0
Log",0,154.00259550006012
1251,"TYPE=RAS COMPONENT=APP LEVEL=FATAL CONTENT=ciod: Error loading /bgl/apps/scaletest/performance/MINIBEN/mb_243_0810/allreduce.rts: invalid or missing program image, Exec format error",0,"- 1123915807 2005.08.12 R74-M1-N8-I:J18-U01 2005-08-12-23.50.07.561913 R74-M1-N8-I:J18-U01 RAS APP FATAL ciod: Error loading /bgl/apps/scaletest/performance/MINIBEN/mb_243_0810/allreduce.rts: invalid or missing program image, Exec format error",-,few_shot,1,0," 1
Log",0,154.00259550006012
1052,TYPE=RAS COMPONENT=KERNEL LEVEL=INFO CONTENT=8 floating point alignment exceptions,0,- 1121902797 2005.07.20 R27-M1-NC-C:J15-U01 2005-07-20-16.39.57.764472 R27-M1-NC-C:J15-U01 RAS KERNEL INFO 8 floating point alignment exceptions,-,few_shot,1,0,"=FATAL CONTENT=ciod: error reading message header
Label: 1

Log entry: TYPE=RAS COMPONENT=KERNEL LEVEL=INFO CONTENT=8 floating point alignment exceptions
Label: 0
Log",0,154.00259550006012
1923,"TYPE=RAS COMPONENT=KERNEL LEVEL=INFO CONTENT=10736 total interrupts. 0 critical input interrupts. 0 microseconds total spent on critical input interrupts, 0 microseconds max time in a critical input interrupt.",0,"- 1133455648 2005.12.01 R23-M0-N2-C:J09-U11 2005-12-01-08.47.28.894064 R23-M0-N2-C:J09-U11 RAS KERNEL INFO 10736 total interrupts. 0 critical input interrupts. 0 microseconds total spent on critical input interrupts, 0 microseconds max time in a critical input interrupt.",-,few_shot,0,1," time in a critical input interrupt.
Label: 0
Log",0,154.00259550006012
15,TYPE=RAS COMPONENT=KERNEL LEVEL=INFO CONTENT=generating core.3276,0,- 1117959501 2005.06.05 R24-M0-NE-C:J14-U11 2005-06-05-01.18.21.778604 R24-M0-NE-C:J14-U11 RAS KERNEL INFO generating core.3276,-,few_shot,0,1,"KERNEL LEVEL=INFO CONTENT=generating core.3276
Label: 0
Log",0,151.47704350010827
707,TYPE=RAS COMPONENT=KERNEL LEVEL=INFO CONTENT=generating core.61172,0,- 1120939626 2005.07.09 R36-M1-N4-C:J15-U11 2005-07-09-13.07.06.107122 R36-M1-N4-C:J15-U11 RAS KERNEL INFO generating core.61172,-,few_shot,0,1,"=INFO CONTENT=generating core.61172
Label: 0
Log",0,151.47704350010827
900,TYPE=RAS COMPONENT=KERNEL LEVEL=INFO CONTENT=generating core.26646,0,- 1121311176 2005.07.13 R31-M1-NA-C:J08-U11 2005-07-13-20.19.36.355702 R31-M1-NA-C:J08-U11 RAS KERNEL INFO generating core.26646,-,few_shot,0,1,"=INFO CONTENT=generating core.26646
Label: 0
Log",0,151.47704350010827
1979,"TYPE=RAS COMPONENT=KERNEL LEVEL=INFO CONTENT=5 ddr error(s) detected and corrected on rank 0, symbol 28 over 2946 seconds",0,"- 1134626183 2005.12.14 R74-M1-N0-C:J12-U01 2005-12-14-21.56.23.782819 R74-M1-N0-C:J12-U01 RAS KERNEL INFO 5 ddr error(s) detected and corrected on rank 0, symbol 28 over 2946 seconds",-,few_shot,0,1," 0
Log",0,151.47704350010827
1572,TYPE=RAS COMPONENT=KERNEL LEVEL=INFO CONTENT=iar 00106228 dear 0244c27c,0,- 1131059757 2005.11.03 R67-M1-N0-C:J09-U11 2005-11-03-15.15.57.061077 R67-M1-N0-C:J09-U11 RAS KERNEL INFO iar 00106228 dear 0244c27c,-,few_shot,0,1,"0244c27c
Label: 0
Log",0,151.68996549982694
903,TYPE=RAS COMPONENT=KERNEL LEVEL=INFO CONTENT=generating core.3343,0,- 1121311425 2005.07.13 R26-M1-N8-C:J04-U01 2005-07-13-20.23.45.306783 R26-M1-N8-C:J04-U01 RAS KERNEL INFO generating core.3343,-,few_shot,0,1,": TYPE=RAS COMPONENT=KERNEL LEVEL=INFO CONTENT=generating core.3343
Label: 0
Log",0,151.68996549982694
465,TYPE=RAS COMPONENT=KERNEL LEVEL=INFO CONTENT=generating core.32693,0,- 1120092072 2005.06.29 R23-M1-NC-C:J05-U11 2005-06-29-17.41.12.397279 R23-M1-NC-C:J05-U11 RAS KERNEL INFO generating core.32693,-,few_shot,0,1,"=RAS COMPONENT=KERNEL LEVEL=INFO CONTENT=generating core.32693
Label: 0
Log",0,151.68996549982694
1977,"TYPE=RAS COMPONENT=KERNEL LEVEL=INFO CONTENT=critical input interrupt (unit=0x0b bit=0x0a): warning for torus z+ wire, suppressing further interrupts of same type",0,"- 1134601394 2005.12.14 R42-M1-N2-C:J03-U11 2005-12-14-15.03.14.212440 R42-M1-N2-C:J03-U11 RAS KERNEL INFO critical input interrupt (unit=0x0b bit=0x0a): warning for torus z+ wire, suppressing further interrupts of same type",-,few_shot,0,1," 0
Log",0,151.68996549982694
199,TYPE=RAS COMPONENT=KERNEL LEVEL=FATAL CONTENT=instruction address: 0x00004ed8,0,- 1118766119 2005.06.14 R02-M1-NC-C:J08-U11 2005-06-14-09.21.59.021659 R02-M1-NC-C:J08-U11 RAS KERNEL FATAL instruction address: 0x00004ed8,-,few_shot,0,1," 0
Log",0,133.02119399986623
1206,TYPE=NULL COMPONENT=DISCOVERY LEVEL=SEVERE CONTENT=Can not get assembly information for node card,0,- 1123060215 2005.08.03 UNKNOWN_LOCATION 2005-08-03-02.10.15.206558 UNKNOWN_LOCATION NULL DISCOVERY SEVERE Can not get assembly information for node card,-,few_shot,1,0,"
Label: 1
Log",0,133.02119399986623
1055,TYPE=RAS COMPONENT=KERNEL LEVEL=INFO CONTENT=8 floating point alignment exceptions,0,- 1121902860 2005.07.20 R10-M1-N0-C:J16-U11 2005-07-20-16.41.00.180072 R10-M1-N0-C:J16-U11 RAS KERNEL INFO 8 floating point alignment exceptions,-,few_shot,0,1,"8 floating point alignment exceptions
Label: 0
Log",0,133.02119399986623
1131,TYPE=RAS COMPONENT=KERNEL LEVEL=INFO CONTENT=generating core.14250,0,- 1122165915 2005.07.23 R17-M0-N1-C:J06-U11 2005-07-23-17.45.15.142194 R17-M0-N1-C:J06-U11 RAS KERNEL INFO generating core.14250,-,few_shot,0,1,"0
Label: 0
Log",0,133.02119399986623
1379,TYPE=RAS COMPONENT=APP LEVEL=FATAL CONTENT=ciod: LOGIN chdir(/bglscratch/bwallen/SWL/SYS-CALLS/testcases/kernel/syscalls/truncate) failed: No such file or directory,0,- 1125668117 2005.09.02 R72-M1-N4-I:J18-U01 2005-09-02-06.35.17.592760 R72-M1-N4-I:J18-U01 RAS APP FATAL ciod: LOGIN chdir(/bglscratch/bwallen/SWL/SYS-CALLS/testcases/kernel/syscalls/truncate) failed: No such file or directory,-,few_shot,1,0,": 1
Log",0,151.91421600002286
998,TYPE=RAS COMPONENT=KERNEL LEVEL=INFO CONTENT=generating core.20691,0,- 1121598257 2005.07.17 R31-M1-N3-C:J05-U01 2005-07-17-04.04.17.544035 R31-M1-N3-C:J05-U01 RAS KERNEL INFO generating core.20691,-,few_shot,0,1,"Log entry: TYPE=RAS COMPONENT=KERNEL LEVEL=INFO CONTENT=generating core.20691
Label: 0
Log",0,151.91421600002286
727,TYPE=RAS COMPONENT=KERNEL LEVEL=INFO CONTENT=generating core.30275,0,- 1120940634 2005.07.09 R06-M1-NB-C:J03-U01 2005-07-09-13.23.54.723073 R06-M1-NB-C:J03-U01 RAS KERNEL INFO generating core.30275,-,few_shot,0,1,"Log entry: TYPE=RAS COMPONENT=KERNEL LEVEL=INFO CONTENT=generating core.30275
Label: 0
Log",0,151.91421600002286
1771,TYPE=RAS COMPONENT=KERNEL LEVEL=INFO CONTENT=MACHINE CHECK DCR read timeout (mc=e08x iar 0x00000000 lr 0xc00045a4),0,- 1132584963 2005.11.21 R26-M0-N0-I:J18-U11 2005-11-21-06.56.03.369673 R26-M0-N0-I:J18-U11 RAS KERNEL INFO MACHINE CHECK DCR read timeout (mc=e08x iar 0x00000000 lr 0xc00045a4),-,few_shot,0,1," 0
Log",0,151.91421600002286
1909,TYPE=RAS COMPONENT=KERNEL LEVEL=INFO CONTENT=0 microseconds spent in the rbs signal handler during 0 calls. 0 microseconds was the maximum time for a single instance of a correctable ddr.,0,- 1133455455 2005.12.01 R44-M0-N3-C:J05-U01 2005-12-01-08.44.15.799524 R44-M0-N3-C:J05-U01 RAS KERNEL INFO 0 microseconds spent in the rbs signal handler during 0 calls. 0 microseconds was the maximum time for a single instance of a correctable ddr.,-,few_shot,0,1,".
Label: 0
Log",0,151.74533399977008
1821,"TYPE=RAS COMPONENT=KERNEL LEVEL=INFO CONTENT=10674 total interrupts. 0 critical input interrupts. 0 microseconds total spent on critical input interrupts, 0 microseconds max time in a critical input interrupt.",0,"- 1133448052 2005.12.01 R33-M1-N7-C:J12-U01 2005-12-01-06.40.52.287178 R33-M1-N7-C:J12-U01 RAS KERNEL INFO 10674 total interrupts. 0 critical input interrupts. 0 microseconds total spent on critical input interrupts, 0 microseconds max time in a critical input interrupt.",-,few_shot,0,1," 0
Log",0,151.74533399977008
567,TYPE=RAS COMPONENT=KERNEL LEVEL=INFO CONTENT=generating core.26993,0,- 1120447042 2005.07.03 R37-M1-N3-C:J13-U11 2005-07-03-20.17.22.293433 R37-M1-N3-C:J13-U11 RAS KERNEL INFO generating core.26993,-,few_shot,0,1," entry: TYPE=RAS COMPONENT=KERNEL LEVEL=INFO CONTENT=generating core.26993
Label: 0
Log",0,151.74533399977008
43,TYPE=RAS COMPONENT=KERNEL LEVEL=INFO CONTENT=generating core.1172,0,- 1117989508 2005.06.05 R36-M0-NA-C:J17-U01 2005-06-05-09.38.28.957918 R36-M0-NA-C:J17-U01 RAS KERNEL INFO generating core.1172,-,few_shot,0,1,"

Log entry: TYPE=RAS COMPONENT=KERNEL LEVEL=INFO CONTENT=generating core.1172
Label: 0
Log",0,151.74533399977008
274,TYPE=RAS COMPONENT=KERNEL LEVEL=FATAL CONTENT=guaranteed instruction cache block touch.0,0,- 1118771823 2005.06.14 R26-M1-ND-C:J05-U11 2005-06-14-10.57.03.800229 R26-M1-ND-C:J05-U11 RAS KERNEL FATAL guaranteed instruction cache block touch.0,-,few_shot,0,1,"Log entry: TYPE=RAS COMPONENT=KERNEL LEVEL=FATAL CONTENT=guaranteed instruction cache block touch.0
Label: 0
Log",0,151.85617850011113
1096,TYPE=RAS COMPONENT=KERNEL LEVEL=INFO CONTENT=generating core.2767,0,- 1122144024 2005.07.23 R24-M1-N2-C:J02-U01 2005-07-23-11.40.24.966850 R24-M1-N2-C:J02-U01 RAS KERNEL INFO generating core.2767,-,few_shot,1,0,"1

Log entry: TYPE=RAS COMPONENT=KERNEL LEVEL=INFO CONTENT=generating core.2767
Label: 0
Log",0,151.85617850011113
101,TYPE=RAS COMPONENT=KERNEL LEVEL=INFO CONTENT=generating core.8280,0,- 1118371043 2005.06.09 R11-M0-N7-C:J16-U11 2005-06-09-19.37.23.866536 R11-M0-N7-C:J16-U11 RAS KERNEL INFO generating core.8280,-,few_shot,1,0,"1

Log entry: TYPE=RAS COMPONENT=KERNEL LEVEL=INFO CONTENT=generating core.8280
Label: 0
Log",0,151.85617850011113
1231,TYPE=RAS COMPONENT=KERNEL LEVEL=FATAL CONTENT=rts tree/torus link training failed: wanted: B C X+ X- Y+ Y- Z+ Z- got: B C X- Y- Z+ Z-,0,- 1123614572 2005.08.09 R00-M0-N6-C:J03-U11 2005-08-09-12.09.32.252222 R00-M0-N6-C:J03-U11 RAS KERNEL FATAL rts tree/torus link training failed: wanted: B C X+ X- Y+ Y- Z+ Z- got: B C X- Y- Z+ Z-,-,few_shot,0,1," 0
Log",0,151.85617850011113
1721,TYPE=RAS COMPONENT=KERNEL LEVEL=INFO CONTENT=iar 00106b98 dear 0246dd9c,0,- 1131579941 2005.11.09 R62-M0-N0-C:J02-U01 2005-11-09-15.45.41.245664 R62-M0-N0-C:J02-U01 RAS KERNEL INFO iar 00106b98 dear 0246dd9c,-,few_shot,0,1,"b98 dear 0246dd9c
Label: 0
Log",0,151.85866824958794
1832,"TYPE=RAS COMPONENT=KERNEL LEVEL=INFO CONTENT=10752 total interrupts. 0 critical input interrupts. 0 microseconds total spent on critical input interrupts, 0 microseconds max time in a critical input interrupt.",0,"- 1133448263 2005.12.01 R52-M0-N5-C:J10-U01 2005-12-01-06.44.23.178101 R52-M0-N5-C:J10-U01 RAS KERNEL INFO 10752 total interrupts. 0 critical input interrupts. 0 microseconds total spent on critical input interrupts, 0 microseconds max time in a critical input interrupt.",-,few_shot,0,1," 0
Log",0,151.85866824958794
107,TYPE=RAS COMPONENT=KERNEL LEVEL=FATAL CONTENT=data TLB error interrupt,1,KERNDTLB 1118537622 2005.06.11 R30-M0-N9-C:J16-U01 2005-06-11-17.53.42.323869 R30-M0-N9-C:J16-U01 RAS KERNEL FATAL data TLB error interrupt,KERNDTLB,few_shot,1,1," reading message header
Label: 1

Log entry: TYPE=RAS COMPONENT=KERNEL LEVEL=FATAL CONTENT=data TLB error interrupt
Label: 1
Log",0,151.85866824958794
1617,TYPE=RAS COMPONENT=KERNEL LEVEL=INFO CONTENT=iar 001061fc dear 02f6676c,0,- 1131123589 2005.11.04 R62-M0-N6-C:J03-U01 2005-11-04-08.59.49.668674 R62-M0-N6-C:J03-U01 RAS KERNEL INFO iar 001061fc dear 02f6676c,-,few_shot,0,1,"1fc dear 02f6676c
Label: 0
Log",0,151.85866824958794
497,"TYPE=RAS COMPONENT=KERNEL LEVEL=INFO CONTENT=CE sym 0, at 0x1b858280, mask 0x40",0,"- 1120177846 2005.06.30 R16-M1-N2-C:J17-U01 2005-06-30-17.30.46.535444 R16-M1-N2-C:J17-U01 RAS KERNEL INFO CE sym 0, at 0x1b858280, mask 0x40",-,few_shot,0,1,"280, mask 0x40
Label: 0
Log",0,153.35960274978788
1980,"TYPE=RAS COMPONENT=APP LEVEL=FATAL CONTENT=ciod: Error reading message prefix on CioStream socket to 172.16.96.116:49934, Link has been severed",1,"APPSEV 1134630981 2005.12.14 R37-M1-N8-I:J18-U11 2005-12-14-23.16.21.740107 R37-M1-N8-I:J18-U11 RAS APP FATAL ciod: Error reading message prefix on CioStream socket to 172.16.96.116:49934, Link has been severed",APPSEV,few_shot,1,1," 1
Log",0,153.35960274978788
881,TYPE=RAS COMPONENT=KERNEL LEVEL=INFO CONTENT=generating core.27051,0,- 1121308655 2005.07.13 R23-M0-NB-C:J05-U01 2005-07-13-19.37.35.130931 R23-M0-NB-C:J05-U01 RAS KERNEL INFO generating core.27051,-,few_shot,1,0,"1

Log entry: TYPE=RAS COMPONENT=KERNEL LEVEL=INFO CONTENT=generating core.27051
Label: 0
Log",0,153.35960274978788
756,TYPE=RAS COMPONENT=KERNEL LEVEL=INFO CONTENT=generating core.28242,0,- 1120968079 2005.07.09 R31-M1-N1-C:J06-U11 2005-07-09-21.01.19.043600 R31-M1-N1-C:J06-U11 RAS KERNEL INFO generating core.28242,-,few_shot,1,0,"1

Log entry: TYPE=RAS COMPONENT=KERNEL LEVEL=INFO CONTENT=generating core.28242
Label: 0
Log",0,153.35960274978788
619,TYPE=RAS COMPONENT=KERNEL LEVEL=INFO CONTENT=generating core.1807,0,- 1120788590 2005.07.07 R12-M1-NE-C:J02-U01 2005-07-07-19.09.50.668802 R12-M1-NE-C:J02-U01 RAS KERNEL INFO generating core.1807,-,few_shot,0,1,": TYPE=RAS COMPONENT=KERNEL LEVEL=INFO CONTENT=generating core.1807
Label: 0
Log",0,151.77597999991121
1106,TYPE=RAS COMPONENT=KERNEL LEVEL=INFO CONTENT=15 floating point alignment exceptions,0,- 1122164887 2005.07.23 R17-M1-N9-C:J05-U01 2005-07-23-17.28.07.326889 R17-M1-N9-C:J05-U01 RAS KERNEL INFO 15 floating point alignment exceptions,-,few_shot,1,0,"1

Log entry: TYPE=RAS COMPONENT=KERNEL LEVEL=INFO CONTENT=15 floating point alignment exceptions
Label: 0
Log",0,151.77597999991121
1935,TYPE=RAS COMPONENT=KERNEL LEVEL=INFO CONTENT=1 tree receiver 1 in re-synch state event(s) (dcr 0x0185) detected over 244 seconds,0,- 1133646587 2005.12.03 R55-M0-N9-C:J06-U11 2005-12-03-13.49.47.382429 R55-M0-N9-C:J06-U11 RAS KERNEL INFO 1 tree receiver 1 in re-synch state event(s) (dcr 0x0185) detected over 244 seconds,-,few_shot,0,1," 0
Log",0,151.77597999991121
809,TYPE=RAS COMPONENT=KERNEL LEVEL=INFO CONTENT=generating core.20257,0,- 1121006621 2005.07.10 R36-M0-N9-C:J11-U01 2005-07-10-07.43.41.076829 R36-M0-N9-C:J11-U01 RAS KERNEL INFO generating core.20257,-,few_shot,0,1,"=RAS COMPONENT=KERNEL LEVEL=INFO CONTENT=generating core.20257
Label: 0
Log",0,151.77597999991121
1037,TYPE=RAS COMPONENT=KERNEL LEVEL=INFO CONTENT=8 floating point alignment exceptions,0,- 1121900875 2005.07.20 R10-M0-NF-C:J04-U01 2005-07-20-16.07.55.072864 R10-M0-NF-C:J04-U01 RAS KERNEL INFO 8 floating point alignment exceptions,-,few_shot,0,1," TYPE=RAS COMPONENT=KERNEL LEVEL=INFO CONTENT=8 floating point alignment exceptions
Label: 0
Log",0,152.88345474982634
72,TYPE=RAS COMPONENT=KERNEL LEVEL=INFO CONTENT=generating core.2690,0,- 1118149569 2005.06.07 R21-M0-NB-C:J06-U01 2005-06-07-06.06.09.288228 R21-M0-NB-C:J06-U01 RAS KERNEL INFO generating core.2690,-,few_shot,0,1," LEVEL=INFO CONTENT=generating core.2690
Label: 0
Log",0,152.88345474982634
1283,TYPE=RAS COMPONENT=KERNEL LEVEL=INFO CONTENT=iar 003a90dc dear 00b35148,0,- 1125082080 2005.08.26 R63-M1-NF-C:J03-U11 2005-08-26-11.48.00.152812 R63-M1-NF-C:J03-U11 RAS KERNEL INFO iar 003a90dc dear 00b35148,-,few_shot,0,1,"48
Label: 0
Log",0,152.88345474982634
1271,TYPE=RAS COMPONENT=APP LEVEL=FATAL CONTENT=ciod: LOGIN chdir(/home/germann2/SPaSM_static) failed: No such file or directory,0,- 1124722015 2005.08.22 R24-M1-N4-I:J18-U11 2005-08-22-07.46.55.044922 R24-M1-N4-I:J18-U11 RAS APP FATAL ciod: LOGIN chdir(/home/germann2/SPaSM_static) failed: No such file or directory,-,few_shot,1,0," 1
Log",0,152.88345474982634
1334,TYPE=RAS COMPONENT=KERNEL LEVEL=INFO CONTENT=155918940 double-hummer alignment exceptions,0,- 1125220268 2005.08.28 R75-M1-N8-C:J13-U11 2005-08-28-02.11.08.660202 R75-M1-N8-C:J13-U11 RAS KERNEL INFO 155918940 double-hummer alignment exceptions,-,few_shot,0,1,"40 double-hummer alignment exceptions
Label: 0
Log",0,151.50597849969927
1458,"TYPE=RAS COMPONENT=KERNEL LEVEL=INFO CONTENT=CE sym 26, at 0x022c3fc0, mask 0x40",0,"- 1127464994 2005.09.23 R35-M1-NE-C:J09-U01 2005-09-23-01.43.14.910997 R35-M1-NE-C:J09-U01 RAS KERNEL INFO CE sym 26, at 0x022c3fc0, mask 0x40",-,few_shot,0,1," 0
Log",0,151.50597849969927
481,TYPE=RAS COMPONENT=KERNEL LEVEL=INFO CONTENT=generating core.257,0,- 1120145915 2005.06.30 R04-M0-NF-C:J12-U01 2005-06-30-08.38.35.958902 R04-M0-NF-C:J12-U01 RAS KERNEL INFO generating core.257,-,few_shot,0,1,"=KERNEL LEVEL=INFO CONTENT=generating core.257
Label: 0
Log",0,151.50597849969927
1068,TYPE=RAS COMPONENT=KERNEL LEVEL=INFO CONTENT=8 floating point alignment exceptions,0,- 1121906028 2005.07.20 R36-M0-NE-C:J17-U01 2005-07-20-17.33.48.094973 R36-M0-NE-C:J17-U01 RAS KERNEL INFO 8 floating point alignment exceptions,-,few_shot,0,1," TYPE=RAS COMPONENT=KERNEL LEVEL=INFO CONTENT=8 floating point alignment exceptions
Label: 0
Log",0,151.50597849969927
506,TYPE=RAS COMPONENT=KERNEL LEVEL=INFO CONTENT=generating core.9825,0,- 1120216246 2005.07.01 R31-M1-N5-C:J11-U01 2005-07-01-04.10.46.426573 R31-M1-N5-C:J11-U01 RAS KERNEL INFO generating core.9825,-,few_shot,0,1,": TYPE=RAS COMPONENT=KERNEL LEVEL=INFO CONTENT=generating core.9825
Label: 0
Log",0,153.14321650021157
1237,"TYPE=RAS COMPONENT=KERNEL LEVEL=INFO CONTENT=CE sym 25, at 0x10e1b8a0, mask 0x10",0,"- 1123850737 2005.08.12 R61-M0-NB-C:J05-U01 2005-08-12-05.45.37.457186 R61-M0-NB-C:J05-U01 RAS KERNEL INFO CE sym 25, at 0x10e1b8a0, mask 0x10",-,few_shot,0,1,"x10
Label: 0
Log",0,153.14321650021157
1861,TYPE=RAS COMPONENT=KERNEL LEVEL=INFO CONTENT=0 microseconds spent in the rbs signal handler during 0 calls. 0 microseconds was the maximum time for a single instance of a correctable ddr.,0,- 1133448800 2005.12.01 R23-M1-NF-C:J15-U01 2005-12-01-06.53.20.715143 R23-M1-NF-C:J15-U01 RAS KERNEL INFO 0 microseconds spent in the rbs signal handler during 0 calls. 0 microseconds was the maximum time for a single instance of a correctable ddr.,-,few_shot,0,1," 0
Log",0,153.14321650021157
1989,TYPE=RAS COMPONENT=KERNEL LEVEL=FATAL CONTENT=fpr29=0xffffffff ffffffff ffffffff ffffffff,0,- 1135579635 2005.12.25 R62-M1-NA-C:J04-U01 2005-12-25-22.47.15.963417 R62-M1-NA-C:J04-U01 RAS KERNEL FATAL fpr29=0xffffffff ffffffff ffffffff ffffffff,-,few_shot,0,1,"=FATAL CONTENT=fpr29=0xffffffff ffffffff ffffffff ffffffff
Label: 0
Log",0,153.14321650021157
1476,"TYPE=RAS COMPONENT=KERNEL LEVEL=INFO CONTENT=CE sym 9, at 0x11f82720, mask 0x02",0,"- 1128457224 2005.10.04 R53-M1-ND-C:J09-U11 2005-10-04-13.20.24.392522 R53-M1-ND-C:J09-U11 RAS KERNEL INFO CE sym 9, at 0x11f82720, mask 0x02",-,few_shot,0,1,", mask 0x02
Label: 0
Log",0,151.93256349994044
1866,"TYPE=RAS COMPONENT=KERNEL LEVEL=INFO CONTENT=10714 total interrupts. 0 critical input interrupts. 0 microseconds total spent on critical input interrupts, 0 microseconds max time in a critical input interrupt.",0,"- 1133454588 2005.12.01 R06-M0-N2-C:J09-U01 2005-12-01-08.29.48.814199 R06-M0-N2-C:J09-U01 RAS KERNEL INFO 10714 total interrupts. 0 critical input interrupts. 0 microseconds total spent on critical input interrupts, 0 microseconds max time in a critical input interrupt.",-,few_shot,0,1," 0
Log",0,151.93256349994044
1455,"TYPE=RAS COMPONENT=KERNEL LEVEL=INFO CONTENT=CE sym 29, at 0x14123c20, mask 0x08",0,"- 1127356175 2005.09.21 R23-M0-N5-C:J12-U01 2005-09-21-19.29.35.484182 R23-M0-N5-C:J12-U01 RAS KERNEL INFO CE sym 29, at 0x14123c20, mask 0x08",-,few_shot,0,1," mask 0x08
Label: 0
Log",0,151.93256349994044
311,TYPE=RAS COMPONENT=KERNEL LEVEL=FATAL CONTENT=disable store gathering..................0,0,- 1118774011 2005.06.14 R24-M0-NA-C:J14-U01 2005-06-14-11.33.31.835838 R24-M0-NA-C:J14-U01 RAS KERNEL FATAL disable store gathering..................0,-,few_shot,1,0,"Label: 1

Log entry: TYPE=RAS COMPONENT=KERNEL LEVEL=FATAL CONTENT=disable store gathering..................0
Label: 0
Log",0,151.93256349994044
962,TYPE=RAS COMPONENT=KERNEL LEVEL=INFO CONTENT=generating core.20595,0,- 1121494263 2005.07.15 R31-M1-NB-C:J05-U11 2005-07-15-23.11.03.449718 R31-M1-NB-C:J05-U11 RAS KERNEL INFO generating core.20595,-,few_shot,0,1,"=INFO CONTENT=generating core.20595
Label: 0
Log",0,153.03871649985012
405,TYPE=RAS COMPONENT=KERNEL LEVEL=INFO CONTENT=generating core.40250,0,- 1119715625 2005.06.25 R24-M1-N9-C:J06-U11 2005-06-25-09.07.05.564792 R24-M1-N9-C:J06-U11 RAS KERNEL INFO generating core.40250,-,few_shot,0,1,"=INFO CONTENT=generating core.40250
Label: 0
Log",0,153.03871649985012
1330,"TYPE=RAS COMPONENT=KERNEL LEVEL=INFO CONTENT=CE sym 10, at 0x01d7a160, mask 0x10",0,"- 1125209512 2005.08.27 R14-M1-N0-C:J07-U11 2005-08-27-23.11.52.680924 R14-M1-N0-C:J07-U11 RAS KERNEL INFO CE sym 10, at 0x01d7a160, mask 0x10",-,few_shot,0,1," 0
Log",0,153.03871649985012
1649,TYPE=RAS COMPONENT=KERNEL LEVEL=INFO CONTENT=iar 00106168 dear 0245b64c,0,- 1131127588 2005.11.04 R62-M0-N4-C:J16-U11 2005-11-04-10.06.28.496633 R62-M0-N4-C:J16-U11 RAS KERNEL INFO iar 00106168 dear 0245b64c,-,few_shot,0,1,"4c
Label: 0
Log",0,153.03871649985012
309,TYPE=RAS COMPONENT=KERNEL LEVEL=FATAL CONTENT=core configuration register: 0x00002000,0,- 1118773883 2005.06.14 R24-M1-N6-C:J17-U01 2005-06-14-11.31.23.322583 R24-M1-N6-C:J17-U01 RAS KERNEL FATAL core configuration register: 0x00002000,-,few_shot,0,1,"=core configuration register: 0x00002000
Label: 0
Log",0,151.9211897502828
226,TYPE=RAS COMPONENT=KERNEL LEVEL=FATAL CONTENT=data storage interrupt,1,KERNSTOR 1118769408 2005.06.14 R25-M1-NF-C:J16-U01 2005-06-14-10.16.48.088109 R25-M1-NF-C:J16-U01 RAS KERNEL FATAL data storage interrupt,KERNSTOR,few_shot,1,1,"=ciod: error reading message header
Label: 1

Log entry: TYPE=RAS COMPONENT=KERNEL LEVEL=FATAL CONTENT=data storage interrupt
Label: 1
Log",0,151.9211897502828
1857,"TYPE=RAS COMPONENT=KERNEL LEVEL=INFO CONTENT=10684 total interrupts. 0 critical input interrupts. 0 microseconds total spent on critical input interrupts, 0 microseconds max time in a critical input interrupt.",0,"- 1133448686 2005.12.01 R45-M1-N8-C:J14-U11 2005-12-01-06.51.26.654520 R45-M1-N8-C:J14-U11 RAS KERNEL INFO 10684 total interrupts. 0 critical input interrupts. 0 microseconds total spent on critical input interrupts, 0 microseconds max time in a critical input interrupt.",-,few_shot,0,1," 0
Log",0,151.9211897502828
710,TYPE=RAS COMPONENT=KERNEL LEVEL=INFO CONTENT=generating core.63070,0,- 1120939798 2005.07.09 R26-M0-NA-C:J07-U01 2005-07-09-13.09.58.154321 R26-M0-NA-C:J07-U01 RAS KERNEL INFO generating core.63070,-,few_shot,0,1," entry: TYPE=RAS COMPONENT=KERNEL LEVEL=INFO CONTENT=generating core.63070
Label: 0
Log",0,151.9211897502828
1943,"TYPE=RAS COMPONENT=KERNEL LEVEL=INFO CONTENT=CE sym 29, at 0x0ea9fd60, mask 0x40",0,"- 1133715641 2005.12.04 R23-M0-NC-C:J05-U01 2005-12-04-09.00.41.990496 R23-M0-NC-C:J05-U01 RAS KERNEL INFO CE sym 29, at 0x0ea9fd60, mask 0x40",-,few_shot,1,0,"=ciod: error reading message header
Label: 1

Log entry: TYPE=RAS COMPONENT=KERNEL LEVEL=INFO CONTENT=CE sym 29, at 0x0ea9fd60, mask 0x40
Label: 0
Log",0,161.03318949990353
1383,"TYPE=NULL COMPONENT=DISCOVERY LEVEL=INFO CONTENT=Node card VPD check: U11 node in processor card slot J18 do not match. VPD ecid 04CC81389C2FFFFF03071B7048DF, found 04D780871F2FFFFF08031BD046E2",0,"- 1125701454 2005.09.02 R63-M1-N0 2005-09-02-15.50.54.754016 R63-M1-N0 NULL DISCOVERY INFO Node card VPD check: U11 node in processor card slot J18 do not match. VPD ecid 04CC81389C2FFFFF03071B7048DF, found 04D780871F2FFFFF08031BD046E2",-,few_shot,1,0," 1
Log",0,161.03318949990353
1785,"TYPE=RAS COMPONENT=KERNEL LEVEL=INFO CONTENT=CE sym 14, at 0x136cd5e0, mask 0x04",0,"- 1132675121 2005.11.22 R26-M1-N1-C:J02-U11 2005-11-22-07.58.41.090225 R26-M1-N1-C:J02-U11 RAS KERNEL INFO CE sym 14, at 0x136cd5e0, mask 0x04",-,few_shot,1,0,": error reading message header
Label: 1

Log entry: TYPE=RAS COMPONENT=KERNEL LEVEL=INFO CONTENT=CE sym 14, at 0x136cd5e0, mask 0x04
Label: 0
Log",0,161.03318949990353
148,TYPE=RAS COMPONENT=KERNEL LEVEL=FATAL CONTENT=data TLB error interrupt,1,KERNDTLB 1118552553 2005.06.11 R30-M0-N9-C:J16-U01 2005-06-11-22.02.33.858708 R30-M0-N9-C:J16-U01 RAS KERNEL FATAL data TLB error interrupt,KERNDTLB,few_shot,1,1,"
Log entry: TYPE=RAS COMPONENT=KERNEL LEVEL=FATAL CONTENT=rts: kernel terminated
Label: 1
Log entry: TYPE=RAS COMPONENT=APP LEVEL=FATAL CONTENT=ciod: error reading message header
Label: 1

Log entry: TYPE=RAS COMPONENT=KERNEL LEVEL=FATAL CONTENT=data TLB error interrupt
Label: 1
Log",0,161.03318949990353
1554,TYPE=RAS COMPONENT=KERNEL LEVEL=INFO CONTENT=iar 001061dc dear 0244c28c,0,- 1131058477 2005.11.03 R65-M0-N4-C:J11-U11 2005-11-03-14.54.37.592074 R65-M0-N4-C:J11-U11 RAS KERNEL INFO iar 001061dc dear 0244c28c,-,few_shot,1,0," means normal. 1 means anomalous.
Do not explain your answer.
Do not output any other text.
Judge based mainly on the event content, not severity alone.

Examples:
Log entry: TYPE=RAS COMPONENT=KERNEL LEVEL=INFO CONTENT=ddr error(s) detected and corrected on rank 0
Label: 0
Log entry: TYPE=RAS COMPONENT=KERNEL LEVEL=INFO CONTENT=NFS Mount failed retrying
Label: 0
Log entry: TYPE=RAS COMPONENT=KERNEL LEVEL=FATAL CONTENT=rts: kernel terminated
Label: 1
Log entry: TYPE=RAS COMPONENT=APP LEVEL=FATAL CONTENT=ciod: error reading message header
Label: 1

Log entry: TYPE=RAS COMPONENT=KERNEL LEVEL=INFO CONTENT=iar 001061dc dear 0244c28c
Label: 0
Log",0,190.29626900010044
1956,"TYPE=RAS COMPONENT=KERNEL LEVEL=INFO CONTENT=Kernel detected 4898338 integer alignment exceptions (4898331) iar 0x00544ea8, dear 0x049e75e0 (4898332) iar 0x00544eb8, dear 0x049e7600 (4898333) iar 0x00544ea8, dear 0x049e7620 (4898334) iar 0x00544eb8, dear 0x049e7640 (4898335) iar 0x00544ee0, dear 0x049e7660 (4898336) iar 0x00544ef0, dear 0x049e7680 (4898337) iar 0x00544ee0, dear 0x049e76a0 (4898338) iar 0x00544ef0, dear 0x049e76c0",0,"- 1133928323 2005.12.06 R31-M0-NF-C:J07-U11 2005-12-06-20.05.23.094186 R31-M0-NF-C:J07-U11 RAS KERNEL INFO Kernel detected 4898338 integer alignment exceptions (4898331) iar 0x00544ea8, dear 0x049e75e0 (4898332) iar 0x00544eb8, dear 0x049e7600 (4898333) iar 0x00544ea8, dear 0x049e7620 (4898334) iar 0x00544eb8, dear 0x049e7640 (4898335) iar 0x00544ee0, dear 0x049e7660 (4898336) iar 0x00544ef0, dear 0x049e7680 (4898337) iar 0x00544ee0, dear 0x049e76a0 (4898338) iar 0x00544ef0, dear 0x049e76c0",-,few_shot,0,1,0x04,1,190.29626900010044
925,TYPE=RAS COMPONENT=KERNEL LEVEL=INFO CONTENT=generating core.17526,0,- 1121312448 2005.07.13 R30-M0-N4-C:J09-U11 2005-07-13-20.40.48.847134 R30-M0-N4-C:J09-U11 RAS KERNEL INFO generating core.17526,-,few_shot,0,1," BGL log entry for anomaly detection.
Return exactly one label: 0 or 1.
0 means normal. 1 means anomalous.
Do not explain your answer.
Do not output any other text.
Judge based mainly on the event content, not severity alone.

Examples:
Log entry: TYPE=RAS COMPONENT=KERNEL LEVEL=INFO CONTENT=ddr error(s) detected and corrected on rank 0
Label: 0
Log entry: TYPE=RAS COMPONENT=KERNEL LEVEL=INFO CONTENT=NFS Mount failed retrying
Label: 0
Log entry: TYPE=RAS COMPONENT=KERNEL LEVEL=FATAL CONTENT=rts: kernel terminated
Label: 1
Log entry: TYPE=RAS COMPONENT=APP LEVEL=FATAL CONTENT=ciod: error reading message header
Label: 1

Log entry: TYPE=RAS COMPONENT=KERNEL LEVEL=INFO CONTENT=generating core.17526
Label: 0
Log",0,190.29626900010044
942,TYPE=RAS COMPONENT=KERNEL LEVEL=INFO CONTENT=generating core.22886,0,- 1121314022 2005.07.13 R37-M0-N2-C:J09-U01 2005-07-13-21.07.02.007176 R37-M0-N2-C:J09-U01 RAS KERNEL INFO generating core.22886,-,few_shot,0,1," BGL log entry for anomaly detection.
Return exactly one label: 0 or 1.
0 means normal. 1 means anomalous.
Do not explain your answer.
Do not output any other text.
Judge based mainly on the event content, not severity alone.

Examples:
Log entry: TYPE=RAS COMPONENT=KERNEL LEVEL=INFO CONTENT=ddr error(s) detected and corrected on rank 0
Label: 0
Log entry: TYPE=RAS COMPONENT=KERNEL LEVEL=INFO CONTENT=NFS Mount failed retrying
Label: 0
Log entry: TYPE=RAS COMPONENT=KERNEL LEVEL=FATAL CONTENT=rts: kernel terminated
Label: 1
Log entry: TYPE=RAS COMPONENT=APP LEVEL=FATAL CONTENT=ciod: error reading message header
Label: 1

Log entry: TYPE=RAS COMPONENT=KERNEL LEVEL=INFO CONTENT=generating core.22886
Label: 0
Log",0,190.29626900010044
836,TYPE=RAS COMPONENT=KERNEL LEVEL=INFO CONTENT=generating core.5967,0,- 1121172988 2005.07.12 R15-M0-N8-C:J02-U11 2005-07-12-05.56.28.419299 R15-M0-N8-C:J02-U11 RAS KERNEL INFO generating core.5967,-,few_shot,0,1,"=INFO CONTENT=generating core.5967
Label: 0
Log",0,152.6044004999676
575,TYPE=RAS COMPONENT=KERNEL LEVEL=INFO CONTENT=generating core.7539,0,- 1120449678 2005.07.03 R37-M0-N1-C:J05-U11 2005-07-03-21.01.18.368546 R37-M0-N1-C:J05-U11 RAS KERNEL INFO generating core.7539,-,few_shot,0,1,"=INFO CONTENT=generating core.7539
Label: 0
Log",0,152.6044004999676
557,TYPE=RAS COMPONENT=KERNEL LEVEL=INFO CONTENT=1146800 double-hummer alignment exceptions,0,- 1120267083 2005.07.01 R33-M0-N8-C:J10-U11 2005-07-01-18.18.03.046965 R33-M0-N8-C:J10-U11 RAS KERNEL INFO 1146800 double-hummer alignment exceptions,-,few_shot,0,1,"800 double-hummer alignment exceptions
Label: 0
Log",0,152.6044004999676
1235,"TYPE=RAS COMPONENT=KERNEL LEVEL=INFO CONTENT=CE sym 8, at 0x0a2ae600, mask 0x10",0,"- 1123709473 2005.08.10 R47-M0-N4-C:J07-U01 2005-08-10-14.31.13.463274 R47-M0-N4-C:J07-U01 RAS KERNEL INFO CE sym 8, at 0x0a2ae600, mask 0x10",-,few_shot,0,1," 0
Log",0,152.6044004999676
1360,TYPE=RAS COMPONENT=KERNEL LEVEL=INFO CONTENT=iar 0014a150 dear 00a53af8,0,- 1125223894 2005.08.28 R56-M1-N9-C:J14-U01 2005-08-28-03.11.34.105667 R56-M1-N9-C:J14-U01 RAS KERNEL INFO iar 0014a150 dear 00a53af8,-,few_shot,0,1,"3af8
Label: 0
Log",0,152.69323074971908
1347,TYPE=RAS COMPONENT=KERNEL LEVEL=INFO CONTENT=24669022 double-hummer alignment exceptions,0,- 1125222337 2005.08.28 R45-M0-NA-C:J04-U11 2005-08-28-02.45.37.895456 R45-M0-NA-C:J04-U11 RAS KERNEL INFO 24669022 double-hummer alignment exceptions,-,few_shot,0,1,"9022 double-hummer alignment exceptions
Label: 0
Log",0,152.69323074971908
1161,TYPE=RAS COMPONENT=KERNEL LEVEL=INFO CONTENT=generating core.2704,0,- 1122334240 2005.07.25 R01-M1-NB-C:J15-U01 2005-07-25-16.30.40.590097 R01-M1-NB-C:J15-U01 RAS KERNEL INFO generating core.2704,-,few_shot,0,1,"KERNEL LEVEL=INFO CONTENT=generating core.2704
Label: 0
Log",0,152.69323074971908
1442,"TYPE=RAS COMPONENT=APP LEVEL=FATAL CONTENT=ciod: Error loading /home/yates//bandwidth.rts: invalid or missing program image, No such file or directory",0,"- 1127264122 2005.09.20 R27-M0-N8-I:J18-U11 2005-09-20-17.55.22.058829 R27-M0-N8-I:J18-U11 RAS APP FATAL ciod: Error loading /home/yates//bandwidth.rts: invalid or missing program image, No such file or directory",-,few_shot,1,0," 1
Log",0,152.69323074971908
286,TYPE=RAS COMPONENT=KERNEL LEVEL=FATAL CONTENT=icache prefetch threshold................0,0,- 1118772122 2005.06.14 R27-M0-N1-C:J08-U11 2005-06-14-11.02.02.749469 R27-M0-N1-C:J08-U11 RAS KERNEL FATAL icache prefetch threshold................0,-,few_shot,0,1,"................0
Label: 0
Log",0,133.9272354998684
1604,TYPE=RAS COMPONENT=KERNEL LEVEL=INFO CONTENT=2354412 floating point alignment exceptions,0,- 1131063778 2005.11.03 R41-M0-N5-C:J06-U01 2005-11-03-16.22.58.761391 R41-M0-N5-C:J06-U01 RAS KERNEL INFO 2354412 floating point alignment exceptions,-,few_shot,0,1," 0
Log",0,133.9272354998684
1057,TYPE=RAS COMPONENT=KERNEL LEVEL=INFO CONTENT=8 floating point alignment exceptions,0,- 1121903649 2005.07.20 R34-M0-N1-C:J08-U01 2005-07-20-16.54.09.929292 R34-M0-N1-C:J08-U01 RAS KERNEL INFO 8 floating point alignment exceptions,-,few_shot,0,1," point alignment exceptions
Label: 0
Log",0,133.9272354998684
598,TYPE=RAS COMPONENT=KERNEL LEVEL=INFO CONTENT=generating core.631,0,- 1120746917 2005.07.07 R07-M0-N6-C:J03-U01 2005-07-07-07.35.17.360203 R07-M0-N6-C:J03-U01 RAS KERNEL INFO generating core.631,-,few_shot,1,0,"1
Label: 0
Log",0,133.9272354998684
932,TYPE=RAS COMPONENT=KERNEL LEVEL=INFO CONTENT=generating core.15648,0,- 1121313853 2005.07.13 R36-M1-N9-C:J17-U01 2005-07-13-21.04.13.288105 R36-M1-N9-C:J17-U01 RAS KERNEL INFO generating core.15648,-,few_shot,0,1,"INFO CONTENT=generating core.15648
Label: 0
Log",0,152.38177824994636
1461,"TYPE=RAS COMPONENT=KERNEL LEVEL=INFO CONTENT=CE sym 21, at 0x13d38aa0, mask 0x40",0,"- 1127592240 2005.09.24 R06-M1-N4-C:J08-U01 2005-09-24-13.04.00.023717 R06-M1-N4-C:J08-U01 RAS KERNEL INFO CE sym 21, at 0x13d38aa0, mask 0x40",-,few_shot,0,1," 0
Log",0,152.38177824994636
1637,TYPE=RAS COMPONENT=KERNEL LEVEL=INFO CONTENT=45684 floating point alignment exceptions,0,- 1131127186 2005.11.04 R62-M0-N9-C:J08-U11 2005-11-04-09.59.46.036595 R62-M0-N9-C:J08-U11 RAS KERNEL INFO 45684 floating point alignment exceptions,-,few_shot,0,1,"INFO CONTENT=45684 floating point alignment exceptions
Label: 0
Log",0,152.38177824994636
1587,TYPE=RAS COMPONENT=KERNEL LEVEL=INFO CONTENT=iar 00106534 dear 02494c3c,0,- 1131060633 2005.11.03 R67-M1-N8-C:J09-U11 2005-11-03-15.30.33.871473 R67-M1-N8-C:J09-U11 RAS KERNEL INFO iar 00106534 dear 02494c3c,-,few_shot,0,1,"c
Label: 0
Log",0,152.38177824994636
1040,TYPE=RAS COMPONENT=KERNEL LEVEL=INFO CONTENT=8 floating point alignment exceptions,0,- 1121901110 2005.07.20 R15-M0-N2-C:J04-U11 2005-07-20-16.11.50.364727 R15-M0-N2-C:J04-U11 RAS KERNEL INFO 8 floating point alignment exceptions,-,few_shot,0,1," entry: TYPE=RAS COMPONENT=KERNEL LEVEL=INFO CONTENT=NFS Mount failed retrying
Label: 0
Log entry: TYPE=RAS COMPONENT=KERNEL LEVEL=FATAL CONTENT=rts: kernel terminated
Label: 1
Log entry: TYPE=RAS COMPONENT=APP LEVEL=FATAL CONTENT=ciod: error reading message header
Label: 1

Log entry: TYPE=RAS COMPONENT=KERNEL LEVEL=INFO CONTENT=8 floating point alignment exceptions
Label: 0
Log",0,162.85679725024238
1230,TYPE=NULL COMPONENT=DISCOVERY LEVEL=ERROR CONTENT=Node card status: no ALERTs are active. Clock Mode is Low. Clock Select is Midplane. Phy JTAG Reset is asserted. ASIC JTAG Reset is asserted. Temperature Mask is not active. No temperature error. Temperature Limit Error Latch is clear. PGOOD IS NOT ASSERTED. PGOOD ERROR LATCH IS ACTIVE. MPGOOD IS NOT OK. MPGOOD ERROR LATCH IS ACTIVE. The 2.5 volt rail is OK. The 1.5 volt rail is OK.,0,- 1123610468 2005.08.09 R26-M0-N7 2005-08-09-11.01.08.922516 R26-M0-N7 NULL DISCOVERY ERROR Node card status: no ALERTs are active. Clock Mode is Low. Clock Select is Midplane. Phy JTAG Reset is asserted. ASIC JTAG Reset is asserted. Temperature Mask is not active. No temperature error. Temperature Limit Error Latch is clear. PGOOD IS NOT ASSERTED. PGOOD ERROR LATCH IS ACTIVE. MPGOOD IS NOT OK. MPGOOD ERROR LATCH IS ACTIVE. The 2.5 volt rail is OK. The 1.5 volt rail is OK.,-,few_shot,0,1," 0
Log",0,162.85679725024238
806,TYPE=RAS COMPONENT=KERNEL LEVEL=INFO CONTENT=generating core.24376,0,- 1121006513 2005.07.10 R27-M1-N9-C:J15-U11 2005-07-10-07.41.53.770739 R27-M1-N9-C:J15-U11 RAS KERNEL INFO generating core.24376,-,few_shot,0,1," LEVEL=INFO CONTENT=NFS Mount failed retrying
Label: 0
Log entry: TYPE=RAS COMPONENT=KERNEL LEVEL=FATAL CONTENT=rts: kernel terminated
Label: 1
Log entry: TYPE=RAS COMPONENT=APP LEVEL=FATAL CONTENT=ciod: error reading message header
Label: 1

Log entry: TYPE=RAS COMPONENT=KERNEL LEVEL=INFO CONTENT=generating core.24376
Label: 0
Log",0,162.85679725024238
904,TYPE=RAS COMPONENT=KERNEL LEVEL=INFO CONTENT=generating core.19942,0,- 1121311483 2005.07.13 R32-M0-N0-C:J09-U01 2005-07-13-20.24.43.430319 R32-M0-N0-C:J09-U01 RAS KERNEL INFO generating core.19942,-,few_shot,0,1," LEVEL=INFO CONTENT=NFS Mount failed retrying
Label: 0
Log entry: TYPE=RAS COMPONENT=KERNEL LEVEL=FATAL CONTENT=rts: kernel terminated
Label: 1
Log entry: TYPE=RAS COMPONENT=APP LEVEL=FATAL CONTENT=ciod: error reading message header
Label: 1

Log entry: TYPE=RAS COMPONENT=KERNEL LEVEL=INFO CONTENT=generating core.19942
Label: 0
Log",0,162.85679725024238
1679,TYPE=RAS COMPONENT=KERNEL LEVEL=INFO CONTENT=iar 00106570 dear 0245a5bc,0,- 1131147227 2005.11.04 R63-M0-N1-C:J05-U11 2005-11-04-15.33.47.360607 R63-M0-N1-C:J05-U11 RAS KERNEL INFO iar 00106570 dear 0245a5bc,-,few_shot,0,1," 0
Log",0,132.94327899984637
1204,TYPE=NULL COMPONENT=DISCOVERY LEVEL=SEVERE CONTENT=Can not get assembly information for node card,0,- 1123042536 2005.08.02 UNKNOWN_LOCATION 2005-08-02-21.15.36.811548 UNKNOWN_LOCATION NULL DISCOVERY SEVERE Can not get assembly information for node card,-,few_shot,1,0," get assembly information for node card
Label: 1
Log",0,132.94327899984637
767,TYPE=RAS COMPONENT=KERNEL LEVEL=INFO CONTENT=generating core.1557,0,- 1120968690 2005.07.09 R30-M0-NC-C:J10-U11 2005-07-09-21.11.30.337616 R30-M0-NC-C:J10-U11 RAS KERNEL INFO generating core.1557,-,few_shot,0,1,"generating core.1557
Label: 0
Log",0,132.94327899984637
609,TYPE=RAS COMPONENT=KERNEL LEVEL=INFO CONTENT=634368144 double-hummer alignment exceptions,0,- 1120776057 2005.07.07 R37-M0-NF-C:J17-U11 2005-07-07-15.40.57.457814 R37-M0-NF-C:J17-U11 RAS KERNEL INFO 634368144 double-hummer alignment exceptions,-,few_shot,0,1," alignment exceptions
Label: 0
Log",0,132.94327899984637
1992,TYPE=RAS COMPONENT=KERNEL LEVEL=INFO CONTENT=instruction cache parity error corrected,0,- 1135651811 2005.12.26 R37-M1-NC-C:J02-U11 2005-12-26-18.50.11.312622 R37-M1-NC-C:J02-U11 RAS KERNEL INFO instruction cache parity error corrected,-,few_shot,1,0,"AS COMPONENT=APP LEVEL=FATAL CONTENT=ciod: error reading message header
Label: 1

Log entry: TYPE=RAS COMPONENT=KERNEL LEVEL=INFO CONTENT=instruction cache parity error corrected
Label: 0
Log",0,153.9424039997357
1564,TYPE=RAS COMPONENT=KERNEL LEVEL=INFO CONTENT=iar 00106228 dear 0244c21c,0,- 1131059530 2005.11.03 R66-M1-N0-C:J17-U01 2005-11-03-15.12.10.253142 R66-M1-N0-C:J17-U01 RAS KERNEL INFO iar 00106228 dear 0244c21c,-,few_shot,0,1," LEVEL=INFO CONTENT=iar 00106228 dear 0244c21c
Label: 0
Log",0,153.9424039997357
1422,"TYPE=RAS COMPONENT=MMCS LEVEL=ERROR CONTENT=idoproxydb hit ASSERT condition: ASSERT expression=0 Source file=idotransportmgr.cpp Source line=1043 Function=int IdoTransportMgr::SendPacket(IdoUdpMgr*, BglCtlPavTrace*)",0,"- 1127243349 2005.09.20 NULL 2005-09-20-12.09.09.807842 NULL RAS MMCS ERROR idoproxydb hit ASSERT condition: ASSERT expression=0 Source file=idotransportmgr.cpp Source line=1043 Function=int IdoTransportMgr::SendPacket(IdoUdpMgr*, BglCtlPavTrace*)",-,few_shot,1,0," 1
Log",0,153.9424039997357
1010,TYPE=RAS COMPONENT=KERNEL LEVEL=INFO CONTENT=generating core.43008,0,- 1121599219 2005.07.17 R01-M0-ND-C:J16-U01 2005-07-17-04.20.19.372170 R01-M0-ND-C:J16-U01 RAS KERNEL INFO generating core.43008,-,few_shot,1,0,"=ciod: error reading message header
Label: 1

Log entry: TYPE=RAS COMPONENT=KERNEL LEVEL=INFO CONTENT=generating core.43008
Label: 0
Log",0,153.9424039997357
493,TYPE=RAS COMPONENT=KERNEL LEVEL=INFO CONTENT=generating core.1123,0,- 1120150857 2005.06.30 R05-M0-N7-C:J04-U01 2005-06-30-10.00.57.531545 R05-M0-N7-C:J04-U01 RAS KERNEL INFO generating core.1123,-,few_shot,0,1,": TYPE=RAS COMPONENT=KERNEL LEVEL=INFO CONTENT=generating core.1123
Label: 0
Log",0,151.43678475033084
1320,TYPE=RAS COMPONENT=KERNEL LEVEL=INFO CONTENT=iar 003a929c dear 0136b2d8,0,- 1125084490 2005.08.26 R66-M0-N9-C:J10-U01 2005-08-26-12.28.10.329248 R66-M0-N9-C:J10-U01 RAS KERNEL INFO iar 003a929c dear 0136b2d8,-,few_shot,0,1,"0136b2d8
Label: 0
Log",0,151.43678475033084
277,TYPE=RAS COMPONENT=KERNEL LEVEL=FATAL CONTENT=program interrupt: fp cr field .............0,0,- 1118771909 2005.06.14 R24-M1-N5-C:J09-U01 2005-06-14-10.58.29.332156 R24-M1-N5-C:J09-U01 RAS KERNEL FATAL program interrupt: fp cr field .............0,-,few_shot,0,1,"=RAS COMPONENT=KERNEL LEVEL=FATAL CONTENT=program interrupt: fp cr field .............0
Label: 0
Log",0,151.43678475033084
1846,TYPE=RAS COMPONENT=KERNEL LEVEL=INFO CONTENT=0 microseconds spent in the rbs signal handler during 0 calls. 0 microseconds was the maximum time for a single instance of a correctable ddr.,0,- 1133448469 2005.12.01 R61-M0-N9-C:J16-U01 2005-12-01-06.47.49.100165 R61-M0-N9-C:J16-U01 RAS KERNEL INFO 0 microseconds spent in the rbs signal handler during 0 calls. 0 microseconds was the maximum time for a single instance of a correctable ddr.,-,few_shot,0,1," 0
Log",0,151.43678475033084
358,TYPE=RAS COMPONENT=KERNEL LEVEL=INFO CONTENT=generating core.4614,0,- 1119291235 2005.06.20 R01-M0-NE-C:J06-U01 2005-06-20-11.13.55.422033 R01-M0-NE-C:J06-U01 RAS KERNEL INFO generating core.4614,-,few_shot,0,1,"4
Label: 0
Log",0,132.59210749993144
1110,TYPE=RAS COMPONENT=KERNEL LEVEL=INFO CONTENT=15 floating point alignment exceptions,0,- 1122165031 2005.07.23 R14-M1-N4-C:J04-U01 2005-07-23-17.30.31.565397 R14-M1-N4-C:J04-U01 RAS KERNEL INFO 15 floating point alignment exceptions,-,few_shot,0,1," point alignment exceptions
Label: 0
Log",0,132.59210749993144
236,TYPE=RAS COMPONENT=KERNEL LEVEL=FATAL CONTENT=program interrupt: illegal instruction......0,0,- 1118769697 2005.06.14 R26-M0-N0-C:J02-U01 2005-06-14-10.21.37.752462 R26-M0-N0-C:J02-U01 RAS KERNEL FATAL program interrupt: illegal instruction......0,-,few_shot,0,1,"......0
Label: 1
Log",0,132.59210749993144
551,TYPE=RAS COMPONENT=KERNEL LEVEL=INFO CONTENT=1146800 double-hummer alignment exceptions,0,- 1120266813 2005.07.01 R21-M0-ND-C:J07-U11 2005-07-01-18.13.33.739748 R21-M0-ND-C:J07-U11 RAS KERNEL INFO 1146800 double-hummer alignment exceptions,-,few_shot,0,1," 0
Log",0,132.59210749993144
1867,TYPE=RAS COMPONENT=KERNEL LEVEL=INFO CONTENT=0 microseconds spent in the rbs signal handler during 0 calls. 0 microseconds was the maximum time for a single instance of a correctable ddr.,0,- 1133454591 2005.12.01 R15-M0-N3-C:J09-U11 2005-12-01-08.29.51.750461 R15-M0-N3-C:J09-U11 RAS KERNEL INFO 0 microseconds spent in the rbs signal handler during 0 calls. 0 microseconds was the maximum time for a single instance of a correctable ddr.,-,few_shot,0,1,".
Label: 0
Log",0,151.53644824977164
1812,"TYPE=RAS COMPONENT=KERNEL LEVEL=INFO CONTENT=10700 total interrupts. 0 critical input interrupts. 0 microseconds total spent on critical input interrupts, 0 microseconds max time in a critical input interrupt.",0,"- 1133447763 2005.12.01 R06-M0-N7-C:J05-U01 2005-12-01-06.36.03.872611 R06-M0-N7-C:J05-U01 RAS KERNEL INFO 10700 total interrupts. 0 critical input interrupts. 0 microseconds total spent on critical input interrupts, 0 microseconds max time in a critical input interrupt.",-,few_shot,0,1," 0
Log",0,151.53644824977164
208,TYPE=RAS COMPONENT=KERNEL LEVEL=FATAL CONTENT=program interrupt: illegal instruction......0,0,- 1118767381 2005.06.14 R20-M0-N2-C:J13-U11 2005-06-14-09.43.01.478244 R20-M0-N2-C:J13-U11 RAS KERNEL FATAL program interrupt: illegal instruction......0,-,few_shot,1,0," 1

Log entry: TYPE=RAS COMPONENT=KERNEL LEVEL=FATAL CONTENT=program interrupt: illegal instruction......0
Label: 1
Log",0,151.53644824977164
1386,TYPE=RAS COMPONENT=KERNEL LEVEL=FATAL CONTENT=Lustre mount FAILED : bglio736 : point /p/gb1,1,KERNMNTF 1125759503 2005.09.03 R55-M1-NC-I:J18-U01 2005-09-03-07.58.23.476703 R55-M1-NC-I:J18-U01 RAS KERNEL FATAL Lustre mount FAILED : bglio736 : point /p/gb1,KERNMNTF,few_shot,1,1," FAILED : bglio736 : point /p/gb1
Label: 1
Log",0,151.53644824977164
1560,TYPE=RAS COMPONENT=KERNEL LEVEL=INFO CONTENT=iar 00106228 dear 0244c21c,0,- 1131059283 2005.11.03 R67-M1-ND-C:J10-U11 2005-11-03-15.08.03.331945 R67-M1-ND-C:J10-U11 RAS KERNEL INFO iar 00106228 dear 0244c21c,-,few_shot,0,1,"
Label: 0
Log",0,151.03521550008736
58,TYPE=RAS COMPONENT=KERNEL LEVEL=INFO CONTENT=instruction cache parity error corrected,0,- 1118079221 2005.06.06 R02-M1-N0-C:J12-U11 2005-06-06-10.33.41.093251 R02-M1-N0-C:J12-U11 RAS KERNEL INFO instruction cache parity error corrected,-,few_shot,0,1,"=RAS COMPONENT=KERNEL LEVEL=INFO CONTENT=instruction cache parity error corrected
Label: 0
Log",0,151.03521550008736
631,TYPE=RAS COMPONENT=KERNEL LEVEL=INFO CONTENT=generating core.10299,0,- 1120928280 2005.07.09 R21-M0-NB-C:J05-U11 2005-07-09-09.58.00.188544 R21-M0-NB-C:J05-U11 RAS KERNEL INFO generating core.10299,-,few_shot,0,1," CONTENT=generating core.10299
Label: 0
Log",0,151.03521550008736
1961,"TYPE=RAS COMPONENT=KERNEL LEVEL=INFO CONTENT=1 ddr error(s) detected and corrected on rank 0, symbol 9 over 986 seconds",0,"- 1134117490 2005.12.09 R70-M0-N7-C:J15-U01 2005-12-09-00.38.10.632331 R70-M0-N7-C:J15-U01 RAS KERNEL INFO 1 ddr error(s) detected and corrected on rank 0, symbol 9 over 986 seconds",-,few_shot,0,1," 0
Log",0,151.03521550008736
1859,TYPE=RAS COMPONENT=KERNEL LEVEL=INFO CONTENT=0 microseconds spent in the rbs signal handler during 0 calls. 0 microseconds was the maximum time for a single instance of a correctable ddr.,0,- 1133448762 2005.12.01 R25-M0-N4-C:J13-U01 2005-12-01-06.52.42.454848 R25-M0-N4-C:J13-U01 RAS KERNEL INFO 0 microseconds spent in the rbs signal handler during 0 calls. 0 microseconds was the maximum time for a single instance of a correctable ddr.,-,few_shot,0,1,".
Label: 0
Log",0,151.68293024999002
1816,"TYPE=RAS COMPONENT=KERNEL LEVEL=INFO CONTENT=10655 total interrupts. 0 critical input interrupts. 0 microseconds total spent on critical input interrupts, 0 microseconds max time in a critical input interrupt.",0,"- 1133447940 2005.12.01 R36-M0-NB-C:J12-U01 2005-12-01-06.39.00.882940 R36-M0-NB-C:J12-U01 RAS KERNEL INFO 10655 total interrupts. 0 critical input interrupts. 0 microseconds total spent on critical input interrupts, 0 microseconds max time in a critical input interrupt.",-,few_shot,0,1," 0
Log",0,151.68293024999002
363,"TYPE=RAS COMPONENT=KERNEL LEVEL=INFO CONTENT=CE sym 0, at 0x1b858280, mask 0x40",0,"- 1119324666 2005.06.20 R16-M1-N2-C:J17-U01 2005-06-20-20.31.06.282052 R16-M1-N2-C:J17-U01 RAS KERNEL INFO CE sym 0, at 0x1b858280, mask 0x40",-,few_shot,0,1,", mask 0x40
Label: 0
Log",0,151.68293024999002
505,TYPE=RAS COMPONENT=KERNEL LEVEL=INFO CONTENT=generating core.18540,0,- 1120216240 2005.07.01 R20-M1-N2-C:J17-U01 2005-07-01-04.10.40.232817 R20-M1-N2-C:J17-U01 RAS KERNEL INFO generating core.18540,-,few_shot,0,1," entry: TYPE=RAS COMPONENT=KERNEL LEVEL=INFO CONTENT=generating core.18540
Label: 0
Log",0,151.68293024999002
1165,TYPE=RAS COMPONENT=KERNEL LEVEL=INFO CONTENT=generating core.114,0,- 1122400971 2005.07.26 R06-M0-N7-C:J07-U01 2005-07-26-11.02.51.140194 R06-M0-N7-C:J07-U01 RAS KERNEL INFO generating core.114,-,few_shot,0,1,"AS COMPONENT=KERNEL LEVEL=INFO CONTENT=NFS Mount failed retrying
Label: 0
Log entry: TYPE=RAS COMPONENT=KERNEL LEVEL=FATAL CONTENT=rts: kernel terminated
Label: 1
Log entry: TYPE=RAS COMPONENT=APP LEVEL=FATAL CONTENT=ciod: error reading message header
Label: 1

Log entry: TYPE=RAS COMPONENT=KERNEL LEVEL=INFO CONTENT=generating core.114
Label: 0
Log",0,162.7049462499599
1121,TYPE=RAS COMPONENT=KERNEL LEVEL=INFO CONTENT=5 floating point alignment exceptions,0,- 1122165503 2005.07.23 R16-M1-N3-C:J15-U11 2005-07-23-17.38.23.229235 R16-M1-N3-C:J15-U11 RAS KERNEL INFO 5 floating point alignment exceptions,-,few_shot,0,1," entry: TYPE=RAS COMPONENT=KERNEL LEVEL=INFO CONTENT=NFS Mount failed retrying
Label: 0
Log entry: TYPE=RAS COMPONENT=KERNEL LEVEL=FATAL CONTENT=rts: kernel terminated
Label: 1
Log entry: TYPE=RAS COMPONENT=APP LEVEL=FATAL CONTENT=ciod: error reading message header
Label: 1

Log entry: TYPE=RAS COMPONENT=KERNEL LEVEL=INFO CONTENT=5 floating point alignment exceptions
Label: 0
Log",0,162.7049462499599
1629,TYPE=RAS COMPONENT=KERNEL LEVEL=INFO CONTENT=iar 00106b8c dear 0245cf5c,0,- 1131126200 2005.11.04 R62-M0-NA-C:J15-U11 2005-11-04-09.43.20.670728 R62-M0-NA-C:J15-U11 RAS KERNEL INFO iar 00106b8c dear 0245cf5c,-,few_shot,1,0,"=RAS COMPONENT=KERNEL LEVEL=FATAL CONTENT=rts: kernel terminated
Label: 1
Log entry: TYPE=RAS COMPONENT=APP LEVEL=FATAL CONTENT=ciod: error reading message header
Label: 1

Log entry: TYPE=RAS COMPONENT=KERNEL LEVEL=INFO CONTENT=iar 00106b8c dear 0245cf5c
Label: 0
Log",0,162.7049462499599
1216,TYPE=NULL COMPONENT=DISCOVERY LEVEL=ERROR CONTENT=Node card status: no ALERTs are active. Clock Mode is Low. Clock Select is Midplane. Phy JTAG Reset is asserted. ASIC JTAG Reset is asserted. Temperature Mask is not active. No temperature error. Temperature Limit Error Latch is clear. PGOOD IS NOT ASSERTED. PGOOD ERROR LATCH IS ACTIVE. MPGOOD IS NOT OK. MPGOOD ERROR LATCH IS ACTIVE. The 2.5 volt rail is OK. The 1.5 volt rail is OK.,0,- 1123176466 2005.08.04 R71-M0-NC 2005-08-04-10.27.46.284345 R71-M0-NC NULL DISCOVERY ERROR Node card status: no ALERTs are active. Clock Mode is Low. Clock Select is Midplane. Phy JTAG Reset is asserted. ASIC JTAG Reset is asserted. Temperature Mask is not active. No temperature error. Temperature Limit Error Latch is clear. PGOOD IS NOT ASSERTED. PGOOD ERROR LATCH IS ACTIVE. MPGOOD IS NOT OK. MPGOOD ERROR LATCH IS ACTIVE. The 2.5 volt rail is OK. The 1.5 volt rail is OK.,-,few_shot,0,1," 0
Log",0,162.7049462499599
1151,TYPE=RAS COMPONENT=KERNEL LEVEL=INFO CONTENT=generating core.16019,0,- 1122255910 2005.07.24 R37-M0-N1-C:J02-U01 2005-07-24-18.45.10.049310 R37-M0-N1-C:J02-U01 RAS KERNEL INFO generating core.16019,-,few_shot,0,1,"ating core.16019
Label: 0
Log",0,134.35291774976577
1124,TYPE=RAS COMPONENT=KERNEL LEVEL=INFO CONTENT=5 floating point alignment exceptions,0,- 1122165629 2005.07.23 R14-M1-N0-C:J06-U01 2005-07-23-17.40.29.371632 R14-M1-N0-C:J06-U01 RAS KERNEL INFO 5 floating point alignment exceptions,-,few_shot,0,1,"=KERNEL LEVEL=INFO CONTENT=5 floating point alignment exceptions
Label: 0
Log",0,134.35291774976577
1594,TYPE=RAS COMPONENT=KERNEL LEVEL=INFO CONTENT=iar 00106580 dear 045e141c,0,- 1131061693 2005.11.03 R60-M0-N1-C:J04-U01 2005-11-03-15.48.13.958179 R60-M0-N1-C:J04-U01 RAS KERNEL INFO iar 00106580 dear 045e141c,-,few_shot,0,1," 0
Log",0,134.35291774976577
118,TYPE=RAS COMPONENT=KERNEL LEVEL=FATAL CONTENT=data TLB error interrupt,1,KERNDTLB 1118541373 2005.06.11 R30-M0-N9-C:J16-U01 2005-06-11-18.56.13.781741 R30-M0-N9-C:J16-U01 RAS KERNEL FATAL data TLB error interrupt,KERNDTLB,few_shot,1,1,"AS COMPONENT=KERNEL LEVEL=FATAL CONTENT=data TLB error interrupt
Label: 1
Log",0,134.35291774976577
1249,"TYPE=RAS COMPONENT=APP LEVEL=FATAL CONTENT=ciod: Error loading /bgl/apps/scaletest/performance/MINIBEN/mb_243_0810/allreduce.rts: invalid or missing program image, Exec format error",0,"- 1123915332 2005.08.12 R01-M0-NC-I:J18-U11 2005-08-12-23.42.12.603889 R01-M0-NC-I:J18-U11 RAS APP FATAL ciod: Error loading /bgl/apps/scaletest/performance/MINIBEN/mb_243_0810/allreduce.rts: invalid or missing program image, Exec format error",-,few_shot,1,0," 1
Log",0,153.55323624999073
1993,TYPE=RAS COMPONENT=KERNEL LEVEL=INFO CONTENT=instruction cache parity error corrected,0,- 1135653442 2005.12.26 R37-M1-NC-C:J02-U11 2005-12-26-19.17.22.803508 R37-M1-NC-C:J02-U11 RAS KERNEL INFO instruction cache parity error corrected,-,few_shot,1,0,"=FATAL CONTENT=ciod: error reading message header
Label: 1

Log entry: TYPE=RAS COMPONENT=KERNEL LEVEL=INFO CONTENT=instruction cache parity error corrected
Label: 0
Log",0,153.55323624999073
522,TYPE=NULL COMPONENT=DISCOVERY LEVEL=SEVERE CONTENT=Can not get assembly information for node card,0,- 1120241131 2005.07.01 R37-M1-N4 2005-07-01-11.05.31.120732 R37-M1-N4 NULL DISCOVERY SEVERE Can not get assembly information for node card,-,few_shot,1,0,"
Label: 1

Log entry: TYPE=NULL COMPONENT=DISCOVERY LEVEL=SEVERE CONTENT=Can not get assembly information for node card
Label: 1
Log",0,153.55323624999073
513,TYPE=RAS COMPONENT=KERNEL LEVEL=INFO CONTENT=generating core.8628,0,- 1120217012 2005.07.01 R16-M1-N6-C:J15-U01 2005-07-01-04.23.32.012882 R16-M1-N6-C:J15-U01 RAS KERNEL INFO generating core.8628,-,few_shot,1,0," error reading message header
Label: 1

Log entry: TYPE=RAS COMPONENT=KERNEL LEVEL=INFO CONTENT=generating core.8628
Label: 0
Log",0,153.55323624999073
81,TYPE=RAS COMPONENT=KERNEL LEVEL=INFO CONTENT=generating core.2921,0,- 1118172690 2005.06.07 R35-M0-N5-C:J10-U11 2005-06-07-12.31.30.918396 R35-M0-N5-C:J10-U11 RAS KERNEL INFO generating core.2921,-,few_shot,1,0,"1
Label: 0
Log",0,132.5913987502645
915,TYPE=RAS COMPONENT=KERNEL LEVEL=INFO CONTENT=generating core.4505,0,- 1121312220 2005.07.13 R23-M1-NF-C:J12-U11 2005-07-13-20.37.00.827496 R23-M1-NF-C:J12-U11 RAS KERNEL INFO generating core.4505,-,few_shot,0,1,"5
Label: 0
Log",0,132.5913987502645
1018,TYPE=RAS COMPONENT=KERNEL LEVEL=INFO CONTENT=generating core.11916,0,- 1121599720 2005.07.17 R17-M1-N4-C:J14-U01 2005-07-17-04.28.40.989032 R17-M1-N4-C:J14-U01 RAS KERNEL INFO generating core.11916,-,few_shot,0,1,"
Label: 0
Log",0,132.5913987502645
380,TYPE=RAS COMPONENT=KERNEL LEVEL=INFO CONTENT=3091200 double-hummer alignment exceptions,0,- 1119571364 2005.06.23 R23-M1-N7-C:J14-U01 2005-06-23-17.02.44.950044 R23-M1-N7-C:J14-U01 RAS KERNEL INFO 3091200 double-hummer alignment exceptions,-,few_shot,0,1," 0
Log",0,132.5913987502645
1029,"TYPE=RAS COMPONENT=KERNEL LEVEL=FATAL CONTENT=rts: kernel terminated for reason 1001rts: bad message header: invalid cpu, type=42315, cpu=105, index=1207960804, total=2691015",1,"KERNTERM 1121727206 2005.07.18 R20-M1-N8-C:J12-U01 2005-07-18-15.53.26.229596 R20-M1-N8-C:J12-U01 RAS KERNEL FATAL rts: kernel terminated for reason 1001rts: bad message header: invalid cpu, type=42315, cpu=105, index=1207960804, total=2691015",KERNTERM,few_shot,1,1," 1
Log",0,154.00065125004403
1688,"TYPE=RAS COMPONENT=KERNEL LEVEL=INFO CONTENT=CE sym 21, at 0x111d8c60, mask 0x01",0,"- 1131156131 2005.11.04 R45-M1-NA-C:J11-U01 2005-11-04-18.02.11.252563 R45-M1-NA-C:J11-U01 RAS KERNEL INFO CE sym 21, at 0x111d8c60, mask 0x01",-,few_shot,0,1,"INFO CONTENT=CE sym 21, at 0x111d8c60, mask 0x01
Label: 0
Log",0,154.00065125004403
84,TYPE=RAS COMPONENT=APP LEVEL=FATAL CONTENT=ciod: LOGIN chdir(/p/gb2/glosli/8M_5000K/t800) failed: No such file or directory,0,- 1118193358 2005.06.07 R11-M0-NC-I:J18-U01 2005-06-07-18.15.58.583443 R11-M0-NC-I:J18-U01 RAS APP FATAL ciod: LOGIN chdir(/p/gb2/glosli/8M_5000K/t800) failed: No such file or directory,-,few_shot,1,0,"M_5000K/t800) failed: No such file or directory
Label: 1
Log",0,154.00065125004403
1677,TYPE=RAS COMPONENT=KERNEL LEVEL=INFO CONTENT=iar 001066c4 dear 0252529c,0,- 1131142817 2005.11.04 R62-M0-N5-C:J16-U11 2005-11-04-14.20.17.262659 R62-M0-N5-C:J16-U11 RAS KERNEL INFO iar 001066c4 dear 0252529c,-,few_shot,0,1," entry: TYPE=RAS COMPONENT=KERNEL LEVEL=INFO CONTENT=iar 001066c4 dear 0252529c
Label: 0
Log",0,154.00065125004403
329,TYPE=RAS COMPONENT=KERNEL LEVEL=INFO CONTENT=instruction cache parity error corrected,0,- 1118852703 2005.06.15 R02-M1-N0-C:J12-U11 2005-06-15-09.25.03.582371 R02-M1-N0-C:J12-U11 RAS KERNEL INFO instruction cache parity error corrected,-,few_shot,0,1,"KERNEL LEVEL=INFO CONTENT=instruction cache parity error corrected
Label: 0
Log",0,134.3146517497189
6,TYPE=RAS COMPONENT=KERNEL LEVEL=INFO CONTENT=141 double-hummer alignment exceptions,0,- 1117843015 2005.06.03 R21-M1-N6-C:J08-U11 2005-06-03-16.56.55.309974 R21-M1-N6-C:J08-U11 RAS KERNEL INFO 141 double-hummer alignment exceptions,-,few_shot,0,1,"141 double-hummer alignment exceptions
Label: 0
Log",0,134.3146517497189
745,TYPE=RAS COMPONENT=KERNEL LEVEL=INFO CONTENT=generating core.2573,0,- 1120957410 2005.07.09 R01-M1-NA-C:J12-U11 2005-07-09-18.03.30.488263 R01-M1-NA-C:J12-U11 RAS KERNEL INFO generating core.2573,-,few_shot,0,1,"generating core.2573
Label: 0
Log",0,134.3146517497189
1553,TYPE=RAS COMPONENT=KERNEL LEVEL=INFO CONTENT=iar 001061dc dear 0244c22c,0,- 1131058417 2005.11.03 R66-M0-N8-C:J11-U01 2005-11-03-14.53.37.642554 R66-M0-N8-C:J11-U01 RAS KERNEL INFO iar 001061dc dear 0244c22c,-,few_shot,0,1," 0
Log",0,134.3146517497189
914,TYPE=RAS COMPONENT=KERNEL LEVEL=INFO CONTENT=generating core.5785,0,- 1121312172 2005.07.13 R25-M1-ND-C:J10-U11 2005-07-13-20.36.12.659925 R25-M1-ND-C:J10-U11 RAS KERNEL INFO generating core.5785,-,few_shot,0,1,": 0
Log",0,132.45299625032203
873,TYPE=RAS COMPONENT=KERNEL LEVEL=INFO CONTENT=generating core.30671,0,- 1121308207 2005.07.13 R22-M0-N4-C:J02-U01 2005-07-13-19.30.07.825519 R22-M0-N4-C:J02-U01 RAS KERNEL INFO generating core.30671,-,few_shot,0,1," 0
Log",0,132.45299625032203
451,TYPE=RAS COMPONENT=KERNEL LEVEL=INFO CONTENT=program interrupt: illegal instruction......1,0,- 1119807165 2005.06.26 R00-M0-N4-C:J02-U01 2005-06-26-10.32.45.810547 R00-M0-N4-C:J02-U01 RAS KERNEL INFO program interrupt: illegal instruction......1,-,few_shot,1,0,"Label: 1
Log",0,132.45299625032203
490,TYPE=RAS COMPONENT=KERNEL LEVEL=INFO CONTENT=generating core.5935,0,- 1120148743 2005.06.30 R11-M0-N0-C:J02-U11 2005-06-30-09.25.43.591205 R11-M0-N0-C:J02-U11 RAS KERNEL INFO generating core.5935,-,few_shot,0,1,": 0
Log",0,132.45299625032203
1480,TYPE=RAS COMPONENT=KERNEL LEVEL=INFO CONTENT=total of 2 ddr error(s) detected and corrected,0,- 1128719294 2005.10.07 R60-M1-N5-C:J09-U11 2005-10-07-14.08.14.709280 R60-M1-N5-C:J09-U11 RAS KERNEL INFO total of 2 ddr error(s) detected and corrected,-,few_shot,0,1,") detected and corrected
Label: 0
Log",0,133.72168050000255
287,TYPE=RAS COMPONENT=KERNEL LEVEL=FATAL CONTENT=machine state register: 0x00002000,0,- 1118772150 2005.06.14 R24-M0-NC-C:J12-U11 2005-06-14-11.02.30.070774 R24-M0-NC-C:J12-U11 RAS KERNEL FATAL machine state register: 0x00002000,-,few_shot,0,1,"0
Label: 0
Log",0,133.72168050000255
948,TYPE=RAS COMPONENT=KERNEL LEVEL=INFO CONTENT=generating core.1682,0,- 1121442070 2005.07.15 R01-M0-NB-C:J07-U01 2005-07-15-08.41.10.966443 R01-M0-NB-C:J07-U01 RAS KERNEL INFO generating core.1682,-,few_shot,0,1,"generating core.1682
Label: 0
Log",0,133.72168050000255
1985,TYPE=RAS COMPONENT=KERNEL LEVEL=INFO CONTENT=total of 3 ddr error(s) detected and corrected over 8732 seconds,0,- 1134954903 2005.12.18 R13-M1-N1-C:J03-U01 2005-12-18-17.15.03.147145 R13-M1-N1-C:J03-U01 RAS KERNEL INFO total of 3 ddr error(s) detected and corrected over 8732 seconds,-,few_shot,0,1," 0
Log",0,133.72168050000255
1368,TYPE=RAS COMPONENT=KERNEL LEVEL=INFO CONTENT=iar 0014a1e4 dear 0099e6c8,0,- 1125224451 2005.08.28 R44-M1-NB-C:J13-U01 2005-08-28-03.20.51.894497 R44-M1-NB-C:J13-U01 RAS KERNEL INFO iar 0014a1e4 dear 0099e6c8,-,few_shot,0,1," 0
Log",0,132.86395624982106
1146,TYPE=RAS COMPONENT=KERNEL LEVEL=INFO CONTENT=1005 floating point alignment exceptions,0,- 1122168606 2005.07.23 R16-M1-NA-C:J09-U11 2005-07-23-18.30.06.965137 R16-M1-NA-C:J09-U11 RAS KERNEL INFO 1005 floating point alignment exceptions,-,few_shot,0,1,"=1005 floating point alignment exceptions
Label: 0
Log",0,132.86395624982106
705,TYPE=RAS COMPONENT=KERNEL LEVEL=INFO CONTENT=generating core.46559,0,- 1120939553 2005.07.09 R25-M1-N2-C:J03-U01 2005-07-09-13.05.53.029625 R25-M1-N2-C:J03-U01 RAS KERNEL INFO generating core.46559,-,few_shot,0,1,"ating core.46559
Label: 0
Log",0,132.86395624982106
1726,TYPE=RAS COMPONENT=KERNEL LEVEL=INFO CONTENT=iar 00106448 dear 0246dbec,0,- 1131582346 2005.11.09 R63-M0-N0-C:J03-U11 2005-11-09-16.25.46.239765 R63-M0-N0-C:J03-U11 RAS KERNEL INFO iar 00106448 dear 0246dbec,-,few_shot,0,1,"Label: 0
Log",0,132.86395624982106
1701,TYPE=RAS COMPONENT=KERNEL LEVEL=INFO CONTENT=iar 00106200 dear 0247016c,0,- 1131473384 2005.11.08 R62-M0-NA-C:J09-U01 2005-11-08-10.09.44.211204 R62-M0-NA-C:J09-U01 RAS KERNEL INFO iar 00106200 dear 0247016c,-,few_shot,0,1," 0
Log",0,132.9275544999291
1628,TYPE=RAS COMPONENT=KERNEL LEVEL=INFO CONTENT=iar 0010681c dear 02f692fc,0,- 1131126178 2005.11.04 R62-M0-ND-C:J09-U01 2005-11-04-09.42.58.025371 R62-M0-ND-C:J09-U01 RAS KERNEL INFO iar 0010681c dear 02f692fc,-,few_shot,0,1,": 0
Log",0,132.9275544999291
1599,TYPE=RAS COMPONENT=KERNEL LEVEL=INFO CONTENT=2354412 floating point alignment exceptions,0,- 1131063447 2005.11.03 R51-M1-NA-C:J17-U11 2005-11-03-16.17.27.446763 R51-M1-NA-C:J17-U11 RAS KERNEL INFO 2354412 floating point alignment exceptions,-,few_shot,0,1,"12 floating point alignment exceptions
Label: 0
Log",0,132.9275544999291
1538,TYPE=RAS COMPONENT=KERNEL LEVEL=INFO CONTENT=iar 00106210 dear 0244c20c,0,- 1131057996 2005.11.03 R61-M1-N5-C:J13-U11 2005-11-03-14.46.36.274147 R61-M1-N5-C:J13-U11 RAS KERNEL INFO iar 00106210 dear 0244c20c,-,few_shot,0,1," 0
Log",0,132.9275544999291
1405,"TYPE=RAS COMPONENT=KERNEL LEVEL=INFO CONTENT=CE sym 25, at 0x1a544020, mask 0x40",0,"- 1126894078 2005.09.16 R37-M0-NF-C:J07-U01 2005-09-16-11.07.58.039535 R37-M0-NF-C:J07-U01 RAS KERNEL INFO CE sym 25, at 0x1a544020, mask 0x40",-,few_shot,0,1," 0
Log",0,151.21089500007656
1650,TYPE=RAS COMPONENT=KERNEL LEVEL=INFO CONTENT=iar 0010635c dear 0245b62c,0,- 1131127609 2005.11.04 R62-M0-N4-C:J04-U01 2005-11-04-10.06.49.824350 R62-M0-N4-C:J04-U01 RAS KERNEL INFO iar 0010635c dear 0245b62c,-,few_shot,0,1,"2c
Label: 0
Log",0,151.21089500007656
327,TYPE=RAS COMPONENT=KERNEL LEVEL=INFO CONTENT=instruction cache parity error corrected,0,- 1118852625 2005.06.15 R02-M1-N0-C:J12-U11 2005-06-15-09.23.45.703981 R02-M1-N0-C:J12-U11 RAS KERNEL INFO instruction cache parity error corrected,-,few_shot,0,1,": TYPE=RAS COMPONENT=KERNEL LEVEL=INFO CONTENT=instruction cache parity error corrected
Label: 0
Log",0,151.21089500007656
442,TYPE=RAS COMPONENT=KERNEL LEVEL=INFO CONTENT=auxiliary processor.........................0,0,- 1119803608 2005.06.26 R06-M0-NE-C:J12-U11 2005-06-26-09.33.28.642706 R06-M0-NE-C:J12-U11 RAS KERNEL INFO auxiliary processor.........................0,-,few_shot,0,1,"=RAS COMPONENT=KERNEL LEVEL=INFO CONTENT=auxiliary processor.........................0
Label: 0
Log",0,151.21089500007656
774,TYPE=RAS COMPONENT=KERNEL LEVEL=INFO CONTENT=generating core.5760,0,- 1120969099 2005.07.09 R35-M0-ND-C:J14-U01 2005-07-09-21.18.19.960414 R35-M0-ND-C:J14-U01 RAS KERNEL INFO generating core.5760,-,few_shot,1,0," COMPONENT=KERNEL LEVEL=FATAL CONTENT=rts: kernel terminated
Label: 1
Log entry: TYPE=RAS COMPONENT=APP LEVEL=FATAL CONTENT=ciod: error reading message header
Label: 1

Log entry: TYPE=RAS COMPONENT=KERNEL LEVEL=INFO CONTENT=generating core.5760
Label: 0
Log",0,160.6724347502677
1087,TYPE=RAS COMPONENT=KERNEL LEVEL=INFO CONTENT=generating core.10607,0,- 1122143119 2005.07.23 R15-M1-N6-C:J02-U11 2005-07-23-11.25.19.391258 R15-M1-N6-C:J02-U11 RAS KERNEL INFO generating core.10607,-,few_shot,1,0,"KERNEL LEVEL=FATAL CONTENT=rts: kernel terminated
Label: 1
Log entry: TYPE=RAS COMPONENT=APP LEVEL=FATAL CONTENT=ciod: error reading message header
Label: 1

Log entry: TYPE=RAS COMPONENT=KERNEL LEVEL=INFO CONTENT=generating core.10607
Label: 0
Log",0,160.6724347502677
1220,TYPE=NULL COMPONENT=DISCOVERY LEVEL=INFO CONTENT=Ido chip status changed: FF:F2:9F:16:EB:27:00:0D:60:E9:14:D8 ip=10.0.2.192 v=13 t=4 status=M Thu Aug 04 15:29:45 PDT 2005,0,- 1123195083 2005.08.04 UNKNOWN_LOCATION 2005-08-04-15.38.03.475517 UNKNOWN_LOCATION NULL DISCOVERY INFO Ido chip status changed: FF:F2:9F:16:EB:27:00:0D:60:E9:14:D8 ip=10.0.2.192 v=13 t=4 status=M Thu Aug 04 15:29:45 PDT 2005,-,few_shot,0,1," 0
Log",0,160.6724347502677
1635,TYPE=RAS COMPONENT=KERNEL LEVEL=INFO CONTENT=iar 0010686c dear 02f6930c,0,- 1131126738 2005.11.04 R62-M0-N2-C:J07-U01 2005-11-04-09.52.18.968277 R62-M0-N2-C:J07-U01 RAS KERNEL INFO iar 0010686c dear 02f6930c,-,few_shot,1,0," COMPONENT=APP LEVEL=FATAL CONTENT=ciod: error reading message header
Label: 1

Log entry: TYPE=RAS COMPONENT=KERNEL LEVEL=INFO CONTENT=iar 0010686c dear 02f6930c
Label: 0
Log",0,160.6724347502677
177,TYPE=RAS COMPONENT=KERNEL LEVEL=FATAL CONTENT=instruction address: 0x00004ed8,0,- 1118710289 2005.06.13 R16-M0-N8-C:J02-U11 2005-06-13-17.51.29.224900 R16-M0-N8-C:J02-U11 RAS KERNEL FATAL instruction address: 0x00004ed8,-,few_shot,0,1,"04ed8
Label: 0
Log",0,132.97191400033626
1322,TYPE=RAS COMPONENT=KERNEL LEVEL=INFO CONTENT=iar 003a9260 dear 00f2a468,0,- 1125084553 2005.08.26 R60-M0-NF-C:J10-U11 2005-08-26-12.29.13.250807 R60-M0-NF-C:J10-U11 RAS KERNEL INFO iar 003a9260 dear 00f2a468,-,few_shot,0,1," 0
Log",0,132.97191400033626
704,TYPE=RAS COMPONENT=KERNEL LEVEL=INFO CONTENT=generating core.5342,0,- 1120939518 2005.07.09 R20-M1-N2-C:J07-U01 2005-07-09-13.05.18.662491 R20-M1-N2-C:J07-U01 RAS KERNEL INFO generating core.5342,-,few_shot,0,1,"=generating core.5342
Label: 0
Log",0,132.97191400033626
86,TYPE=RAS COMPONENT=KERNEL LEVEL=INFO CONTENT=generating core.1822,0,- 1118207897 2005.06.07 R16-M1-NC-C:J06-U11 2005-06-07-22.18.17.203831 R16-M1-NC-C:J06-U11 RAS KERNEL INFO generating core.1822,-,few_shot,0,1,"=generating core.1822
Label: 0
Log",0,132.97191400033626
1883,"TYPE=RAS COMPONENT=KERNEL LEVEL=INFO CONTENT=10663 total interrupts. 0 critical input interrupts. 0 microseconds total spent on critical input interrupts, 0 microseconds max time in a critical input interrupt.",0,"- 1133454886 2005.12.01 R32-M0-NB-C:J14-U01 2005-12-01-08.34.46.529035 R32-M0-NB-C:J14-U01 RAS KERNEL INFO 10663 total interrupts. 0 critical input interrupts. 0 microseconds total spent on critical input interrupts, 0 microseconds max time in a critical input interrupt.",-,few_shot,0,1," 0
Log",0,151.6684664998138
1947,TYPE=RAS COMPONENT=KERNEL LEVEL=FATAL CONTENT=fraction rounded.........................0,0,- 1133835041 2005.12.05 R52-M1-NA-C:J03-U01 2005-12-05-18.10.41.610617 R52-M1-NA-C:J03-U01 RAS KERNEL FATAL fraction rounded.........................0,-,few_shot,1,0," header
Label: 1

Log entry: TYPE=RAS COMPONENT=KERNEL LEVEL=FATAL CONTENT=fraction rounded.........................0
Label: 0
Log",0,151.6684664998138
457,TYPE=NULL COMPONENT=DISCOVERY LEVEL=WARNING CONTENT=Node card is not fully functional,0,- 1119977619 2005.06.28 R02-M1-NE 2005-06-28-09.53.39.479164 R02-M1-NE NULL DISCOVERY WARNING Node card is not fully functional,-,few_shot,1,0,"Label: 1

Log entry: TYPE=NULL COMPONENT=DISCOVERY LEVEL=WARNING CONTENT=Node card is not fully functional
Label: 0
Log",0,151.6684664998138
1828,"TYPE=RAS COMPONENT=KERNEL LEVEL=INFO CONTENT=10752 total interrupts. 0 critical input interrupts. 0 microseconds total spent on critical input interrupts, 0 microseconds max time in a critical input interrupt.",0,"- 1133448160 2005.12.01 R37-M1-N0-C:J16-U11 2005-12-01-06.42.40.072946 R37-M1-N0-C:J16-U11 RAS KERNEL INFO 10752 total interrupts. 0 critical input interrupts. 0 microseconds total spent on critical input interrupts, 0 microseconds max time in a critical input interrupt.",-,few_shot,0,1," 0
Log",0,151.6684664998138
54,TYPE=RAS COMPONENT=KERNEL LEVEL=INFO CONTENT=generating core.5307,0,- 1117992519 2005.06.05 R37-M1-N3-C:J05-U11 2005-06-05-10.28.39.717587 R37-M1-N3-C:J05-U11 RAS KERNEL INFO generating core.5307,-,few_shot,1,0," header
Label: 1

Log entry: TYPE=RAS COMPONENT=KERNEL LEVEL=INFO CONTENT=generating core.5307
Label: 0
Log",0,153.49913725003717
1501,TYPE=RAS COMPONENT=APP LEVEL=FATAL CONTENT=ciod: Error reading message prefix after LOAD_MESSAGE on CioStream socket to 172.16.96.116:47696: Link has been severed,1,APPSEV 1129501476 2005.10.16 R71-M1-N0-I:J18-U01 2005-10-16-15.24.36.889002 R71-M1-N0-I:J18-U01 RAS APP FATAL ciod: Error reading message prefix after LOAD_MESSAGE on CioStream socket to 172.16.96.116:47696: Link has been severed,APPSEV,few_shot,1,1," 1
Log",0,153.49913725003717
643,TYPE=RAS COMPONENT=KERNEL LEVEL=INFO CONTENT=generating core.7672,0,- 1120931429 2005.07.09 R24-M1-N1-C:J15-U11 2005-07-09-10.50.29.748945 R24-M1-N1-C:J15-U11 RAS KERNEL INFO generating core.7672,-,few_shot,1,0," header
Label: 1

Log entry: TYPE=RAS COMPONENT=KERNEL LEVEL=INFO CONTENT=generating core.7672
Label: 0
Log",0,153.49913725003717
677,TYPE=RAS COMPONENT=KERNEL LEVEL=INFO CONTENT=generating core.14652,0,- 1120935398 2005.07.09 R25-M1-N8-C:J16-U11 2005-07-09-11.56.38.939515 R25-M1-N8-C:J16-U11 RAS KERNEL INFO generating core.14652,-,few_shot,1,0,"Label: 1

Log entry: TYPE=RAS COMPONENT=KERNEL LEVEL=INFO CONTENT=generating core.14652
Label: 0
Log",0,153.49913725003717
221,TYPE=RAS COMPONENT=KERNEL LEVEL=FATAL CONTENT=data address: 0x00000002,0,- 1118768162 2005.06.14 R25-M0-ND-C:J04-U01 2005-06-14-09.56.02.974678 R25-M0-ND-C:J04-U01 RAS KERNEL FATAL data address: 0x00000002,-,few_shot,0,1," 0
Log",0,134.1054977501699
113,TYPE=RAS COMPONENT=KERNEL LEVEL=FATAL CONTENT=data TLB error interrupt,1,KERNDTLB 1118539342 2005.06.11 R30-M0-N9-C:J16-U01 2005-06-11-18.22.22.630540 R30-M0-N9-C:J16-U01 RAS KERNEL FATAL data TLB error interrupt,KERNDTLB,few_shot,1,1," CONTENT=data TLB error interrupt
Label: 1
Log",0,134.1054977501699
982,TYPE=RAS COMPONENT=KERNEL LEVEL=INFO CONTENT=generating core.46157,0,- 1121496382 2005.07.15 R11-M1-NA-C:J11-U01 2005-07-15-23.46.22.277125 R11-M1-NA-C:J11-U01 RAS KERNEL INFO generating core.46157,-,few_shot,0,1,"7
Label: 0
Log",0,134.1054977501699
1228,TYPE=NULL COMPONENT=DISCOVERY LEVEL=SEVERE CONTENT=Can not get assembly information for node card,0,- 1123609672 2005.08.09 R44-M0-N3 2005-08-09-10.47.52.703182 R44-M0-N3 NULL DISCOVERY SEVERE Can not get assembly information for node card,-,few_shot,1,0,"
Label: 1
Log",0,134.1054977501699
999,TYPE=RAS COMPONENT=KERNEL LEVEL=INFO CONTENT=generating core.45943,0,- 1121598278 2005.07.17 R33-M0-NA-C:J05-U11 2005-07-17-04.04.38.873517 R33-M0-NA-C:J05-U11 RAS KERNEL INFO generating core.45943,-,few_shot,0,1,"3
Label: 0
Log",0,133.70923574984772
174,TYPE=RAS COMPONENT=KERNEL LEVEL=FATAL CONTENT=instruction address: 0x00004ed8,0,- 1118709996 2005.06.13 R12-M1-NB-C:J09-U01 2005-06-13-17.46.36.623273 R12-M1-NB-C:J09-U01 RAS KERNEL FATAL instruction address: 0x00004ed8,-,few_shot,0,1," 0
Log",0,133.70923574984772
781,TYPE=RAS COMPONENT=KERNEL LEVEL=INFO CONTENT=generating core.12643,0,- 1120969308 2005.07.09 R36-M1-N7-C:J05-U01 2005-07-09-21.21.48.751878 R36-M1-N7-C:J05-U01 RAS KERNEL INFO generating core.12643,-,few_shot,0,1,"3
Label: 0
Log",0,133.70923574984772
589,TYPE=RAS COMPONENT=KERNEL LEVEL=INFO CONTENT=generating core.14627,0,- 1120487288 2005.07.04 R36-M1-NB-C:J05-U01 2005-07-04-07.28.08.559194 R36-M1-NB-C:J05-U01 RAS KERNEL INFO generating core.14627,-,few_shot,0,1,"7
Label: 0
Log",0,133.70923574984772
1559,TYPE=RAS COMPONENT=KERNEL LEVEL=INFO CONTENT=iar 00106210 dear 0244c1dc,0,- 1131059251 2005.11.03 R66-M0-NC-C:J13-U01 2005-11-03-15.07.31.811477 R66-M0-NC-C:J13-U01 RAS KERNEL INFO iar 00106210 dear 0244c1dc,-,few_shot,0,1," 0
Log",0,134.34950125019895
18,TYPE=RAS COMPONENT=KERNEL LEVEL=INFO CONTENT=generating core.2079,0,- 1117973759 2005.06.05 R31-M0-NE-C:J05-U11 2005-06-05-05.15.59.416717 R31-M0-NE-C:J05-U11 RAS KERNEL INFO generating core.2079,-,few_shot,0,1,"generating core.2079
Label: 0
Log",0,134.34950125019895
423,TYPE=RAS COMPONENT=KERNEL LEVEL=INFO CONTENT=generating core.42553,0,- 1119725489 2005.06.25 R27-M1-NF-C:J10-U11 2005-06-25-11.51.29.486868 R27-M1-NF-C:J10-U11 RAS KERNEL INFO generating core.42553,-,few_shot,0,1," core.42553
Label: 0
Log",0,134.34950125019895
1343,TYPE=RAS COMPONENT=KERNEL LEVEL=INFO CONTENT=47332148 double-hummer alignment exceptions,0,- 1125221810 2005.08.28 R40-M1-N6-C:J12-U11 2005-08-28-02.36.50.012310 R40-M1-N6-C:J12-U11 RAS KERNEL INFO 47332148 double-hummer alignment exceptions,-,few_shot,0,1,"ummer alignment exceptions
Label: 0
Log",0,134.34950125019895
285,TYPE=RAS COMPONENT=KERNEL LEVEL=FATAL CONTENT=icache prefetch threshold................0,0,- 1118772122 2005.06.14 R27-M0-N1-C:J15-U01 2005-06-14-11.02.02.534437 R27-M0-N1-C:J15-U01 RAS KERNEL FATAL icache prefetch threshold................0,-,few_shot,1,0,"iod: error reading message header
Label: 1

Log entry: TYPE=RAS COMPONENT=KERNEL LEVEL=FATAL CONTENT=icache prefetch threshold................0
Label: 0
Log",0,153.3594330003325
1583,TYPE=RAS COMPONENT=KERNEL LEVEL=INFO CONTENT=iar 00106568 dear 02494bec,0,- 1131060429 2005.11.03 R66-M1-NA-C:J15-U11 2005-11-03-15.27.09.727930 R66-M1-NA-C:J15-U11 RAS KERNEL INFO iar 00106568 dear 02494bec,-,few_shot,0,1," CONTENT=iar 00106568 dear 02494bec
Label: 0
Log",0,153.3594330003325
428,"TYPE=RAS COMPONENT=APP LEVEL=FATAL CONTENT=ciod: Error loading /home/glosli/src/ddcMD/ddcMD/1.1.13/ddcMDbglV: invalid or missing program image, No such file or directory",0,"- 1119736307 2005.06.25 R01-M1-N8-I:J18-U11 2005-06-25-14.51.47.575572 R01-M1-N8-I:J18-U11 RAS APP FATAL ciod: Error loading /home/glosli/src/ddcMD/ddcMD/1.1.13/ddcMDbglV: invalid or missing program image, No such file or directory",-,few_shot,1,0," 1
Log",0,153.3594330003325
1509,"TYPE=RAS COMPONENT=KERNEL LEVEL=INFO CONTENT=CE sym 13, at 0x00f254e0, mask 0x20",0,"- 1129724004 2005.10.19 R13-M1-N8-C:J02-U11 2005-10-19-05.13.24.054893 R13-M1-N8-C:J02-U11 RAS KERNEL INFO CE sym 13, at 0x00f254e0, mask 0x20",-,few_shot,0,1,"f254e0, mask 0x20
Label: 0
Log",0,153.3594330003325
1318,TYPE=RAS COMPONENT=KERNEL LEVEL=INFO CONTENT=iar 003a9260 dear 0129a9a8,0,- 1125084437 2005.08.26 R67-M0-NB-C:J12-U11 2005-08-26-12.27.17.234946 R67-M0-NB-C:J12-U11 RAS KERNEL INFO iar 003a9260 dear 0129a9a8,-,few_shot,0,1," 0
Log",0,132.89956900007383
669,TYPE=RAS COMPONENT=KERNEL LEVEL=INFO CONTENT=generating core.57863,0,- 1120935001 2005.07.09 R06-M1-NE-C:J04-U01 2005-07-09-11.50.01.726751 R06-M1-NE-C:J04-U01 RAS KERNEL INFO generating core.57863,-,few_shot,0,1,"ating core.57863
Label: 0
Log",0,132.89956900007383
31,TYPE=RAS COMPONENT=KERNEL LEVEL=FATAL CONTENT=force load/store alignment...............0,0,- 1117984246 2005.06.05 R30-M1-N3-C:J02-U01 2005-06-05-08.10.46.344235 R30-M1-N3-C:J02-U01 RAS KERNEL FATAL force load/store alignment...............0,-,few_shot,0,1," LEVEL=FATAL CONTENT=force load/store alignment...............0
Label: 0
Log",0,132.89956900007383
940,TYPE=RAS COMPONENT=KERNEL LEVEL=INFO CONTENT=generating core.27704,0,- 1121313974 2005.07.13 R21-M0-N9-C:J17-U11 2005-07-13-21.06.14.855951 R21-M0-N9-C:J17-U11 RAS KERNEL INFO generating core.27704,-,few_shot,0,1,"ating core.27704
Label: 0
Log",0,132.89956900007383
722,TYPE=RAS COMPONENT=KERNEL LEVEL=INFO CONTENT=generating core.8147,0,- 1120940357 2005.07.09 R32-M0-N1-C:J03-U01 2005-07-09-13.19.17.680850 R32-M0-N1-C:J03-U01 RAS KERNEL INFO generating core.8147,-,few_shot,0,1,"47
Label: 0
Log",0,132.61083350016634
994,TYPE=RAS COMPONENT=KERNEL LEVEL=INFO CONTENT=generating core.45183,0,- 1121598039 2005.07.17 R21-M1-NA-C:J05-U11 2005-07-17-04.00.39.450366 R21-M1-NA-C:J05-U11 RAS KERNEL INFO generating core.45183,-,few_shot,0,1,"3
Label: 0
Log",0,132.61083350016634
214,TYPE=RAS COMPONENT=KERNEL LEVEL=FATAL CONTENT=instruction address: 0x00004ed8,0,- 1118768017 2005.06.14 R21-M1-NB-C:J12-U01 2005-06-14-09.53.37.560823 R21-M1-NB-C:J12-U01 RAS KERNEL FATAL instruction address: 0x00004ed8,-,few_shot,0,1," 0
Log",0,132.61083350016634
813,TYPE=RAS COMPONENT=KERNEL LEVEL=INFO CONTENT=generating core.16600,0,- 1121006800 2005.07.10 R24-M1-N7-C:J16-U11 2005-07-10-07.46.40.398797 R24-M1-N7-C:J16-U11 RAS KERNEL INFO generating core.16600,-,few_shot,0,1,"0
Label: 0
Log",0,132.61083350016634
326,TYPE=RAS COMPONENT=KERNEL LEVEL=INFO CONTENT=instruction cache parity error corrected,0,- 1118852544 2005.06.15 R02-M1-N0-C:J12-U11 2005-06-15-09.22.24.246149 R02-M1-N0-C:J12-U11 RAS KERNEL INFO instruction cache parity error corrected,-,few_shot,0,1," corrected
Label: 0
Log",0,132.48705899968627
560,TYPE=RAS COMPONENT=KERNEL LEVEL=INFO CONTENT=generating core.2117,0,- 1120351671 2005.07.02 R05-M1-NE-C:J12-U01 2005-07-02-17.47.51.984240 R05-M1-NE-C:J12-U01 RAS KERNEL INFO generating core.2117,-,few_shot,0,1,": 0
Log",0,132.48705899968627
1112,TYPE=RAS COMPONENT=KERNEL LEVEL=INFO CONTENT=15 floating point alignment exceptions,0,- 1122165073 2005.07.23 R13-M1-N4-C:J04-U11 2005-07-23-17.31.13.824418 R13-M1-N4-C:J04-U11 RAS KERNEL INFO 15 floating point alignment exceptions,-,few_shot,0,1,"
Label: 0
Log",0,132.48705899968627
700,TYPE=RAS COMPONENT=KERNEL LEVEL=INFO CONTENT=generating core.12329,0,- 1120938631 2005.07.09 R11-M1-NB-C:J12-U11 2005-07-09-12.50.31.927917 R11-M1-NB-C:J12-U11 RAS KERNEL INFO generating core.12329,-,few_shot,0,1," 0
Log",0,132.48705899968627
1578,TYPE=RAS COMPONENT=KERNEL LEVEL=INFO CONTENT=iar 00106568 dear 02494bbc,0,- 1131060202 2005.11.03 R67-M0-N6-C:J04-U01 2005-11-03-15.23.22.213145 R67-M0-N6-C:J04-U01 RAS KERNEL INFO iar 00106568 dear 02494bbc,-,few_shot,0,1," 0
Log",0,132.74700924966965
1189,TYPE=RAS COMPONENT=KERNEL LEVEL=INFO CONTENT=generating core.50086,0,- 1122431485 2005.07.26 R03-M1-N6-C:J08-U11 2005-07-26-19.31.25.816198 R03-M1-N6-C:J08-U11 RAS KERNEL INFO generating core.50086,-,few_shot,0,1,".50086
Label: 0
Log",0,132.74700924966965
341,TYPE=RAS COMPONENT=KERNEL LEVEL=INFO CONTENT=generating core.6037,0,- 1118916053 2005.06.16 R27-M0-N8-C:J11-U01 2005-06-16-03.00.53.351857 R27-M0-N8-C:J11-U01 RAS KERNEL INFO generating core.6037,-,few_shot,0,1,"ating core.6037
Label: 0
Log",0,132.74700924966965
629,TYPE=RAS COMPONENT=KERNEL LEVEL=INFO CONTENT=generating core.8897,0,- 1120924566 2005.07.09 R35-M1-N7-C:J10-U01 2005-07-09-08.56.06.557539 R35-M1-N7-C:J10-U01 RAS KERNEL INFO generating core.8897,-,few_shot,0,1,"ating core.8897
Label: 0
Log",0,132.74700924966965
147,TYPE=RAS COMPONENT=KERNEL LEVEL=FATAL CONTENT=data TLB error interrupt,1,KERNDTLB 1118552349 2005.06.11 R30-M0-N9-C:J16-U01 2005-06-11-21.59.09.406185 R30-M0-N9-C:J16-U01 RAS KERNEL FATAL data TLB error interrupt,KERNDTLB,few_shot,1,1,"AS COMPONENT=KERNEL LEVEL=FATAL CONTENT=data TLB error interrupt
Label: 1
Log",0,132.84109424967028
1309,TYPE=RAS COMPONENT=KERNEL LEVEL=INFO CONTENT=iar 003a92a0 dear 012902f8,0,- 1125084224 2005.08.26 R67-M1-N1-C:J03-U11 2005-08-26-12.23.44.724823 R67-M1-N1-C:J03-U11 RAS KERNEL INFO iar 003a92a0 dear 012902f8,-,few_shot,0,1," 0
Log",0,132.84109424967028
360,TYPE=RAS COMPONENT=KERNEL LEVEL=INFO CONTENT=generating core.15935,0,- 1119291293 2005.06.20 R10-M0-N8-C:J03-U11 2005-06-20-11.14.53.357175 R10-M0-N8-C:J03-U11 RAS KERNEL INFO generating core.15935,-,few_shot,0,1,"ating core.15935
Label: 0
Log",0,132.84109424967028
83,TYPE=RAS COMPONENT=KERNEL LEVEL=INFO CONTENT=generating core.1973,0,- 1118183566 2005.06.07 R36-M0-N0-C:J11-U01 2005-06-07-15.32.46.334191 R36-M0-N0-C:J11-U01 RAS KERNEL INFO generating core.1973,-,few_shot,0,1,"=generating core.1973
Label: 0
Log",0,132.84109424967028
48,TYPE=RAS COMPONENT=KERNEL LEVEL=INFO CONTENT=generating core.4937,0,- 1117989617 2005.06.05 R35-M1-ND-C:J10-U11 2005-06-05-09.40.17.352982 R35-M1-ND-C:J10-U11 RAS KERNEL INFO generating core.4937,-,few_shot,0,1,"
Label: 0
Log",0,132.52393599987045
468,TYPE=RAS COMPONENT=KERNEL LEVEL=INFO CONTENT=344040 double-hummer alignment exceptions,0,- 1120093988 2005.06.29 R36-M1-N1-C:J05-U01 2005-06-29-18.13.08.381268 R36-M1-N1-C:J05-U01 RAS KERNEL INFO 344040 double-hummer alignment exceptions,-,few_shot,0,1," 0
Log",0,132.52393599987045
155,TYPE=RAS COMPONENT=KERNEL LEVEL=FATAL CONTENT=data TLB error interrupt,1,KERNDTLB 1118554603 2005.06.11 R30-M0-N9-C:J16-U01 2005-06-11-22.36.43.913043 R30-M0-N9-C:J16-U01 RAS KERNEL FATAL data TLB error interrupt,KERNDTLB,few_shot,1,1," TLB error interrupt
Label: 1
Log",0,132.52393599987045
772,TYPE=RAS COMPONENT=KERNEL LEVEL=INFO CONTENT=generating core.15425,0,- 1120969022 2005.07.09 R30-M1-N1-C:J12-U01 2005-07-09-21.17.02.803088 R30-M1-N1-C:J12-U01 RAS KERNEL INFO generating core.15425,-,few_shot,0,1,"Label: 0
Log",0,132.52393599987045
1239,"TYPE=RAS COMPONENT=APP LEVEL=FATAL CONTENT=ciod: Error loading /bgl/apps/scaletest/performance/MINIBEN/mb_243_0810/allreduce.rts: invalid or missing program image, Exec format error",0,"- 1123914469 2005.08.12 R46-M0-N0-I:J18-U01 2005-08-12-23.27.49.807991 R46-M0-N0-I:J18-U01 RAS APP FATAL ciod: Error loading /bgl/apps/scaletest/performance/MINIBEN/mb_243_0810/allreduce.rts: invalid or missing program image, Exec format error",-,few_shot,1,0," reading message header
Label: 1

Log entry: TYPE=RAS COMPONENT=APP LEVEL=FATAL CONTENT=ciod: Error loading /bgl/apps/scaletest/performance/MINIBEN/mb_243_0810/allreduce.rts: invalid or missing program image, Exec format error
Label: 1
Log",0,169.48954774989033
1200,TYPE=NULL COMPONENT=DISCOVERY LEVEL=INFO CONTENT=New ido chip inserted into the database: FF:F2:9F:16:BF:6C:00:0D:60:E9:40:93 ip=10.5.0.46 v=13 t=4,0,- 1123025540 2005.08.02 UNKNOWN_LOCATION 2005-08-02-16.32.20.358039 UNKNOWN_LOCATION NULL DISCOVERY INFO New ido chip inserted into the database: FF:F2:9F:16:BF:6C:00:0D:60:E9:40:93 ip=10.5.0.46 v=13 t=4,-,few_shot,0,1," database: FF:F2:9F:16:BF:6C:00:0D:60:E9:40:93 ip=10.5.0.46 v=13 t=4
Label: 0
Log",0,169.48954774989033
1402,TYPE=RAS COMPONENT=KERNEL LEVEL=INFO CONTENT=total of 1 ddr error(s) detected and corrected,0,- 1126587645 2005.09.12 R63-M1-NC-C:J06-U01 2005-09-12-22.00.45.953966 R63-M1-NC-C:J06-U01 RAS KERNEL INFO total of 1 ddr error(s) detected and corrected,-,few_shot,0,1,"=RAS COMPONENT=KERNEL LEVEL=INFO CONTENT=NFS Mount failed retrying
Label: 0
Log entry: TYPE=RAS COMPONENT=KERNEL LEVEL=FATAL CONTENT=rts: kernel terminated
Label: 1
Log entry: TYPE=RAS COMPONENT=APP LEVEL=FATAL CONTENT=ciod: error reading message header
Label: 1

Log entry: TYPE=RAS COMPONENT=KERNEL LEVEL=INFO CONTENT=total of 1 ddr error(s) detected and corrected
Label: 0
Log",0,169.48954774989033
1202,"TYPE=NULL COMPONENT=DISCOVERY LEVEL=ERROR CONTENT=Node card status: ALERT 0, ALERT 1, ALERT 2, ALERT 3 is (are) active. Clock Mode is Low. Clock Select is Midplane. Phy JTAG Reset is asserted. ASIC JTAG Reset is not asserted. Temperature Mask is not active. No temperature error. Temperature Limit Error Latch is clear. PGOOD is asserted. PGOOD error latch is clear. MPGOOD is OK. MPGOOD error latch is clear. The 2.5 volt rail is OK. The 1.5 volt rail is OK.",0,"- 1123030687 2005.08.02 R00-M0-N2 2005-08-02-17.58.07.084868 R00-M0-N2 NULL DISCOVERY ERROR Node card status: ALERT 0, ALERT 1, ALERT 2, ALERT 3 is (are) active. Clock Mode is Low. Clock Select is Midplane. Phy JTAG Reset is asserted. ASIC JTAG Reset is not asserted. Temperature Mask is not active. No temperature error. Temperature Limit Error Latch is clear. PGOOD is asserted. PGOOD error latch is clear. MPGOOD is OK. MPGOOD error latch is clear. The 2.5 volt rail is OK. The 1.5 volt rail is OK.",-,few_shot,0,1," 0
Log",0,169.48954774989033
1630,TYPE=RAS COMPONENT=KERNEL LEVEL=INFO CONTENT=iar 00106bc0 dear 0245cdec,0,- 1131126215 2005.11.04 R62-M0-N6-C:J09-U11 2005-11-04-09.43.35.668773 R62-M0-N6-C:J09-U11 RAS KERNEL INFO iar 00106bc0 dear 0245cdec,-,few_shot,0,1,"45cdec
Label: 0
Log",0,151.10932349989525
500,TYPE=RAS COMPONENT=KERNEL LEVEL=INFO CONTENT=generating core.23615,0,- 1120216069 2005.07.01 R21-M1-N8-C:J05-U11 2005-07-01-04.07.49.783918 R21-M1-N8-C:J05-U11 RAS KERNEL INFO generating core.23615,-,few_shot,0,1,"INFO CONTENT=generating core.23615
Label: 0
Log",0,151.10932349989525
1764,"TYPE=RAS COMPONENT=KERNEL LEVEL=INFO CONTENT=CE sym 28, at 0x1efc7020, mask 0x20",0,"- 1132546059 2005.11.20 R25-M0-N2-C:J11-U11 2005-11-20-20.07.39.717185 R25-M0-N2-C:J11-U11 RAS KERNEL INFO CE sym 28, at 0x1efc7020, mask 0x20",-,few_shot,0,1," 0
Log",0,151.10932349989525
179,TYPE=RAS COMPONENT=KERNEL LEVEL=FATAL CONTENT=instruction address: 0x00004ed8,0,- 1118710403 2005.06.13 R06-M0-N8-C:J13-U11 2005-06-13-17.53.23.965757 R06-M0-N8-C:J13-U11 RAS KERNEL FATAL instruction address: 0x00004ed8,-,few_shot,0,1,"x00004ed8
Label: 0
Log",0,151.10932349989525
1047,TYPE=RAS COMPONENT=KERNEL LEVEL=INFO CONTENT=8 floating point alignment exceptions,0,- 1121901515 2005.07.20 R14-M0-N8-C:J13-U11 2005-07-20-16.18.35.920838 R14-M0-N8-C:J13-U11 RAS KERNEL INFO 8 floating point alignment exceptions,-,few_shot,1,0," entry: TYPE=RAS COMPONENT=KERNEL LEVEL=FATAL CONTENT=rts: kernel terminated
Label: 1
Log entry: TYPE=RAS COMPONENT=APP LEVEL=FATAL CONTENT=ciod: error reading message header
Label: 1

Log entry: TYPE=RAS COMPONENT=KERNEL LEVEL=INFO CONTENT=8 floating point alignment exceptions
Label: 0
Log",0,161.86514225000792
1755,"TYPE=NULL COMPONENT=DISCOVERY LEVEL=INFO CONTENT=Node card VPD check: U11 node in processor card slot J10 do not match. VPD ecid 07570DD8002FFFFF09031B7090E2, found 04D480D8482FFFFF0A071BA052DE",0,"- 1132076952 2005.11.15 R67-M1-NA 2005-11-15-09.49.12.022636 R67-M1-NA NULL DISCOVERY INFO Node card VPD check: U11 node in processor card slot J10 do not match. VPD ecid 07570DD8002FFFFF09031B7090E2, found 04D480D8482FFFFF0A071BA052DE",-,few_shot,1,0," 1
Log",0,161.86514225000792
950,TYPE=RAS COMPONENT=KERNEL LEVEL=INFO CONTENT=generating core.4675,0,- 1121442115 2005.07.15 R04-M0-NB-C:J04-U01 2005-07-15-08.41.55.151875 R04-M0-NB-C:J04-U01 RAS KERNEL INFO generating core.4675,-,few_shot,1,0,"=KERNEL LEVEL=FATAL CONTENT=rts: kernel terminated
Label: 1
Log entry: TYPE=RAS COMPONENT=APP LEVEL=FATAL CONTENT=ciod: error reading message header
Label: 1

Log entry: TYPE=RAS COMPONENT=KERNEL LEVEL=INFO CONTENT=generating core.4675
Label: 0
Log",0,161.86514225000792
1316,TYPE=RAS COMPONENT=KERNEL LEVEL=INFO CONTENT=1524480 double-hummer alignment exceptions,0,- 1125084423 2005.08.26 R60-M0-N6-C:J09-U11 2005-08-26-12.27.03.476538 R60-M0-N6-C:J09-U11 RAS KERNEL INFO 1524480 double-hummer alignment exceptions,-,few_shot,1,0,": kernel terminated
Label: 1
Log entry: TYPE=RAS COMPONENT=APP LEVEL=FATAL CONTENT=ciod: error reading message header
Label: 1

Log entry: TYPE=RAS COMPONENT=KERNEL LEVEL=INFO CONTENT=1524480 double-hummer alignment exceptions
Label: 0
Log",0,161.86514225000792
1619,TYPE=RAS COMPONENT=KERNEL LEVEL=INFO CONTENT=iar 0010662c dear 0245ccfc,0,- 1131125457 2005.11.04 R62-M0-NE-C:J08-U01 2005-11-04-09.30.57.389794 R62-M0-NE-C:J08-U01 RAS KERNEL INFO iar 0010662c dear 0245ccfc,-,few_shot,0,1,"5ccfc
Label: 0
Log",0,150.93211249995875
528,TYPE=RAS COMPONENT=KERNEL LEVEL=INFO CONTENT=1146800 double-hummer alignment exceptions,0,- 1120260065 2005.07.01 R27-M1-N8-C:J17-U01 2005-07-01-16.21.05.938269 R27-M1-N8-C:J17-U01 RAS KERNEL INFO 1146800 double-hummer alignment exceptions,-,few_shot,0,1,"6800 double-hummer alignment exceptions
Label: 0
Log",0,150.93211249995875
346,TYPE=RAS COMPONENT=KERNEL LEVEL=INFO CONTENT=instruction cache parity error corrected,0,- 1118964552 2005.06.16 R02-M1-N0-C:J12-U11 2005-06-16-16.29.12.853302 R02-M1-N0-C:J12-U11 RAS KERNEL INFO instruction cache parity error corrected,-,few_shot,0,1," TYPE=RAS COMPONENT=KERNEL LEVEL=INFO CONTENT=instruction cache parity error corrected
Label: 0
Log",0,150.93211249995875
1387,"TYPE=RAS COMPONENT=KERNEL LEVEL=INFO CONTENT=CE sym 33, at 0x00dbd200, mask 0x80",0,"- 1125797779 2005.09.03 R03-M0-N3-C:J02-U11 2005-09-03-18.36.19.663579 R03-M0-N3-C:J02-U11 RAS KERNEL INFO CE sym 33, at 0x00dbd200, mask 0x80",-,few_shot,0,1," 0
Log",0,150.93211249995875
1960,"TYPE=RAS COMPONENT=APP LEVEL=FATAL CONTENT=ciod: Error loading /g/g90/glosli/src/ddcMD/ddcMD1.1.17/bin/ddcMDbglV: invalid or missing program image, No such file or directory",0,"- 1134109138 2005.12.08 R20-M1-N0-I:J18-U11 2005-12-08-22.18.58.098120 R20-M1-N0-I:J18-U11 RAS APP FATAL ciod: Error loading /g/g90/glosli/src/ddcMD/ddcMD1.1.17/bin/ddcMDbglV: invalid or missing program image, No such file or directory",-,few_shot,1,0," directory
Label: 1
Log",0,153.67785824992097
1050,TYPE=RAS COMPONENT=KERNEL LEVEL=INFO CONTENT=8 floating point alignment exceptions,0,- 1121902597 2005.07.20 R11-M1-NE-C:J09-U01 2005-07-20-16.36.37.976854 R11-M1-NE-C:J09-U01 RAS KERNEL INFO 8 floating point alignment exceptions,-,few_shot,1,0,"AS COMPONENT=APP LEVEL=FATAL CONTENT=ciod: error reading message header
Label: 1

Log entry: TYPE=RAS COMPONENT=KERNEL LEVEL=INFO CONTENT=8 floating point alignment exceptions
Label: 0
Log",0,153.67785824992097
1972,TYPE=RAS COMPONENT=APP LEVEL=FATAL CONTENT=ciod: LOGIN chdir(/p/gb1/stella/RAPTOR/2183) failed: Input/output error,1,APPOUT 1134357549 2005.12.11 R63-M1-N0-I:J18-U11 2005-12-11-19.19.09.737509 R63-M1-N0-I:J18-U11 RAS APP FATAL ciod: LOGIN chdir(/p/gb1/stella/RAPTOR/2183) failed: Input/output error,APPOUT,few_shot,1,1,"/gb1/stella/RAPTOR/2183) failed: Input/output error
Label: 1
Log",0,153.67785824992097
1441,"TYPE=RAS COMPONENT=MMCS LEVEL=ERROR CONTENT=idoproxydb hit ASSERT condition: ASSERT expression=0 Source file=idotransportmgr.cpp Source line=1043 Function=int IdoTransportMgr::SendPacket(IdoUdpMgr*, BglCtlPavTrace*)",0,"- 1127248870 2005.09.20 NULL 2005-09-20-13.41.10.218619 NULL RAS MMCS ERROR idoproxydb hit ASSERT condition: ASSERT expression=0 Source file=idotransportmgr.cpp Source line=1043 Function=int IdoTransportMgr::SendPacket(IdoUdpMgr*, BglCtlPavTrace*)",-,few_shot,1,0," 1
Log",0,153.67785824992097
601,TYPE=RAS COMPONENT=KERNEL LEVEL=INFO CONTENT=generating core.424,0,- 1120748250 2005.07.07 R06-M0-N1-C:J16-U11 2005-07-07-07.57.30.872998 R06-M0-N1-C:J16-U11 RAS KERNEL INFO generating core.424,-,few_shot,0,1,"INFO CONTENT=generating core.424
Label: 0
Log",0,132.84415899988744
1281,TYPE=RAS COMPONENT=KERNEL LEVEL=INFO CONTENT=total of 1 ddr error(s) detected and corrected,0,- 1124972563 2005.08.25 R71-M0-NF-C:J04-U01 2005-08-25-05.22.43.295317 R71-M0-NF-C:J04-U01 RAS KERNEL INFO total of 1 ddr error(s) detected and corrected,-,few_shot,0,1,"(s) detected and corrected
Label: 0
Log",0,132.84415899988744
243,TYPE=RAS COMPONENT=KERNEL LEVEL=FATAL CONTENT=program interrupt: illegal instruction......0,0,- 1118770028 2005.06.14 R20-M0-ND-C:J05-U01 2005-06-14-10.27.08.151309 R20-M0-ND-C:J05-U01 RAS KERNEL FATAL program interrupt: illegal instruction......0,-,few_shot,0,1,"ATAL CONTENT=program interrupt: illegal instruction......0
Label: 1
Log",0,132.84415899988744
1336,TYPE=RAS COMPONENT=KERNEL LEVEL=INFO CONTENT=iar 0014a150 dear 0072b9f8,0,- 1125220525 2005.08.28 R76-M1-ND-C:J11-U11 2005-08-28-02.15.25.781153 R76-M1-ND-C:J11-U11 RAS KERNEL INFO iar 0014a150 dear 0072b9f8,-,few_shot,0,1," 0
Log",0,132.84415899988744
1067,TYPE=RAS COMPONENT=KERNEL LEVEL=INFO CONTENT=8 floating point alignment exceptions,0,- 1121905368 2005.07.20 R02-M0-NF-C:J13-U01 2005-07-20-17.22.48.249852 R02-M0-NF-C:J13-U01 RAS KERNEL INFO 8 floating point alignment exceptions,-,few_shot,1,0," message header
Label: 1

Log entry: TYPE=RAS COMPONENT=KERNEL LEVEL=INFO CONTENT=8 floating point alignment exceptions
Label: 0
Log",0,151.4953237501686
1475,TYPE=RAS COMPONENT=KERNEL LEVEL=INFO CONTENT=ciod: generated 108 core files for program /home/spelce1/HPCC_IBM/Urgent/VNM/32K/vnm.rts,0,- 1128382008 2005.10.03 R63-M0-N4-I:J18-U01 2005-10-03-16.26.48.791418 R63-M0-N4-I:J18-U01 RAS KERNEL INFO ciod: generated 108 core files for program /home/spelce1/HPCC_IBM/Urgent/VNM/32K/vnm.rts,-,few_shot,0,1," 0
Log",0,151.4953237501686
312,TYPE=RAS COMPONENT=KERNEL LEVEL=FATAL CONTENT=disable store gathering..................0,0,- 1118774042 2005.06.14 R25-M1-N8-C:J03-U11 2005-06-14-11.34.02.588297 R25-M1-N8-C:J03-U11 RAS KERNEL FATAL disable store gathering..................0,-,few_shot,1,0,"
Label: 1

Log entry: TYPE=RAS COMPONENT=KERNEL LEVEL=FATAL CONTENT=disable store gathering..................0
Label: 0
Log",0,151.4953237501686
435,TYPE=RAS COMPONENT=KERNEL LEVEL=INFO CONTENT=program interrupt: illegal instruction......1,0,- 1119803149 2005.06.26 R01-M1-N0-C:J04-U11 2005-06-26-09.25.49.706431 R01-M1-N0-C:J04-U11 RAS KERNEL INFO program interrupt: illegal instruction......1,-,few_shot,1,0,": 1

Log entry: TYPE=RAS COMPONENT=KERNEL LEVEL=INFO CONTENT=program interrupt: illegal instruction......1
Label: 1
Log",0,151.4953237501686
1898,"TYPE=RAS COMPONENT=KERNEL LEVEL=INFO CONTENT=10616 total interrupts. 0 critical input interrupts. 0 microseconds total spent on critical input interrupts, 0 microseconds max time in a critical input interrupt.",0,"- 1133455140 2005.12.01 R71-M0-NC-C:J14-U01 2005-12-01-08.39.00.094017 R71-M0-NC-C:J14-U01 RAS KERNEL INFO 10616 total interrupts. 0 critical input interrupts. 0 microseconds total spent on critical input interrupts, 0 microseconds max time in a critical input interrupt.",-,few_shot,0,1," 0
Log",0,151.4642452498265
1328,"TYPE=RAS COMPONENT=KERNEL LEVEL=INFO CONTENT=CE sym 23, at 0x03f89c00, mask 0x10",0,"- 1125149105 2005.08.27 R36-M0-N5-C:J03-U01 2005-08-27-06.25.05.684576 R36-M0-N5-C:J03-U01 RAS KERNEL INFO CE sym 23, at 0x03f89c00, mask 0x10",-,few_shot,0,1," mask 0x10
Label: 0
Log",0,151.4642452498265
308,TYPE=RAS COMPONENT=KERNEL LEVEL=FATAL CONTENT=core configuration register: 0x00002000,0,- 1118773862 2005.06.14 R21-M0-N7-C:J02-U11 2005-06-14-11.31.02.213030 R21-M0-N7-C:J02-U11 RAS KERNEL FATAL core configuration register: 0x00002000,-,few_shot,0,1,"=core configuration register: 0x00002000
Label: 0
Log",0,151.4642452498265
430,TYPE=RAS COMPONENT=KERNEL LEVEL=INFO CONTENT=instruction cache parity error corrected,0,- 1119801659 2005.06.26 R02-M1-N0-C:J12-U11 2005-06-26-09.00.59.195050 R02-M1-N0-C:J12-U11 RAS KERNEL INFO instruction cache parity error corrected,-,few_shot,1,0," header
Label: 1

Log entry: TYPE=RAS COMPONENT=KERNEL LEVEL=INFO CONTENT=instruction cache parity error corrected
Label: 0
Log",0,151.4642452498265
660,TYPE=RAS COMPONENT=KERNEL LEVEL=INFO CONTENT=generating core.41080,0,- 1120934069 2005.07.09 R21-M1-NF-C:J17-U11 2005-07-09-11.34.29.833311 R21-M1-NF-C:J17-U11 RAS KERNEL INFO generating core.41080,-,few_shot,0,1," 0
Log",0,133.87505550008427
370,TYPE=RAS COMPONENT=KERNEL LEVEL=INFO CONTENT=instruction cache parity error corrected,0,- 1119383898 2005.06.21 R02-M1-N0-C:J12-U11 2005-06-21-12.58.18.149869 R02-M1-N0-C:J12-U11 RAS KERNEL INFO instruction cache parity error corrected,-,few_shot,0,1," corrected
Label: 0
Log",0,133.87505550008427
566,TYPE=RAS COMPONENT=KERNEL LEVEL=INFO CONTENT=generating core.20088,0,- 1120447017 2005.07.03 R20-M1-N1-C:J15-U11 2005-07-03-20.16.57.187615 R20-M1-N1-C:J15-U11 RAS KERNEL INFO generating core.20088,-,few_shot,0,1," 0
Log",0,133.87505550008427
979,TYPE=RAS COMPONENT=KERNEL LEVEL=INFO CONTENT=generating core.46536,0,- 1121496080 2005.07.15 R15-M1-N3-C:J15-U01 2005-07-15-23.41.20.270704 R15-M1-N3-C:J15-U01 RAS KERNEL INFO generating core.46536,-,few_shot,0,1," 0
Log",0,133.87505550008427
181,TYPE=RAS COMPONENT=KERNEL LEVEL=INFO CONTENT=generating core.1711,0,- 1118758243 2005.06.14 R36-M0-N0-C:J04-U11 2005-06-14-07.10.43.523299 R36-M0-N0-C:J04-U11 RAS KERNEL INFO generating core.1711,-,few_shot,1,0,": 1
Log entry: TYPE=RAS COMPONENT=APP LEVEL=FATAL CONTENT=ciod: error reading message header
Label: 1

Log entry: TYPE=RAS COMPONENT=KERNEL LEVEL=INFO CONTENT=generating core.1711
Label: 0
Log",0,154.3459497497679
1362,TYPE=RAS COMPONENT=KERNEL LEVEL=INFO CONTENT=iar 0014a150 dear 009a50f8,0,- 1125224157 2005.08.28 R52-M0-N6-C:J10-U11 2005-08-28-03.15.57.488722 R52-M0-N6-C:J10-U11 RAS KERNEL INFO iar 0014a150 dear 009a50f8,-,few_shot,1,0,"
Label: 1

Log entry: TYPE=RAS COMPONENT=KERNEL LEVEL=INFO CONTENT=iar 0014a150 dear 009a50f8
Label: 0
Log",0,154.3459497497679
621,TYPE=RAS COMPONENT=KERNEL LEVEL=INFO CONTENT=ciod: duplicate canonical-rank 31 to logical-rank 0 mapping at line 3 of node map file /p/gb2/pakin1/sweep3d-5x5x400-10mk-3mmi-1024pes-sweep/sweep.map,0,- 1120908821 2005.07.09 R20-M0-N8-I:J18-U01 2005-07-09-04.33.41.091472 R20-M0-N8-I:J18-U01 RAS KERNEL INFO ciod: duplicate canonical-rank 31 to logical-rank 0 mapping at line 3 of node map file /p/gb2/pakin1/sweep3d-5x5x400-10mk-3mmi-1024pes-sweep/sweep.map,-,few_shot,1,0," 1
Log",0,154.3459497497679
818,TYPE=RAS COMPONENT=KERNEL LEVEL=INFO CONTENT=generating core.32116,0,- 1121007023 2005.07.10 R36-M1-N0-C:J17-U11 2005-07-10-07.50.23.201865 R36-M1-N0-C:J17-U11 RAS KERNEL INFO generating core.32116,-,few_shot,1,0,"1
Log entry: TYPE=RAS COMPONENT=APP LEVEL=FATAL CONTENT=ciod: error reading message header
Label: 1

Log entry: TYPE=RAS COMPONENT=KERNEL LEVEL=INFO CONTENT=generating core.32116
Label: 0
Log",0,154.3459497497679
1192,TYPE=RAS COMPONENT=KERNEL LEVEL=INFO CONTENT=generating core.18084,0,- 1122431669 2005.07.26 R07-M1-N6-C:J14-U11 2005-07-26-19.34.29.061235 R07-M1-N6-C:J14-U11 RAS KERNEL INFO generating core.18084,-,few_shot,1,0,"=ciod: error reading message header
Label: 1

Log entry: TYPE=RAS COMPONENT=KERNEL LEVEL=INFO CONTENT=generating core.18084
Label: 0
Log",0,155.21698399970774
952,TYPE=RAS COMPONENT=KERNEL LEVEL=INFO CONTENT=generating core.1227,0,- 1121451271 2005.07.15 R07-M1-ND-C:J02-U11 2005-07-15-11.14.31.993348 R07-M1-ND-C:J02-U11 RAS KERNEL INFO generating core.1227,-,few_shot,1,0,"ATAL CONTENT=ciod: error reading message header
Label: 1

Log entry: TYPE=RAS COMPONENT=KERNEL LEVEL=INFO CONTENT=generating core.1227
Label: 0
Log",0,155.21698399970774
1421,"TYPE=RAS COMPONENT=MMCS LEVEL=ERROR CONTENT=idoproxydb hit ASSERT condition: ASSERT expression=0 Source file=idotransportmgr.cpp Source line=1043 Function=int IdoTransportMgr::SendPacket(IdoUdpMgr*, BglCtlPavTrace*)",0,"- 1127243228 2005.09.20 NULL 2005-09-20-12.07.08.329482 NULL RAS MMCS ERROR idoproxydb hit ASSERT condition: ASSERT expression=0 Source file=idotransportmgr.cpp Source line=1043 Function=int IdoTransportMgr::SendPacket(IdoUdpMgr*, BglCtlPavTrace*)",-,few_shot,1,0," 1
Log",0,155.21698399970774
1840,TYPE=RAS COMPONENT=KERNEL LEVEL=INFO CONTENT=0 microseconds spent in the rbs signal handler during 0 calls. 0 microseconds was the maximum time for a single instance of a correctable ddr.,0,- 1133448397 2005.12.01 R66-M0-NB-C:J17-U11 2005-12-01-06.46.37.568406 R66-M0-NB-C:J17-U11 RAS KERNEL INFO 0 microseconds spent in the rbs signal handler during 0 calls. 0 microseconds was the maximum time for a single instance of a correctable ddr.,-,few_shot,0,1," was the maximum time for a single instance of a correctable ddr.
Label: 0
Log",0,155.21698399970774
922,TYPE=RAS COMPONENT=KERNEL LEVEL=INFO CONTENT=generating core.15967,0,- 1121312380 2005.07.13 R20-M0-N0-C:J02-U11 2005-07-13-20.39.40.465411 R20-M0-N0-C:J02-U11 RAS KERNEL INFO generating core.15967,-,few_shot,0,1," 0
Log",0,131.78558649997285
1073,TYPE=RAS COMPONENT=KERNEL LEVEL=INFO CONTENT=generating core.12721,0,- 1122132758 2005.07.23 R17-M0-N7-C:J11-U01 2005-07-23-08.32.38.872396 R17-M0-N7-C:J11-U01 RAS KERNEL INFO generating core.12721,-,few_shot,0,1," 0
Log",0,131.78558649997285
296,TYPE=RAS COMPONENT=KERNEL LEVEL=FATAL CONTENT=floating pt ex mode 0 enable......0,0,- 1118773031 2005.06.14 R21-M0-N2-C:J17-U11 2005-06-14-11.17.11.514583 R21-M0-N2-C:J17-U11 RAS KERNEL FATAL floating pt ex mode 0 enable......0,-,few_shot,0,1," 0
Log",0,131.78558649997285
966,TYPE=RAS COMPONENT=KERNEL LEVEL=INFO CONTENT=generating core.45777,0,- 1121495342 2005.07.15 R37-M0-N3-C:J13-U01 2005-07-15-23.29.02.491468 R37-M0-N3-C:J13-U01 RAS KERNEL INFO generating core.45777,-,few_shot,0,1," 0
Log",0,131.78558649997285
461,TYPE=RAS COMPONENT=KERNEL LEVEL=INFO CONTENT=generating core.10125,0,- 1120091766 2005.06.29 R32-M1-ND-C:J04-U01 2005-06-29-17.36.06.730195 R32-M1-ND-C:J04-U01 RAS KERNEL INFO generating core.10125,-,few_shot,0,1,"ating core.10125
Label: 0
Log",0,134.52057875019818
1302,TYPE=RAS COMPONENT=KERNEL LEVEL=INFO CONTENT=iar 003a9260 dear 0128f2f8,0,- 1125084030 2005.08.26 R67-M1-NB-C:J10-U11 2005-08-26-12.20.30.217174 R67-M1-NB-C:J10-U11 RAS KERNEL INFO iar 003a9260 dear 0128f2f8,-,few_shot,0,1," 0
Log",0,134.52057875019818
1176,TYPE=RAS COMPONENT=KERNEL LEVEL=INFO CONTENT=generating core.45245,0,- 1122430675 2005.07.26 R21-M1-N2-C:J12-U11 2005-07-26-19.17.55.987174 R21-M1-N2-C:J12-U11 RAS KERNEL INFO generating core.45245,-,few_shot,0,1,"ating core.45245
Label: 0
Log",0,134.52057875019818
377,TYPE=RAS COMPONENT=KERNEL LEVEL=INFO CONTENT=6182400 double-hummer alignment exceptions,0,- 1119481305 2005.06.22 R22-M1-NA-C:J04-U11 2005-06-22-16.01.45.870183 R22-M1-NA-C:J04-U11 RAS KERNEL INFO 6182400 double-hummer alignment exceptions,-,few_shot,0,1," double-hummer alignment exceptions
Label: 0
Log",0,134.52057875019818
798,TYPE=RAS COMPONENT=KERNEL LEVEL=INFO CONTENT=generating core.3249,0,- 1120970941 2005.07.09 R00-M1-N7-C:J11-U01 2005-07-09-21.49.01.198976 R00-M1-N7-C:J11-U01 RAS KERNEL INFO generating core.3249,-,few_shot,0,1," 0
Log",0,132.6043252497584
1102,TYPE=RAS COMPONENT=KERNEL LEVEL=INFO CONTENT=5 floating point alignment exceptions,0,- 1122162130 2005.07.23 R24-M1-ND-C:J09-U11 2005-07-23-16.42.10.500605 R24-M1-ND-C:J09-U11 RAS KERNEL INFO 5 floating point alignment exceptions,-,few_shot,0,1,"
Label: 0
Log",0,132.6043252497584
105,TYPE=RAS COMPONENT=KERNEL LEVEL=FATAL CONTENT=data TLB error interrupt,1,KERNDTLB 1118537212 2005.06.11 R30-M0-N9-C:J16-U01 2005-06-11-17.46.52.020435 R30-M0-N9-C:J16-U01 RAS KERNEL FATAL data TLB error interrupt,KERNDTLB,few_shot,1,1," interrupt
Label: 1
Log",0,132.6043252497584
126,TYPE=RAS COMPONENT=KERNEL LEVEL=FATAL CONTENT=data TLB error interrupt,1,KERNDTLB 1118543547 2005.06.11 R30-M0-N9-C:J16-U01 2005-06-11-19.32.27.820915 R30-M0-N9-C:J16-U01 RAS KERNEL FATAL data TLB error interrupt,KERNDTLB,few_shot,1,1," interrupt
Label: 1
Log",0,132.6043252497584
1995,TYPE=RAS COMPONENT=KERNEL LEVEL=INFO CONTENT=instruction cache parity error corrected,0,- 1135665476 2005.12.26 R37-M1-NC-C:J02-U11 2005-12-26-22.37.56.529871 R37-M1-NC-C:J02-U11 RAS KERNEL INFO instruction cache parity error corrected,-,few_shot,0,1,"=KERNEL LEVEL=INFO CONTENT=instruction cache parity error corrected
Label: 0
Log",0,133.06784924998283
838,TYPE=RAS COMPONENT=KERNEL LEVEL=INFO CONTENT=118661512 double-hummer alignment exceptions,0,- 1121252281 2005.07.13 R33-M1-NE-C:J07-U01 2005-07-13-03.58.01.460537 R33-M1-NE-C:J07-U01 RAS KERNEL INFO 118661512 double-hummer alignment exceptions,-,few_shot,0,1,"ummer alignment exceptions
Label: 0
Log",0,133.06784924998283
355,TYPE=RAS COMPONENT=KERNEL LEVEL=INFO CONTENT=generating core.14418,0,- 1119291039 2005.06.20 R00-M1-N3-C:J08-U11 2005-06-20-11.10.39.035194 R00-M1-N3-C:J08-U11 RAS KERNEL INFO generating core.14418,-,few_shot,0,1,"ating core.14418
Label: 0
Log",0,133.06784924998283
1616,TYPE=RAS COMPONENT=KERNEL LEVEL=INFO CONTENT=iar 00106570 dear 0245a10c,0,- 1131123526 2005.11.04 R62-M0-N1-C:J08-U11 2005-11-04-08.58.46.231312 R62-M0-N1-C:J08-U11 RAS KERNEL INFO iar 00106570 dear 0245a10c,-,few_shot,0,1," 0
Log",0,133.06784924998283
682,TYPE=RAS COMPONENT=KERNEL LEVEL=INFO CONTENT=generating core.30230,0,- 1120937467 2005.07.09 R36-M1-NA-C:J06-U01 2005-07-09-12.31.07.283740 R36-M1-NA-C:J06-U01 RAS KERNEL INFO generating core.30230,-,few_shot,0,1," core.30230
Label: 0
Log",0,134.31820625010005
812,TYPE=RAS COMPONENT=KERNEL LEVEL=INFO CONTENT=generating core.4329,0,- 1121006797 2005.07.10 R25-M1-N7-C:J13-U01 2005-07-10-07.46.37.300865 R25-M1-N7-C:J13-U01 RAS KERNEL INFO generating core.4329,-,few_shot,0,1,"generating core.4329
Label: 0
Log",0,134.31820625010005
1680,TYPE=RAS COMPONENT=KERNEL LEVEL=INFO CONTENT=iar 00106570 dear 0245a5ec,0,- 1131147251 2005.11.04 R63-M0-N1-C:J16-U01 2005-11-04-15.34.11.676048 R63-M0-N1-C:J16-U01 RAS KERNEL INFO iar 00106570 dear 0245a5ec,-,few_shot,0,1," 0
Log",0,134.31820625010005
209,TYPE=RAS COMPONENT=KERNEL LEVEL=FATAL CONTENT=data storage interrupt,1,KERNSTOR 1118767897 2005.06.14 R20-M0-NE-C:J02-U01 2005-06-14-09.51.37.041158 R20-M0-NE-C:J02-U01 RAS KERNEL FATAL data storage interrupt,KERNSTOR,few_shot,1,1,": TYPE=RAS COMPONENT=KERNEL LEVEL=FATAL CONTENT=data storage interrupt
Label: 1
Log",0,134.31820625010005
1492,"TYPE=RAS COMPONENT=APP LEVEL=FATAL CONTENT=ciod: Error loading /bgl/apps/followup/MINIBEN/MB_254_051007/torus-latency.rts: invalid or missing program image, No such file or directory",0,"- 1129208349 2005.10.13 R73-M0-NC-I:J18-U11 2005-10-13-05.59.09.874956 R73-M0-NC-I:J18-U11 RAS APP FATAL ciod: Error loading /bgl/apps/followup/MINIBEN/MB_254_051007/torus-latency.rts: invalid or missing program image, No such file or directory",-,few_shot,1,0," 1
Log",0,154.571869999927
140,TYPE=RAS COMPONENT=KERNEL LEVEL=FATAL CONTENT=data TLB error interrupt,1,KERNDTLB 1118549852 2005.06.11 R30-M0-N9-C:J16-U01 2005-06-11-21.17.32.188993 R30-M0-N9-C:J16-U01 RAS KERNEL FATAL data TLB error interrupt,KERNDTLB,few_shot,1,1,"AS COMPONENT=APP LEVEL=FATAL CONTENT=ciod: error reading message header
Label: 1

Log entry: TYPE=RAS COMPONENT=KERNEL LEVEL=FATAL CONTENT=data TLB error interrupt
Label: 1
Log",0,154.571869999927
1974,"TYPE=RAS COMPONENT=APP LEVEL=FATAL CONTENT=ciod: Error reading message prefix on CioStream socket to 172.16.96.116:56170, Link has been severed",1,"APPSEV 1134496398 2005.12.13 R44-M0-N4-I:J18-U01 2005-12-13-09.53.18.260783 R44-M0-N4-I:J18-U01 RAS APP FATAL ciod: Error reading message prefix on CioStream socket to 172.16.96.116:56170, Link has been severed",APPSEV,few_shot,0,0,"0, Link has been severed
Label: 1
Log",0,154.571869999927
1339,TYPE=RAS COMPONENT=KERNEL LEVEL=INFO CONTENT=23768676 double-hummer alignment exceptions,0,- 1125221429 2005.08.28 R55-M0-N2-C:J08-U01 2005-08-28-02.30.29.169747 R55-M0-N2-C:J08-U01 RAS KERNEL INFO 23768676 double-hummer alignment exceptions,-,few_shot,1,0," 1

Log entry: TYPE=RAS COMPONENT=KERNEL LEVEL=INFO CONTENT=23768676 double-hummer alignment exceptions
Label: 0
Log",0,154.571869999927
1797,"TYPE=RAS COMPONENT=KERNEL LEVEL=INFO CONTENT=ciod: Received signal 15, code=0, errno=0, address=0x000001f5",0,"- 1133150722 2005.11.27 R15-M0-N0-I:J18-U11 2005-11-27-20.05.22.588765 R15-M0-N0-I:J18-U11 RAS KERNEL INFO ciod: Received signal 15, code=0, errno=0, address=0x000001f5",-,few_shot,1,0,"=FATAL CONTENT=ciod: error reading message header
Label: 1

Log entry: TYPE=RAS COMPONENT=KERNEL LEVEL=INFO CONTENT=ciod: Received signal 15, code=0, errno=0, address=0x000001f5
Label: 0
Log",0,162.10856150019026
1574,TYPE=RAS COMPONENT=KERNEL LEVEL=INFO CONTENT=iar 00106568 dear 02494bbc,0,- 1131060122 2005.11.03 R67-M1-NA-C:J13-U01 2005-11-03-15.22.02.358932 R67-M1-NA-C:J13-U01 RAS KERNEL INFO iar 00106568 dear 02494bbc,-,few_shot,1,0,"ts: kernel terminated
Label: 1
Log entry: TYPE=RAS COMPONENT=APP LEVEL=FATAL CONTENT=ciod: error reading message header
Label: 1

Log entry: TYPE=RAS COMPONENT=KERNEL LEVEL=INFO CONTENT=iar 00106568 dear 02494bbc
Label: 0
Log",0,162.10856150019026
1181,TYPE=RAS COMPONENT=KERNEL LEVEL=INFO CONTENT=generating core.64072,0,- 1122431133 2005.07.26 R16-M0-N9-C:J17-U01 2005-07-26-19.25.33.847429 R16-M0-N9-C:J17-U01 RAS KERNEL INFO generating core.64072,-,few_shot,0,1,": 0
Log entry: TYPE=RAS COMPONENT=KERNEL LEVEL=FATAL CONTENT=rts: kernel terminated
Label: 1
Log entry: TYPE=RAS COMPONENT=APP LEVEL=FATAL CONTENT=ciod: error reading message header
Label: 1

Log entry: TYPE=RAS COMPONENT=KERNEL LEVEL=INFO CONTENT=generating core.64072
Label: 0
Log",0,162.10856150019026
1393,"TYPE=RAS COMPONENT=KERNEL LEVEL=INFO CONTENT=ciod: In packet from node 91.0 (R62-M1-Nf-C:J03-U11), message code 2 is not 3 or 4294967295 (softheader=003b005b 00030000 00000001 00000000)",0,"- 1126211906 2005.09.08 R62-M1-NC-I:J18-U11 2005-09-08-13.38.26.477794 R62-M1-NC-I:J18-U11 RAS KERNEL INFO ciod: In packet from node 91.0 (R62-M1-Nf-C:J03-U11), message code 2 is not 3 or 4294967295 (softheader=003b005b 00030000 00000001 00000000)",-,few_shot,1,0," 1
Log",0,162.10856150019026
1815,TYPE=RAS COMPONENT=KERNEL LEVEL=INFO CONTENT=0 microseconds spent in the rbs signal handler during 0 calls. 0 microseconds was the maximum time for a single instance of a correctable ddr.,0,- 1133447789 2005.12.01 R07-M1-N0-C:J07-U01 2005-12-01-06.36.29.326116 R07-M1-N0-C:J07-U01 RAS KERNEL INFO 0 microseconds spent in the rbs signal handler during 0 calls. 0 microseconds was the maximum time for a single instance of a correctable ddr.,-,few_shot,0,1," 0
Log",0,152.76985399987097
711,TYPE=RAS COMPONENT=KERNEL LEVEL=INFO CONTENT=generating core.31192,0,- 1120939974 2005.07.09 R24-M0-N1-C:J17-U01 2005-07-09-13.12.54.616018 R24-M0-N1-C:J17-U01 RAS KERNEL INFO generating core.31192,-,few_shot,0,1,"=RAS COMPONENT=KERNEL LEVEL=INFO CONTENT=generating core.31192
Label: 0
Log",0,152.76985399987097
1793,"TYPE=RAS COMPONENT=KERNEL LEVEL=INFO CONTENT=ciod: Received signal 15, code=0, errno=0, address=0x000001f2",0,"- 1133011767 2005.11.26 R01-M1-NC-I:J18-U11 2005-11-26-05.29.27.205468 R01-M1-NC-I:J18-U11 RAS KERNEL INFO ciod: Received signal 15, code=0, errno=0, address=0x000001f2",-,few_shot,0,1,"
Label: 0
Log",0,152.76985399987097
892,TYPE=RAS COMPONENT=KERNEL LEVEL=INFO CONTENT=generating core.10057,0,- 1121310915 2005.07.13 R27-M0-N5-C:J10-U01 2005-07-13-20.15.15.724512 R27-M0-N5-C:J10-U01 RAS KERNEL INFO generating core.10057,-,few_shot,0,1,"=RAS COMPONENT=KERNEL LEVEL=INFO CONTENT=generating core.10057
Label: 0
Log",0,152.76985399987097
859,TYPE=RAS COMPONENT=KERNEL LEVEL=INFO CONTENT=generating core.12883,0,- 1121256361 2005.07.13 R37-M0-NB-C:J05-U01 2005-07-13-05.06.01.792263 R37-M0-NB-C:J05-U01 RAS KERNEL INFO generating core.12883,-,few_shot,1,0,"=ciod: error reading message header
Label: 1

Log entry: TYPE=RAS COMPONENT=KERNEL LEVEL=INFO CONTENT=generating core.12883
Label: 0
Log",0,153.8610287498159
10,"TYPE=RAS COMPONENT=KERNEL LEVEL=INFO CONTENT=CE sym 20, at 0x1438f9e0, mask 0x40",0,"- 1117942120 2005.06.04 R30-M0-N7-C:J08-U01 2005-06-04-20.28.40.767551 R30-M0-N7-C:J08-U01 RAS KERNEL INFO CE sym 20, at 0x1438f9e0, mask 0x40",-,few_shot,0,1,", at 0x1438f9e0, mask 0x40
Label: 0
Log",0,153.8610287498159
1694,"TYPE=RAS COMPONENT=APP LEVEL=FATAL CONTENT=ciod: Error loading /bgl/apps/followup/RAPTOR/pre-study/raptor.newcomp.r1: invalid or missing program image, Permission denied",0,"- 1131366881 2005.11.07 R60-M0-N0-I:J18-U01 2005-11-07-04.34.41.779706 R60-M0-N0-I:J18-U01 RAS APP FATAL ciod: Error loading /bgl/apps/followup/RAPTOR/pre-study/raptor.newcomp.r1: invalid or missing program image, Permission denied",-,few_shot,1,0,".newcomp.r1: invalid or missing program image, Permission denied
Label: 1
Log",0,153.8610287498159
1427,"TYPE=RAS COMPONENT=MMCS LEVEL=ERROR CONTENT=idoproxydb hit ASSERT condition: ASSERT expression=0 Source file=idotransportmgr.cpp Source line=1043 Function=int IdoTransportMgr::SendPacket(IdoUdpMgr*, BglCtlPavTrace*)",0,"- 1127243377 2005.09.20 NULL 2005-09-20-12.09.37.578989 NULL RAS MMCS ERROR idoproxydb hit ASSERT condition: ASSERT expression=0 Source file=idotransportmgr.cpp Source line=1043 Function=int IdoTransportMgr::SendPacket(IdoUdpMgr*, BglCtlPavTrace*)",-,few_shot,1,0," 1
Log",0,153.8610287498159
282,TYPE=RAS COMPONENT=KERNEL LEVEL=FATAL CONTENT=icache prefetch depth....................0,0,- 1118772022 2005.06.14 R26-M0-N6-C:J14-U11 2005-06-14-11.00.22.056566 R26-M0-N6-C:J14-U11 RAS KERNEL FATAL icache prefetch depth....................0,-,few_shot,0,1,"....................0
Label: 0
Log",0,134.11942875018212
810,TYPE=RAS COMPONENT=KERNEL LEVEL=INFO CONTENT=generating core.32257,0,- 1121006676 2005.07.10 R30-M1-N9-C:J10-U01 2005-07-10-07.44.36.306387 R30-M1-N9-C:J10-U01 RAS KERNEL INFO generating core.32257,-,few_shot,0,1,"7
Label: 0
Log",0,134.11942875018212
1341,TYPE=RAS COMPONENT=KERNEL LEVEL=INFO CONTENT=35050330 double-hummer alignment exceptions,0,- 1125221625 2005.08.28 R44-M0-NE-C:J10-U01 2005-08-28-02.33.45.151094 R44-M0-NE-C:J10-U01 RAS KERNEL INFO 35050330 double-hummer alignment exceptions,-,few_shot,0,1," 0
Log",0,134.11942875018212
291,"TYPE=RAS COMPONENT=KERNEL LEVEL=FATAL CONTENT=problem state (0=sup,1=usr).......0",0,"- 1118772602 2005.06.14 R21-M1-NA-C:J07-U01 2005-06-14-11.10.02.651943 R21-M1-NA-C:J07-U01 RAS KERNEL FATAL problem state (0=sup,1=usr).......0",-,few_shot,0,1," 0
Log",0,134.11942875018212
754,TYPE=RAS COMPONENT=KERNEL LEVEL=INFO CONTENT=generating core.32657,0,- 1120967952 2005.07.09 R32-M1-N9-C:J10-U11 2005-07-09-20.59.12.577698 R32-M1-N9-C:J10-U11 RAS KERNEL INFO generating core.32657,-,few_shot,0,1," 0
Log",0,132.42553224972653
626,TYPE=RAS COMPONENT=KERNEL LEVEL=INFO CONTENT=generating core.12364,0,- 1120923521 2005.07.09 R20-M0-N6-C:J16-U01 2005-07-09-08.38.41.325656 R20-M0-N6-C:J16-U01 RAS KERNEL INFO generating core.12364,-,few_shot,0,1," 0
Log",0,132.42553224972653
943,TYPE=RAS COMPONENT=KERNEL LEVEL=INFO CONTENT=generating core.22325,0,- 1121314138 2005.07.13 R37-M0-NC-C:J11-U11 2005-07-13-21.08.58.817169 R37-M0-NC-C:J11-U11 RAS KERNEL INFO generating core.22325,-,few_shot,0,1," 0
Log",0,132.42553224972653
861,TYPE=RAS COMPONENT=KERNEL LEVEL=INFO CONTENT=generating core.5054,0,- 1121256377 2005.07.13 R22-M1-N2-C:J08-U11 2005-07-13-05.06.17.839446 R22-M1-N2-C:J08-U11 RAS KERNEL INFO generating core.5054,-,few_shot,0,1,": 0
Log",0,132.42553224972653
129,TYPE=RAS COMPONENT=KERNEL LEVEL=FATAL CONTENT=data TLB error interrupt,1,KERNDTLB 1118544072 2005.06.11 R30-M0-N9-C:J16-U01 2005-06-11-19.41.12.806499 R30-M0-N9-C:J16-U01 RAS KERNEL FATAL data TLB error interrupt,KERNDTLB,few_shot,1,1," interrupt
Label: 1
Log",0,132.37500425020698
1175,TYPE=RAS COMPONENT=KERNEL LEVEL=INFO CONTENT=generating core.3098,0,- 1122430660 2005.07.26 R20-M1-ND-C:J06-U01 2005-07-26-19.17.40.775429 R20-M1-ND-C:J06-U01 RAS KERNEL INFO generating core.3098,-,few_shot,0,1," 0
Log",0,132.37500425020698
323,TYPE=RAS COMPONENT=KERNEL LEVEL=INFO CONTENT=generating core.2040,0,- 1118843857 2005.06.15 R25-M1-N1-C:J15-U11 2005-06-15-06.57.37.567187 R25-M1-N1-C:J15-U11 RAS KERNEL INFO generating core.2040,-,few_shot,0,1," 0
Log",0,132.37500425020698
1090,TYPE=RAS COMPONENT=KERNEL LEVEL=INFO CONTENT=generating core.9713,0,- 1122143827 2005.07.23 R33-M1-N5-C:J13-U11 2005-07-23-11.37.07.526139 R33-M1-N5-C:J13-U11 RAS KERNEL INFO generating core.9713,-,few_shot,0,1," 0
Log",0,132.37500425020698
843,TYPE=RAS COMPONENT=KERNEL LEVEL=INFO CONTENT=116130784 double-hummer alignment exceptions,0,- 1121252397 2005.07.13 R23-M1-N6-C:J14-U11 2005-07-13-03.59.57.142168 R23-M1-N6-C:J14-U11 RAS KERNEL INFO 116130784 double-hummer alignment exceptions,-,few_shot,0,1,"INFO CONTENT=116130784 double-hummer alignment exceptions
Label: 0
Log",0,152.92883399979473
963,TYPE=RAS COMPONENT=KERNEL LEVEL=INFO CONTENT=generating core.17560,0,- 1121494308 2005.07.15 R21-M0-N7-C:J14-U01 2005-07-15-23.11.48.831797 R21-M0-N7-C:J14-U01 RAS KERNEL INFO generating core.17560,-,few_shot,0,1," entry: TYPE=RAS COMPONENT=KERNEL LEVEL=INFO CONTENT=generating core.17560
Label: 0
Log",0,152.92883399979473
1864,"TYPE=RAS COMPONENT=KERNEL LEVEL=INFO CONTENT=10738 total interrupts. 0 critical input interrupts. 0 microseconds total spent on critical input interrupts, 0 microseconds max time in a critical input interrupt.",0,"- 1133454582 2005.12.01 R14-M1-NA-C:J11-U11 2005-12-01-08.29.42.047463 R14-M1-NA-C:J11-U11 RAS KERNEL INFO 10738 total interrupts. 0 critical input interrupts. 0 microseconds total spent on critical input interrupts, 0 microseconds max time in a critical input interrupt.",-,few_shot,0,1," 0
Log",0,152.92883399979473
865,TYPE=RAS COMPONENT=KERNEL LEVEL=INFO CONTENT=generating core.17817,0,- 1121256613 2005.07.13 R25-M0-N7-C:J10-U01 2005-07-13-05.10.13.046702 R25-M0-N7-C:J10-U01 RAS KERNEL INFO generating core.17817,-,few_shot,0,1," entry: TYPE=RAS COMPONENT=KERNEL LEVEL=INFO CONTENT=generating core.17817
Label: 0
Log",0,152.92883399979473
921,TYPE=RAS COMPONENT=KERNEL LEVEL=INFO CONTENT=generating core.27926,0,- 1121312351 2005.07.13 R37-M1-N8-C:J08-U11 2005-07-13-20.39.11.473210 R37-M1-N8-C:J08-U11 RAS KERNEL INFO generating core.27926,-,few_shot,1,0,"1

Log entry: TYPE=RAS COMPONENT=KERNEL LEVEL=INFO CONTENT=generating core.27926
Label: 0
Log",0,151.76299349968758
695,TYPE=RAS COMPONENT=KERNEL LEVEL=INFO CONTENT=generating core.133,0,- 1120938420 2005.07.09 R00-M0-N6-C:J12-U01 2005-07-09-12.47.00.644304 R00-M0-N6-C:J12-U01 RAS KERNEL INFO generating core.133,-,few_shot,1,0,"
Label: 1

Log entry: TYPE=RAS COMPONENT=KERNEL LEVEL=INFO CONTENT=generating core.133
Label: 0
Log",0,151.76299349968758
215,TYPE=RAS COMPONENT=KERNEL LEVEL=FATAL CONTENT=data storage interrupt,1,KERNSTOR 1118768044 2005.06.14 R05-M1-NB-C:J07-U11 2005-06-14-09.54.04.393973 R05-M1-NB-C:J07-U11 RAS KERNEL FATAL data storage interrupt,KERNSTOR,few_shot,1,1,"=FATAL CONTENT=ciod: error reading message header
Label: 1

Log entry: TYPE=RAS COMPONENT=KERNEL LEVEL=FATAL CONTENT=data storage interrupt
Label: 1
Log",0,151.76299349968758
1780,"TYPE=RAS COMPONENT=APP LEVEL=FATAL CONTENT=ciod: Error reading message prefix on CioStream socket to 172.16.96.116:52930, Connection reset by peer",1,"APPRES 1132609304 2005.11.21 R22-M0-N0-I:J18-U01 2005-11-21-13.41.44.752517 R22-M0-N0-I:J18-U01 RAS APP FATAL ciod: Error reading message prefix on CioStream socket to 172.16.96.116:52930, Connection reset by peer",APPRES,few_shot,1,1," 1
Log",0,151.76299349968758
1261,TYPE=RAS COMPONENT=KERNEL LEVEL=INFO CONTENT=total of 1 ddr error(s) detected and corrected,0,- 1124233921 2005.08.16 R06-M0-NB-C:J16-U01 2005-08-16-16.12.01.257432 R06-M0-NB-C:J16-U01 RAS KERNEL INFO total of 1 ddr error(s) detected and corrected,-,few_shot,0,1," 0
Log",0,133.98602550023497
158,TYPE=RAS COMPONENT=KERNEL LEVEL=FATAL CONTENT=data TLB error interrupt,1,KERNDTLB 1118555299 2005.06.11 R30-M0-N9-C:J16-U01 2005-06-11-22.48.19.442753 R30-M0-N9-C:J16-U01 RAS KERNEL FATAL data TLB error interrupt,KERNDTLB,few_shot,1,1,"=data TLB error interrupt
Label: 1
Log",0,133.98602550023497
1058,TYPE=RAS COMPONENT=KERNEL LEVEL=INFO CONTENT=8 floating point alignment exceptions,0,- 1121903678 2005.07.20 R32-M0-N3-C:J09-U11 2005-07-20-16.54.38.831021 R32-M0-N3-C:J09-U11 RAS KERNEL INFO 8 floating point alignment exceptions,-,few_shot,0,1," floating point alignment exceptions
Label: 0
Log",0,133.98602550023497
988,TYPE=RAS COMPONENT=KERNEL LEVEL=INFO CONTENT=generating core.64146,0,- 1121597851 2005.07.17 R36-M1-N1-C:J08-U01 2005-07-17-03.57.31.777381 R36-M1-N1-C:J08-U01 RAS KERNEL INFO generating core.64146,-,few_shot,0,1,"
Label: 0
Log",0,133.98602550023497
841,TYPE=RAS COMPONENT=KERNEL LEVEL=INFO CONTENT=117400328 double-hummer alignment exceptions,0,- 1121252326 2005.07.13 R26-M1-N1-C:J11-U01 2005-07-13-03.58.46.179005 R26-M1-N1-C:J11-U01 RAS KERNEL INFO 117400328 double-hummer alignment exceptions,-,few_shot,1,0," 1

Log entry: TYPE=RAS COMPONENT=KERNEL LEVEL=INFO CONTENT=117400328 double-hummer alignment exceptions
Label: 0
Log",0,153.9256870000827
634,TYPE=RAS COMPONENT=KERNEL LEVEL=INFO CONTENT=generating core.9051,0,- 1120929103 2005.07.09 R14-M1-ND-C:J03-U11 2005-07-09-10.11.43.673631 R14-M1-ND-C:J03-U11 RAS KERNEL INFO generating core.9051,-,few_shot,1,0,"ATAL CONTENT=ciod: error reading message header
Label: 1

Log entry: TYPE=RAS COMPONENT=KERNEL LEVEL=INFO CONTENT=generating core.9051
Label: 0
Log",0,153.9256870000827
516,TYPE=RAS COMPONENT=KERNEL LEVEL=INFO CONTENT=generating core.10312,0,- 1120217064 2005.07.01 R15-M1-NF-C:J16-U11 2005-07-01-04.24.24.044042 R15-M1-NF-C:J16-U11 RAS KERNEL INFO generating core.10312,-,few_shot,1,0,"=ciod: error reading message header
Label: 1

Log entry: TYPE=RAS COMPONENT=KERNEL LEVEL=INFO CONTENT=generating core.10312
Label: 0
Log",0,153.9256870000827
1428,"TYPE=RAS COMPONENT=MMCS LEVEL=ERROR CONTENT=idoproxydb hit ASSERT condition: ASSERT expression=0 Source file=idotransportmgr.cpp Source line=1043 Function=int IdoTransportMgr::SendPacket(IdoUdpMgr*, BglCtlPavTrace*)",0,"- 1127243379 2005.09.20 NULL 2005-09-20-12.09.39.030884 NULL RAS MMCS ERROR idoproxydb hit ASSERT condition: ASSERT expression=0 Source file=idotransportmgr.cpp Source line=1043 Function=int IdoTransportMgr::SendPacket(IdoUdpMgr*, BglCtlPavTrace*)",-,few_shot,1,0," 1
Log",0,153.9256870000827
1747,TYPE=RAS COMPONENT=KERNEL LEVEL=FATAL CONTENT=rts: kernel terminated for reason 1004,1,KERNTERM 1132021523 2005.11.14 R46-M1-NE-C:J14-U11 2005-11-14-18.25.23.269634 R46-M1-NE-C:J14-U11 RAS KERNEL FATAL rts: kernel terminated for reason 1004,KERNTERM,few_shot,1,1," TYPE=RAS COMPONENT=KERNEL LEVEL=FATAL CONTENT=rts: kernel terminated for reason 1004
Label: 1
Log",0,153.32660450030744
597,TYPE=RAS COMPONENT=KERNEL LEVEL=INFO CONTENT=1 torus receiver z+ input pipe error(s) (dcr 0x02f0) detected and corrected,0,- 1120658382 2005.07.06 R27-M1-N1-C:J02-U11 2005-07-06-06.59.42.777345 R27-M1-N1-C:J02-U11 RAS KERNEL INFO 1 torus receiver z+ input pipe error(s) (dcr 0x02f0) detected and corrected,-,few_shot,0,1,"02f0) detected and corrected
Label: 0
Log",0,153.32660450030744
195,TYPE=RAS COMPONENT=KERNEL LEVEL=FATAL CONTENT=instruction address: 0x00004ed8,0,- 1118765795 2005.06.14 R16-M1-N9-C:J16-U11 2005-06-14-09.16.35.364588 R16-M1-N9-C:J16-U11 RAS KERNEL FATAL instruction address: 0x00004ed8,-,few_shot,0,1,"=KERNEL LEVEL=FATAL CONTENT=instruction address: 0x00004ed8
Label: 0
Log",0,153.32660450030744
1783,"TYPE=RAS COMPONENT=APP LEVEL=FATAL CONTENT=ciod: Error reading message prefix on CioStream socket to 172.16.96.116:41060, Connection timed out",1,"APPTO 1132613223 2005.11.21 R16-M1-NC-I:J18-U11 2005-11-21-14.47.03.703578 R16-M1-NC-I:J18-U11 RAS APP FATAL ciod: Error reading message prefix on CioStream socket to 172.16.96.116:41060, Connection timed out",APPTO,few_shot,1,1," 1
Log",0,153.32660450030744
869,TYPE=RAS COMPONENT=KERNEL LEVEL=INFO CONTENT=generating core.22494,0,- 1121256804 2005.07.13 R23-M0-N2-C:J07-U01 2005-07-13-05.13.24.457117 R23-M0-N2-C:J07-U01 RAS KERNEL INFO generating core.22494,-,few_shot,0,1," 0
Log",0,133.94532199981768
410,TYPE=RAS COMPONENT=KERNEL LEVEL=INFO CONTENT=generating core.38415,0,- 1119715922 2005.06.25 R16-M1-NA-C:J02-U01 2005-06-25-09.12.02.795224 R16-M1-NA-C:J02-U01 RAS KERNEL INFO generating core.38415,-,few_shot,0,1," 0
Log",0,133.94532199981768
96,TYPE=RAS COMPONENT=KERNEL LEVEL=INFO CONTENT=generating core.1820,0,- 1118343958 2005.06.09 R23-M1-NA-C:J17-U11 2005-06-09-12.05.58.258567 R23-M1-NA-C:J17-U11 RAS KERNEL INFO generating core.1820,-,few_shot,0,1,": 0
Log",0,133.94532199981768
1000,TYPE=RAS COMPONENT=KERNEL LEVEL=INFO CONTENT=generating core.46425,0,- 1121598391 2005.07.17 R25-M1-NB-C:J11-U01 2005-07-17-04.06.31.496101 R25-M1-NB-C:J11-U01 RAS KERNEL INFO generating core.46425,-,few_shot,0,1," 0
Log",0,133.94532199981768
1505,TYPE=RAS COMPONENT=KERNEL LEVEL=INFO CONTENT=data cache search parity error detected. attempting to correct,0,- 1129551731 2005.10.17 R02-M0-N4-C:J04-U11 2005-10-17-05.22.11.645917 R02-M0-N4-C:J04-U11 RAS KERNEL INFO data cache search parity error detected. attempting to correct,-,few_shot,0,1,"=KERNEL LEVEL=INFO CONTENT=data cache search parity error detected. attempting to correct
Label: 0
Log",0,152.5272682497416
156,TYPE=RAS COMPONENT=KERNEL LEVEL=FATAL CONTENT=data TLB error interrupt,1,KERNDTLB 1118554838 2005.06.11 R30-M0-N9-C:J16-U01 2005-06-11-22.40.38.175497 R30-M0-N9-C:J16-U01 RAS KERNEL FATAL data TLB error interrupt,KERNDTLB,few_shot,1,1," 1

Log entry: TYPE=RAS COMPONENT=KERNEL LEVEL=FATAL CONTENT=data TLB error interrupt
Label: 1
Log",0,152.5272682497416
419,TYPE=RAS COMPONENT=KERNEL LEVEL=INFO CONTENT=generating core.47736,0,- 1119725305 2005.06.25 R27-M1-N9-C:J17-U11 2005-06-25-11.48.25.313227 R27-M1-N9-C:J17-U11 RAS KERNEL INFO generating core.47736,-,few_shot,0,1,"=KERNEL LEVEL=INFO CONTENT=generating core.47736
Label: 0
Log",0,152.5272682497416
1802,"TYPE=RAS COMPONENT=KERNEL LEVEL=INFO CONTENT=ciod: Received signal 15, code=0, errno=0, address=0x000001f5",0,"- 1133317778 2005.11.29 R01-M1-NC-I:J18-U01 2005-11-29-18.29.38.531250 R01-M1-NC-I:J18-U01 RAS KERNEL INFO ciod: Received signal 15, code=0, errno=0, address=0x000001f5",-,few_shot,0,1," 0
Log",0,152.5272682497416
477,TYPE=RAS COMPONENT=KERNEL LEVEL=INFO CONTENT=generating core.2112,0,- 1120145615 2005.06.30 R00-M0-ND-C:J17-U01 2005-06-30-08.33.35.910212 R00-M0-ND-C:J17-U01 RAS KERNEL INFO generating core.2112,-,few_shot,1,0,"ATAL CONTENT=ciod: error reading message header
Label: 1

Log entry: TYPE=RAS COMPONENT=KERNEL LEVEL=INFO CONTENT=generating core.2112
Label: 0
Log",0,153.86402124977394
1855,"TYPE=RAS COMPONENT=KERNEL LEVEL=INFO CONTENT=10740 total interrupts. 0 critical input interrupts. 0 microseconds total spent on critical input interrupts, 0 microseconds max time in a critical input interrupt.",0,"- 1133448658 2005.12.01 R27-M0-NE-C:J17-U11 2005-12-01-06.50.58.300024 R27-M0-NE-C:J17-U11 RAS KERNEL INFO 10740 total interrupts. 0 critical input interrupts. 0 microseconds total spent on critical input interrupts, 0 microseconds max time in a critical input interrupt.",-,few_shot,0,1,", 0 microseconds max time in a critical input interrupt.
Label: 0
Log",0,153.86402124977394
668,TYPE=RAS COMPONENT=KERNEL LEVEL=INFO CONTENT=generating core.10211,0,- 1120934979 2005.07.09 R03-M0-N7-C:J03-U11 2005-07-09-11.49.39.697036 R03-M0-N7-C:J03-U11 RAS KERNEL INFO generating core.10211,-,few_shot,1,0,"=ciod: error reading message header
Label: 1

Log entry: TYPE=RAS COMPONENT=KERNEL LEVEL=INFO CONTENT=generating core.10211
Label: 0
Log",0,153.86402124977394
1417,"TYPE=RAS COMPONENT=MMCS LEVEL=ERROR CONTENT=idoproxydb hit ASSERT condition: ASSERT expression=0 Source file=idotransportmgr.cpp Source line=1043 Function=int IdoTransportMgr::SendPacket(IdoUdpMgr*, BglCtlPavTrace*)",0,"- 1127243216 2005.09.20 NULL 2005-09-20-12.06.56.253999 NULL RAS MMCS ERROR idoproxydb hit ASSERT condition: ASSERT expression=0 Source file=idotransportmgr.cpp Source line=1043 Function=int IdoTransportMgr::SendPacket(IdoUdpMgr*, BglCtlPavTrace*)",-,few_shot,1,0," 1
Log",0,153.86402124977394
1871,TYPE=RAS COMPONENT=KERNEL LEVEL=INFO CONTENT=0 microseconds spent in the rbs signal handler during 0 calls. 0 microseconds was the maximum time for a single instance of a correctable ddr.,0,- 1133454624 2005.12.01 R00-M0-N4-C:J09-U11 2005-12-01-08.30.24.223851 R00-M0-N4-C:J09-U11 RAS KERNEL INFO 0 microseconds spent in the rbs signal handler during 0 calls. 0 microseconds was the maximum time for a single instance of a correctable ddr.,-,few_shot,0,1," 0
Log",0,151.36648375028017
1299,TYPE=RAS COMPONENT=KERNEL LEVEL=INFO CONTENT=iar 003a9254 dear 00f07a88,0,- 1125083731 2005.08.26 R61-M0-N3-C:J11-U11 2005-08-26-12.15.31.374008 R61-M0-N3-C:J11-U11 RAS KERNEL INFO iar 003a9254 dear 00f07a88,-,few_shot,0,1,"00f07a88
Label: 0
Log",0,151.36648375028017
447,TYPE=RAS COMPONENT=KERNEL LEVEL=INFO CONTENT=program interrupt,0,- 1119806939 2005.06.26 R05-M0-N7-C:J13-U01 2005-06-26-10.28.59.279042 R05-M0-N7-C:J13-U01 RAS KERNEL INFO program interrupt,-,few_shot,1,0," error reading message header
Label: 1

Log entry: TYPE=RAS COMPONENT=KERNEL LEVEL=INFO CONTENT=program interrupt
Label: 0
Log",0,151.36648375028017
553,TYPE=RAS COMPONENT=KERNEL LEVEL=INFO CONTENT=1146800 double-hummer alignment exceptions,0,- 1120266866 2005.07.01 R30-M1-N9-C:J08-U11 2005-07-01-18.14.26.319216 R30-M1-N9-C:J08-U11 RAS KERNEL INFO 1146800 double-hummer alignment exceptions,-,few_shot,0,1,"=INFO CONTENT=1146800 double-hummer alignment exceptions
Label: 0
Log",0,151.36648375028017
178,TYPE=RAS COMPONENT=KERNEL LEVEL=FATAL CONTENT=instruction address: 0x00004ed8,0,- 1118710341 2005.06.13 R02-M0-N8-C:J08-U11 2005-06-13-17.52.21.811586 R02-M0-N8-C:J08-U11 RAS KERNEL FATAL instruction address: 0x00004ed8,-,few_shot,0,1,"x00004ed8
Label: 0
Log",0,152.27231000017127
390,TYPE=RAS COMPONENT=KERNEL LEVEL=INFO CONTENT=generating core.24721,0,- 1119714915 2005.06.25 R30-M1-N7-C:J12-U01 2005-06-25-08.55.15.625203 R30-M1-N7-C:J12-U01 RAS KERNEL INFO generating core.24721,-,few_shot,0,1,"INFO CONTENT=generating core.24721
Label: 0
Log",0,152.27231000017127
578,TYPE=RAS COMPONENT=KERNEL LEVEL=INFO CONTENT=generating core.24671,0,- 1120449964 2005.07.03 R21-M0-N6-C:J04-U11 2005-07-03-21.06.04.793853 R21-M0-N6-C:J04-U11 RAS KERNEL INFO generating core.24671,-,few_shot,0,1,"INFO CONTENT=generating core.24671
Label: 0
Log",0,152.27231000017127
1477,"TYPE=RAS COMPONENT=KERNEL LEVEL=INFO CONTENT=CE sym 6, at 0x0148b640, mask 0x10",0,"- 1128458085 2005.10.04 R23-M0-N8-C:J15-U11 2005-10-04-13.34.45.062257 R23-M0-N8-C:J15-U11 RAS KERNEL INFO CE sym 6, at 0x0148b640, mask 0x10",-,few_shot,0,1," 0
Log",0,152.27231000017127
1706,TYPE=RAS COMPONENT=KERNEL LEVEL=INFO CONTENT=iar 00106200 dear 0247019c,0,- 1131473825 2005.11.08 R62-M0-N1-C:J10-U01 2005-11-08-10.17.05.439216 R62-M0-N1-C:J10-U01 RAS KERNEL INFO iar 00106200 dear 0247019c,-,few_shot,0,1," 0
Log",0,133.7992517501334
1287,TYPE=RAS COMPONENT=KERNEL LEVEL=INFO CONTENT=2201500 double-hummer alignment exceptions,0,- 1125082766 2005.08.26 R62-M1-N6-C:J06-U11 2005-08-26-11.59.26.069334 R62-M1-N6-C:J06-U11 RAS KERNEL INFO 2201500 double-hummer alignment exceptions,-,few_shot,0,1," double-hummer alignment exceptions
Label: 0
Log",0,133.7992517501334
1644,TYPE=RAS COMPONENT=KERNEL LEVEL=INFO CONTENT=iar 0010671c dear 0245b72c,0,- 1131127319 2005.11.04 R62-M0-N6-C:J05-U11 2005-11-04-10.01.59.090723 R62-M0-N6-C:J05-U11 RAS KERNEL INFO iar 0010671c dear 0245b72c,-,few_shot,0,1," 0
Log",0,133.7992517501334
1023,TYPE=RAS COMPONENT=KERNEL LEVEL=INFO CONTENT=generating core.11244,0,- 1121707280 2005.07.18 R23-M0-N2-C:J15-U01 2005-07-18-10.21.20.444216 R23-M0-N2-C:J15-U01 RAS KERNEL INFO generating core.11244,-,few_shot,0,1,"ating core.11244
Label: 0
Log",0,133.7992517501334
820,"TYPE=RAS COMPONENT=KERNEL LEVEL=INFO CONTENT=CE sym 2, at 0x0d09f1c0, mask 0x80",0,"- 1121091173 2005.07.11 R30-M0-NB-C:J09-U01 2005-07-11-07.12.53.947417 R30-M0-NB-C:J09-U01 RAS KERNEL INFO CE sym 2, at 0x0d09f1c0, mask 0x80",-,few_shot,0,1,", mask 0x80
Label: 0
Log",0,151.47951825019845
1824,"TYPE=RAS COMPONENT=KERNEL LEVEL=INFO CONTENT=10730 total interrupts. 0 critical input interrupts. 0 microseconds total spent on critical input interrupts, 0 microseconds max time in a critical input interrupt.",0,"- 1133448080 2005.12.01 R56-M0-N1-C:J05-U11 2005-12-01-06.41.20.180521 R56-M0-N1-C:J05-U11 RAS KERNEL INFO 10730 total interrupts. 0 critical input interrupts. 0 microseconds total spent on critical input interrupts, 0 microseconds max time in a critical input interrupt.",-,few_shot,0,1," 0
Log",0,151.47951825019845
984,TYPE=RAS COMPONENT=KERNEL LEVEL=INFO CONTENT=generating core.29543,0,- 1121496542 2005.07.15 R02-M1-NA-C:J05-U11 2005-07-15-23.49.02.062268 R02-M1-NA-C:J05-U11 RAS KERNEL INFO generating core.29543,-,few_shot,0,1," entry: TYPE=RAS COMPONENT=KERNEL LEVEL=INFO CONTENT=generating core.29543
Label: 0
Log",0,151.47951825019845
1338,TYPE=RAS COMPONENT=KERNEL LEVEL=INFO CONTENT=28298332 double-hummer alignment exceptions,0,- 1125221152 2005.08.28 R41-M0-N2-C:J10-U01 2005-08-28-02.25.52.876786 R41-M0-N2-C:J10-U01 RAS KERNEL INFO 28298332 double-hummer alignment exceptions,-,few_shot,0,1," LEVEL=INFO CONTENT=28298332 double-hummer alignment exceptions
Label: 0
Log",0,151.47951825019845
664,TYPE=RAS COMPONENT=KERNEL LEVEL=INFO CONTENT=generating core.30603,0,- 1120934747 2005.07.09 R12-M0-N3-C:J02-U01 2005-07-09-11.45.47.078028 R12-M0-N3-C:J02-U01 RAS KERNEL INFO generating core.30603,-,few_shot,1,0,"=ciod: error reading message header
Label: 1

Log entry: TYPE=RAS COMPONENT=KERNEL LEVEL=INFO CONTENT=generating core.30603
Label: 0
Log",0,154.83404599990536
142,TYPE=RAS COMPONENT=KERNEL LEVEL=FATAL CONTENT=data TLB error interrupt,1,KERNDTLB 1118550514 2005.06.11 R30-M0-N9-C:J16-U01 2005-06-11-21.28.34.864892 R30-M0-N9-C:J16-U01 RAS KERNEL FATAL data TLB error interrupt,KERNDTLB,few_shot,1,1," TYPE=RAS COMPONENT=APP LEVEL=FATAL CONTENT=ciod: error reading message header
Label: 1

Log entry: TYPE=RAS COMPONENT=KERNEL LEVEL=FATAL CONTENT=data TLB error interrupt
Label: 1
Log",0,154.83404599990536
1516,"TYPE=RAS COMPONENT=APP LEVEL=FATAL CONTENT=ciod: Error loading allreduce_int_V1R1.rts: invalid or missing program image, No such file or directory",0,"- 1130251536 2005.10.25 R46-M0-NC-I:J18-U11 2005-10-25-07.45.36.124897 R46-M0-NC-I:J18-U11 RAS APP FATAL ciod: Error loading allreduce_int_V1R1.rts: invalid or missing program image, No such file or directory",-,few_shot,1,0,"reduce_int_V1R1.rts: invalid or missing program image, No such file or directory
Label: 1
Log",0,154.83404599990536
1429,"TYPE=RAS COMPONENT=MMCS LEVEL=ERROR CONTENT=idoproxydb hit ASSERT condition: ASSERT expression=0 Source file=idotransportmgr.cpp Source line=1043 Function=int IdoTransportMgr::SendPacket(IdoUdpMgr*, BglCtlPavTrace*)",0,"- 1127243411 2005.09.20 NULL 2005-09-20-12.10.11.325034 NULL RAS MMCS ERROR idoproxydb hit ASSERT condition: ASSERT expression=0 Source file=idotransportmgr.cpp Source line=1043 Function=int IdoTransportMgr::SendPacket(IdoUdpMgr*, BglCtlPavTrace*)",-,few_shot,1,0," 1
Log",0,154.83404599990536
864,TYPE=RAS COMPONENT=KERNEL LEVEL=INFO CONTENT=generating core.5520,0,- 1121256570 2005.07.13 R34-M0-N3-C:J14-U01 2005-07-13-05.09.30.620888 R34-M0-N3-C:J14-U01 RAS KERNEL INFO generating core.5520,-,few_shot,1,0,"AS COMPONENT=KERNEL LEVEL=FATAL CONTENT=rts: kernel terminated
Label: 1
Log entry: TYPE=RAS COMPONENT=APP LEVEL=FATAL CONTENT=ciod: error reading message header
Label: 1

Log entry: TYPE=RAS COMPONENT=KERNEL LEVEL=INFO CONTENT=generating core.5520
Label: 0
Log",0,160.6695010000294
421,TYPE=RAS COMPONENT=KERNEL LEVEL=INFO CONTENT=generating core.58777,0,- 1119725352 2005.06.25 R24-M0-N7-C:J10-U01 2005-06-25-11.49.12.823777 R24-M0-N7-C:J10-U01 RAS KERNEL INFO generating core.58777,-,few_shot,1,0,"=KERNEL LEVEL=FATAL CONTENT=rts: kernel terminated
Label: 1
Log entry: TYPE=RAS COMPONENT=APP LEVEL=FATAL CONTENT=ciod: error reading message header
Label: 1

Log entry: TYPE=RAS COMPONENT=KERNEL LEVEL=INFO CONTENT=generating core.58777
Label: 0
Log",0,160.6695010000294
636,TYPE=RAS COMPONENT=KERNEL LEVEL=INFO CONTENT=generating core.10793,0,- 1120929262 2005.07.09 R11-M1-N5-C:J12-U11 2005-07-09-10.14.22.332626 R11-M1-N5-C:J12-U11 RAS KERNEL INFO generating core.10793,-,few_shot,1,0,"=KERNEL LEVEL=FATAL CONTENT=rts: kernel terminated
Label: 1
Log entry: TYPE=RAS COMPONENT=APP LEVEL=FATAL CONTENT=ciod: error reading message header
Label: 1

Log entry: TYPE=RAS COMPONENT=KERNEL LEVEL=INFO CONTENT=generating core.10793
Label: 0
Log",0,160.6695010000294
1406,TYPE=NULL COMPONENT=DISCOVERY LEVEL=INFO CONTENT=Ido chip status changed: FF:F2:9F:15:7B:E0:00:0D:60:EA:84:1F ip=10.7.0.130 v=13 t=1 status=M Sat Sep 17 07:49:04 PDT 2005,0,- 1126969026 2005.09.17 UNKNOWN_LOCATION 2005-09-17-07.57.06.422022 UNKNOWN_LOCATION NULL DISCOVERY INFO Ido chip status changed: FF:F2:9F:15:7B:E0:00:0D:60:EA:84:1F ip=10.7.0.130 v=13 t=1 status=M Sat Sep 17 07:49:04 PDT 2005,-,few_shot,0,1," 0
Log",0,160.6695010000294
799,TYPE=RAS COMPONENT=KERNEL LEVEL=INFO CONTENT=generating core.2606,0,- 1120970946 2005.07.09 R01-M1-N2-C:J08-U11 2005-07-09-21.49.06.101225 R01-M1-N2-C:J08-U11 RAS KERNEL INFO generating core.2606,-,few_shot,1,0," header
Label: 1

Log entry: TYPE=RAS COMPONENT=KERNEL LEVEL=INFO CONTENT=generating core.2606
Label: 0
Log",0,154.60356174980916
1403,TYPE=RAS COMPONENT=KERNEL LEVEL=FATAL CONTENT=Lustre mount FAILED : bglio388 : point /p/gb1,1,KERNMNTF 1126627325 2005.09.13 R30-M0-N4-I:J18-U01 2005-09-13-09.02.05.602211 R30-M0-N4-I:J18-U01 RAS KERNEL FATAL Lustre mount FAILED : bglio388 : point /p/gb1,KERNMNTF,few_shot,1,1,"ATAL CONTENT=Lustre mount FAILED : bglio388 : point /p/gb1
Label: 1
Log",0,154.60356174980916
615,TYPE=RAS COMPONENT=KERNEL LEVEL=INFO CONTENT=generating core.3436,0,- 1120787008 2005.07.07 R14-M1-NC-C:J15-U11 2005-07-07-18.43.28.027906 R14-M1-NC-C:J15-U11 RAS KERNEL INFO generating core.3436,-,few_shot,1,0," header
Label: 1

Log entry: TYPE=RAS COMPONENT=KERNEL LEVEL=INFO CONTENT=generating core.3436
Label: 0
Log",0,154.60356174980916
294,TYPE=RAS COMPONENT=KERNEL LEVEL=FATAL CONTENT=lr:00004ed0 cr:28244842 xer:20000002 ctr:00086000,0,- 1118772877 2005.06.14 R27-M1-N3-C:J04-U11 2005-06-14-11.14.37.821210 R27-M1-N3-C:J04-U11 RAS KERNEL FATAL lr:00004ed0 cr:28244842 xer:20000002 ctr:00086000,-,few_shot,0,1," 0
Log",0,154.60356174980916
923,TYPE=RAS COMPONENT=KERNEL LEVEL=INFO CONTENT=generating core.24172,0,- 1121312396 2005.07.13 R21-M1-N0-C:J15-U01 2005-07-13-20.39.56.708943 R21-M1-N0-C:J15-U01 RAS KERNEL INFO generating core.24172,-,few_shot,0,1," entry: TYPE=RAS COMPONENT=KERNEL LEVEL=INFO CONTENT=generating core.24172
Label: 0
Log",0,151.51590274990667
1268,TYPE=RAS COMPONENT=KERNEL LEVEL=INFO CONTENT=ciod: generated 64 core files for program /bgl/apps/swl-prep/ibm-swl/functional/sppm_chkpt/run/sppm,0,- 1124547186 2005.08.20 R65-M0-NC-I:J18-U01 2005-08-20-07.13.06.997141 R65-M0-NC-I:J18-U01 RAS KERNEL INFO ciod: generated 64 core files for program /bgl/apps/swl-prep/ibm-swl/functional/sppm_chkpt/run/sppm,-,few_shot,0,1," 0
Log",0,151.51590274990667
1902,"TYPE=RAS COMPONENT=KERNEL LEVEL=INFO CONTENT=10676 total interrupts. 0 critical input interrupts. 0 microseconds total spent on critical input interrupts, 0 microseconds max time in a critical input interrupt.",0,"- 1133455272 2005.12.01 R65-M0-NE-C:J10-U11 2005-12-01-08.41.12.059696 R65-M0-NE-C:J10-U11 RAS KERNEL INFO 10676 total interrupts. 0 critical input interrupts. 0 microseconds total spent on critical input interrupts, 0 microseconds max time in a critical input interrupt.",-,few_shot,0,1," 0
Log",0,151.51590274990667
88,"TYPE=RAS COMPONENT=KERNEL LEVEL=INFO CONTENT=1 ddr errors(s) detected and corrected on rank 0, symbol 25, bit 1",0,"- 1118271740 2005.06.08 R03-M1-N9-C:J09-U11 2005-06-08-16.02.20.600478 R03-M1-N9-C:J09-U11 RAS KERNEL INFO 1 ddr errors(s) detected and corrected on rank 0, symbol 25, bit 1",-,few_shot,1,0,", symbol 25, bit 1
Label: 0
Log",0,151.51590274990667
41,TYPE=RAS COMPONENT=KERNEL LEVEL=INFO CONTENT=generating core.6896,0,- 1117988443 2005.06.05 R32-M1-N5-C:J17-U01 2005-06-05-09.20.43.944594 R32-M1-N5-C:J17-U01 RAS KERNEL INFO generating core.6896,-,few_shot,0,1," TYPE=RAS COMPONENT=KERNEL LEVEL=INFO CONTENT=ddr error(s) detected and corrected on rank 0
Label: 0
Log entry: TYPE=RAS COMPONENT=KERNEL LEVEL=INFO CONTENT=NFS Mount failed retrying
Label: 0
Log entry: TYPE=RAS COMPONENT=KERNEL LEVEL=FATAL CONTENT=rts: kernel terminated
Label: 1
Log entry: TYPE=RAS COMPONENT=APP LEVEL=FATAL CONTENT=ciod: error reading message header
Label: 1

Log entry: TYPE=RAS COMPONENT=KERNEL LEVEL=INFO CONTENT=generating core.6896
Label: 0
Log",0,176.9921160002923
1801,"TYPE=NULL COMPONENT=DISCOVERY LEVEL=INFO CONTENT=Node card VPD check: U01 node in processor card slot J05 do not match. VPD ecid 04D37DF2DE7BFFFF0D081AF0DAD2, found 04DD80740E2FFFFF0A0C19D0CEBD",0,"- 1133310116 2005.11.29 R67-M1-N7 2005-11-29-16.21.56.855025 R67-M1-N7 NULL DISCOVERY INFO Node card VPD check: U01 node in processor card slot J05 do not match. VPD ecid 04D37DF2DE7BFFFF0D081AF0DAD2, found 04DD80740E2FFFFF0A0C19D0CEBD",-,few_shot,1,0," in processor card slot J05 do not match. VPD ecid 04D37DF2DE7BFFFF0D081AF0DAD2, found 04DD80740E2FFFFF0A0C19D0CEBD
Label: 1
Log",0,176.9921160002923
1933,"TYPE=NULL COMPONENT=HARDWARE LEVEL=WARNING CONTENT=PrepareForService shutting down Node card(mLctn(R10-M1-N2), mCardSernum(203231503833343000000000594c31304b34323934303257), mLp(FF:F2:9F:16:E0:DA:00:0D:60:E9:1F:25), mIp(10.1.1.164), mType(4)) as part of Service Action 648",0,"- 1133630999 2005.12.03 R10-M1-N2 2005-12-03-09.29.59.645290 R10-M1-N2 NULL HARDWARE WARNING PrepareForService shutting down Node card(mLctn(R10-M1-N2), mCardSernum(203231503833343000000000594c31304b34323934303257), mLp(FF:F2:9F:16:E0:DA:00:0D:60:E9:1F:25), mIp(10.1.1.164), mType(4)) as part of Service Action 648",-,few_shot,0,1," 0
Log",0,176.9921160002923
131,TYPE=RAS COMPONENT=KERNEL LEVEL=FATAL CONTENT=data TLB error interrupt,1,KERNDTLB 1118544625 2005.06.11 R30-M0-N9-C:J16-U01 2005-06-11-19.50.25.307011 R30-M0-N9-C:J16-U01 RAS KERNEL FATAL data TLB error interrupt,KERNDTLB,few_shot,0,0," severity alone.

Examples:
Log entry: TYPE=RAS COMPONENT=KERNEL LEVEL=INFO CONTENT=ddr error(s) detected and corrected on rank 0
Label: 0
Log entry: TYPE=RAS COMPONENT=KERNEL LEVEL=INFO CONTENT=NFS Mount failed retrying
Label: 0
Log entry: TYPE=RAS COMPONENT=KERNEL LEVEL=FATAL CONTENT=rts: kernel terminated
Label: 1
Log entry: TYPE=RAS COMPONENT=APP LEVEL=FATAL CONTENT=ciod: error reading message header
Label: 1

Log entry: TYPE=RAS COMPONENT=KERNEL LEVEL=FATAL CONTENT=data TLB error interrupt
Label: 1
Log",0,176.9921160002923
1001,TYPE=RAS COMPONENT=KERNEL LEVEL=INFO CONTENT=generating core.11113,0,- 1121598603 2005.07.17 R13-M1-ND-C:J13-U11 2005-07-17-04.10.03.965790 R13-M1-ND-C:J13-U11 RAS KERNEL INFO generating core.11113,-,few_shot,0,1," entry: TYPE=RAS COMPONENT=KERNEL LEVEL=INFO CONTENT=generating core.11113
Label: 0
Log",0,151.49838099978297
1157,TYPE=RAS COMPONENT=KERNEL LEVEL=INFO CONTENT=generating core.62637,0,- 1122256630 2005.07.24 R10-M0-N2-C:J10-U11 2005-07-24-18.57.10.497267 R10-M0-N2-C:J10-U11 RAS KERNEL INFO generating core.62637,-,few_shot,0,1," entry: TYPE=RAS COMPONENT=KERNEL LEVEL=INFO CONTENT=generating core.62637
Label: 0
Log",0,151.49838099978297
1094,TYPE=RAS COMPONENT=KERNEL LEVEL=INFO CONTENT=generating core.24634,0,- 1122144004 2005.07.23 R21-M0-NF-C:J09-U11 2005-07-23-11.40.04.831495 R21-M0-NF-C:J09-U11 RAS KERNEL INFO generating core.24634,-,few_shot,0,1," entry: TYPE=RAS COMPONENT=KERNEL LEVEL=INFO CONTENT=generating core.24634
Label: 0
Log",0,151.49838099978297
1854,"TYPE=RAS COMPONENT=KERNEL LEVEL=INFO CONTENT=10744 total interrupts. 0 critical input interrupts. 0 microseconds total spent on critical input interrupts, 0 microseconds max time in a critical input interrupt.",0,"- 1133448656 2005.12.01 R27-M1-NA-C:J05-U11 2005-12-01-06.50.56.045860 R27-M1-NA-C:J05-U11 RAS KERNEL INFO 10744 total interrupts. 0 critical input interrupts. 0 microseconds total spent on critical input interrupts, 0 microseconds max time in a critical input interrupt.",-,few_shot,0,1," 0
Log",0,151.49838099978297
1344,TYPE=RAS COMPONENT=KERNEL LEVEL=INFO CONTENT=39190074 double-hummer alignment exceptions,0,- 1125221900 2005.08.28 R50-M1-NB-C:J07-U11 2005-08-28-02.38.20.600044 R50-M1-NB-C:J07-U11 RAS KERNEL INFO 39190074 double-hummer alignment exceptions,-,few_shot,0,1,"0074 double-hummer alignment exceptions
Label: 0
Log",0,151.1575679996895
1498,"TYPE=RAS COMPONENT=KERNEL LEVEL=INFO CONTENT=CE sym 14, at 0x08d4e740, mask 0x01",0,"- 1129353114 2005.10.14 R13-M1-N3-C:J05-U11 2005-10-14-22.11.54.142836 R13-M1-N3-C:J05-U11 RAS KERNEL INFO CE sym 14, at 0x08d4e740, mask 0x01",-,few_shot,0,1," 0
Log",0,151.1575679996895
164,TYPE=RAS COMPONENT=KERNEL LEVEL=INFO CONTENT=ciod: Message code 0 is not 51 or 4294967295,0,- 1118699850 2005.06.13 R22-M0-NC-I:J18-U01 2005-06-13-14.57.30.126106 R22-M0-NC-I:J18-U01 RAS KERNEL INFO ciod: Message code 0 is not 51 or 4294967295,-,few_shot,0,1,"Label: 0
Log",0,151.1575679996895
724,TYPE=RAS COMPONENT=KERNEL LEVEL=INFO CONTENT=generating core.11784,0,- 1120940548 2005.07.09 R17-M1-ND-C:J14-U01 2005-07-09-13.22.28.887665 R17-M1-ND-C:J14-U01 RAS KERNEL INFO generating core.11784,-,few_shot,0,1,"=INFO CONTENT=generating core.11784
Label: 0
Log",0,151.1575679996895
290,"TYPE=RAS COMPONENT=KERNEL LEVEL=FATAL CONTENT=problem state (0=sup,1=usr).......0",0,"- 1118772585 2005.06.14 R20-M1-N1-C:J10-U01 2005-06-14-11.09.45.838343 R20-M1-N1-C:J10-U01 RAS KERNEL FATAL problem state (0=sup,1=usr).......0",-,few_shot,1,0,"Label: 1

Log entry: TYPE=RAS COMPONENT=KERNEL LEVEL=FATAL CONTENT=problem state (0=sup,1=usr).......0
Label: 0
Log",0,153.8394744998186
1208,"TYPE=RAS COMPONENT=MMCS LEVEL=ERROR CONTENT=idoproxydb hit ASSERT condition: ASSERT expression=0 Source file=idotransportmgr.cpp Source line=1043 Function=int IdoTransportMgr::SendPacket(IdoUdpMgr*, BglCtlPavTrace*)",0,"- 1123110668 2005.08.03 NULL 2005-08-03-16.11.08.572137 NULL RAS MMCS ERROR idoproxydb hit ASSERT condition: ASSERT expression=0 Source file=idotransportmgr.cpp Source line=1043 Function=int IdoTransportMgr::SendPacket(IdoUdpMgr*, BglCtlPavTrace*)",-,few_shot,1,0," 1
Log",0,153.8394744998186
1588,TYPE=RAS COMPONENT=KERNEL LEVEL=INFO CONTENT=iar 00106534 dear 02494c3c,0,- 1131060644 2005.11.03 R66-M1-NC-C:J04-U11 2005-11-03-15.30.44.679329 R66-M1-NC-C:J04-U11 RAS KERNEL INFO iar 00106534 dear 02494c3c,-,few_shot,0,1," LEVEL=INFO CONTENT=iar 00106534 dear 02494c3c
Label: 0
Log",0,153.8394744998186
1896,"TYPE=RAS COMPONENT=KERNEL LEVEL=INFO CONTENT=CE sym 4, at 0x0589f8e0, mask 0x10",0,"- 1133455125 2005.12.01 R71-M0-NF-C:J11-U11 2005-12-01-08.38.45.935400 R71-M0-NF-C:J11-U11 RAS KERNEL INFO CE sym 4, at 0x0589f8e0, mask 0x10",-,few_shot,0,1,"4, at 0x0589f8e0, mask 0x10
Label: 0
Log",0,153.8394744998186
1641,TYPE=RAS COMPONENT=KERNEL LEVEL=INFO CONTENT=iar 00106704 dear 0245d57c,0,- 1131127267 2005.11.04 R62-M0-N8-C:J14-U01 2005-11-04-10.01.07.918137 R62-M0-N8-C:J14-U01 RAS KERNEL INFO iar 00106704 dear 0245d57c,-,few_shot,0,1," 0
Log",0,132.91167024999595
1361,TYPE=RAS COMPONENT=KERNEL LEVEL=INFO CONTENT=iar 0014a150 dear 009b9288,0,- 1125223914 2005.08.28 R51-M0-N6-C:J15-U01 2005-08-28-03.11.54.456031 R51-M0-N6-C:J15-U01 RAS KERNEL INFO iar 0014a150 dear 009b9288,-,few_shot,0,1," 0
Log",0,132.91167024999595
778,TYPE=RAS COMPONENT=KERNEL LEVEL=INFO CONTENT=generating core.19744,0,- 1120969163 2005.07.09 R36-M0-N9-C:J17-U01 2005-07-09-21.19.23.537422 R36-M0-N9-C:J17-U01 RAS KERNEL INFO generating core.19744,-,few_shot,0,1,"ating core.19744
Label: 0
Log",0,132.91167024999595
839,TYPE=RAS COMPONENT=KERNEL LEVEL=INFO CONTENT=112099344 double-hummer alignment exceptions,0,- 1121252310 2005.07.13 R24-M0-N1-C:J03-U01 2005-07-13-03.58.30.362009 R24-M0-N1-C:J03-U01 RAS KERNEL INFO 112099344 double-hummer alignment exceptions,-,few_shot,0,1,"ummer alignment exceptions
Label: 0
Log",0,132.91167024999595
348,"TYPE=RAS COMPONENT=KERNEL LEVEL=INFO CONTENT=CE sym 2, at 0x0b85f680, mask 0x0e",0,"- 1119103692 2005.06.18 R16-M1-N2-C:J17-U01 2005-06-18-07.08.12.026766 R16-M1-N2-C:J17-U01 RAS KERNEL INFO CE sym 2, at 0x0b85f680, mask 0x0e",-,few_shot,0,1," 0
Log",0,151.15850524989582
1944,TYPE=RAS COMPONENT=KERNEL LEVEL=INFO CONTENT=total of 1 ddr error(s) detected and corrected over 2487 seconds,0,- 1133715868 2005.12.04 R06-M1-N6-C:J08-U01 2005-12-04-09.04.28.582086 R06-M1-N6-C:J08-U01 RAS KERNEL INFO total of 1 ddr error(s) detected and corrected over 2487 seconds,-,few_shot,0,1,"7 seconds
Label: 0
Log",0,151.15850524989582
571,TYPE=RAS COMPONENT=KERNEL LEVEL=INFO CONTENT=generating core.13776,0,- 1120447451 2005.07.03 R32-M1-N5-C:J16-U11 2005-07-03-20.24.11.514321 R32-M1-N5-C:J16-U11 RAS KERNEL INFO generating core.13776,-,few_shot,0,1,"INFO CONTENT=generating core.13776
Label: 0
Log",0,151.15850524989582
917,TYPE=RAS COMPONENT=KERNEL LEVEL=INFO CONTENT=generating core.32755,0,- 1121312262 2005.07.13 R32-M1-N1-C:J03-U11 2005-07-13-20.37.42.283997 R32-M1-N1-C:J03-U11 RAS KERNEL INFO generating core.32755,-,few_shot,0,1,"INFO CONTENT=generating core.32755
Label: 0
Log",0,151.15850524989582
976,TYPE=RAS COMPONENT=KERNEL LEVEL=INFO CONTENT=generating core.8879,0,- 1121496041 2005.07.15 R17-M1-N6-C:J04-U11 2005-07-15-23.40.41.176362 R17-M1-N6-C:J04-U11 RAS KERNEL INFO generating core.8879,-,few_shot,0,1,"

Log entry: TYPE=RAS COMPONENT=KERNEL LEVEL=INFO CONTENT=generating core.8879
Label: 0
Log",0,151.64596375007022
1913,"TYPE=RAS COMPONENT=KERNEL LEVEL=INFO CONTENT=10714 total interrupts. 0 critical input interrupts. 0 microseconds total spent on critical input interrupts, 0 microseconds max time in a critical input interrupt.",0,"- 1133455494 2005.12.01 R44-M1-NC-C:J03-U01 2005-12-01-08.44.54.498009 R44-M1-NC-C:J03-U01 RAS KERNEL INFO 10714 total interrupts. 0 critical input interrupts. 0 microseconds total spent on critical input interrupts, 0 microseconds max time in a critical input interrupt.",-,few_shot,0,1," 0
Log",0,151.64596375007022
1468,TYPE=RAS COMPONENT=KERNEL LEVEL=INFO CONTENT=critical input interrupt (unit=0x0b bit=0x06): warning for torus y+ wire,0,- 1128027755 2005.09.29 R03-M1-ND-C:J14-U01 2005-09-29-14.02.35.872055 R03-M1-ND-C:J14-U01 RAS KERNEL INFO critical input interrupt (unit=0x0b bit=0x06): warning for torus y+ wire,-,few_shot,0,1," warning for torus y+ wire
Label: 0
Log",0,151.64596375007022
1591,TYPE=RAS COMPONENT=KERNEL LEVEL=INFO CONTENT=2354412 floating point alignment exceptions,0,- 1131061480 2005.11.03 R61-M0-N8-C:J03-U01 2005-11-03-15.44.40.306019 R61-M0-N8-C:J03-U01 RAS KERNEL INFO 2354412 floating point alignment exceptions,-,few_shot,0,1,"AS COMPONENT=KERNEL LEVEL=INFO CONTENT=2354412 floating point alignment exceptions
Label: 0
Log",0,151.64596375007022
1317,TYPE=RAS COMPONENT=KERNEL LEVEL=INFO CONTENT=iar 003a9260 dear 012979b8,0,- 1125084431 2005.08.26 R66-M1-ND-C:J09-U11 2005-08-26-12.27.11.743183 R66-M1-ND-C:J09-U11 RAS KERNEL INFO iar 003a9260 dear 012979b8,-,few_shot,0,1,"012979b8
Label: 0
Log",0,151.39379075026227
1844,TYPE=RAS COMPONENT=KERNEL LEVEL=INFO CONTENT=0 microseconds spent in the rbs signal handler during 0 calls. 0 microseconds was the maximum time for a single instance of a correctable ddr.,0,- 1133448466 2005.12.01 R44-M0-N3-C:J06-U01 2005-12-01-06.47.46.598443 R44-M0-N3-C:J06-U01 RAS KERNEL INFO 0 microseconds spent in the rbs signal handler during 0 calls. 0 microseconds was the maximum time for a single instance of a correctable ddr.,-,few_shot,0,1," 0
Log",0,151.39379075026227
136,TYPE=RAS COMPONENT=KERNEL LEVEL=FATAL CONTENT=data TLB error interrupt,1,KERNDTLB 1118548457 2005.06.11 R30-M0-N9-C:J16-U01 2005-06-11-20.54.17.510380 R30-M0-N9-C:J16-U01 RAS KERNEL FATAL data TLB error interrupt,KERNDTLB,few_shot,1,1,"
Label: 1

Log entry: TYPE=RAS COMPONENT=KERNEL LEVEL=FATAL CONTENT=data TLB error interrupt
Label: 1
Log",0,151.39379075026227
458,"TYPE=RAS COMPONENT=KERNEL LEVEL=INFO CONTENT=CE sym 10, at 0x08e70580, mask 0x08",0,"- 1119989828 2005.06.28 R26-M0-NB-C:J07-U01 2005-06-28-13.17.08.922455 R26-M0-NB-C:J07-U01 RAS KERNEL INFO CE sym 10, at 0x08e70580, mask 0x08",-,few_shot,0,1,"x08
Label: 0
Log",0,151.39379075026227
375,TYPE=RAS COMPONENT=KERNEL LEVEL=INFO CONTENT=2576000 double-hummer alignment exceptions,0,- 1119479310 2005.06.22 R20-M0-N6-C:J03-U01 2005-06-22-15.28.30.643475 R20-M0-N6-C:J03-U01 RAS KERNEL INFO 2576000 double-hummer alignment exceptions,-,few_shot,0,1,": 0
Log",0,132.6985292498648
1342,TYPE=RAS COMPONENT=KERNEL LEVEL=INFO CONTENT=35418742 double-hummer alignment exceptions,0,- 1125221765 2005.08.28 R40-M0-N1-C:J10-U01 2005-08-28-02.36.05.474124 R40-M0-N1-C:J10-U01 RAS KERNEL INFO 35418742 double-hummer alignment exceptions,-,few_shot,0,1," 0
Log",0,132.6985292498648
333,TYPE=RAS COMPONENT=KERNEL LEVEL=INFO CONTENT=instruction cache parity error corrected,0,- 1118860111 2005.06.15 R02-M1-N0-C:J12-U11 2005-06-15-11.28.31.099655 R02-M1-N0-C:J12-U11 RAS KERNEL INFO instruction cache parity error corrected,-,few_shot,0,1,"instruction cache parity error corrected
Label: 0
Log",0,132.6985292498648
1159,TYPE=RAS COMPONENT=KERNEL LEVEL=INFO CONTENT=generating core.37807,0,- 1122256860 2005.07.24 R12-M1-N2-C:J04-U11 2005-07-24-19.01.00.580526 R12-M1-N2-C:J04-U11 RAS KERNEL INFO generating core.37807,-,few_shot,0,1,"7
Label: 0
Log",0,132.6985292498648
1760,TYPE=RAS COMPONENT=KERNEL LEVEL=INFO CONTENT=26741629 torus sender z- retransmission error(s) (dcr 0x02f9) detected and corrected over 268 seconds,0,- 1132236972 2005.11.17 R72-M1-N6-C:J04-U01 2005-11-17-06.16.12.504899 R72-M1-N6-C:J04-U01 RAS KERNEL INFO 26741629 torus sender z- retransmission error(s) (dcr 0x02f9) detected and corrected over 268 seconds,-,few_shot,1,0," 1
Log",0,154.828634000296
1457,"TYPE=RAS COMPONENT=KERNEL LEVEL=INFO CONTENT=1 ddr errors(s) detected and corrected on rank 0, symbol 35, bit 1",0,"- 1127456570 2005.09.22 R57-M0-NB-C:J07-U11 2005-09-22-23.22.50.037439 R57-M0-NB-C:J07-U11 RAS KERNEL INFO 1 ddr errors(s) detected and corrected on rank 0, symbol 35, bit 1",-,few_shot,0,1," corrected on rank 0, symbol 35, bit 1
Label: 0
Log",0,154.828634000296
816,TYPE=RAS COMPONENT=KERNEL LEVEL=INFO CONTENT=generating core.16623,0,- 1121006900 2005.07.10 R24-M1-N6-C:J05-U01 2005-07-10-07.48.20.756795 R24-M1-N6-C:J05-U01 RAS KERNEL INFO generating core.16623,-,few_shot,1,0,": 1

Log entry: TYPE=RAS COMPONENT=KERNEL LEVEL=INFO CONTENT=generating core.16623
Label: 0
Log",0,154.828634000296
1114,TYPE=RAS COMPONENT=KERNEL LEVEL=INFO CONTENT=generating core.7818,0,- 1122165233 2005.07.23 R16-M0-N9-C:J08-U11 2005-07-23-17.33.53.667330 R16-M0-N9-C:J08-U11 RAS KERNEL INFO generating core.7818,-,few_shot,1,0,"
Label: 1

Log entry: TYPE=RAS COMPONENT=KERNEL LEVEL=INFO CONTENT=generating core.7818
Label: 0
Log",0,154.828634000296
1005,TYPE=RAS COMPONENT=KERNEL LEVEL=INFO CONTENT=generating core.58120,0,- 1121598788 2005.07.17 R12-M0-NF-C:J16-U01 2005-07-17-04.13.08.062527 R12-M0-NF-C:J16-U01 RAS KERNEL INFO generating core.58120,-,few_shot,0,1," BGL log entry for anomaly detection.
Return exactly one label: 0 or 1.
0 means normal. 1 means anomalous.
Do not explain your answer.
Do not output any other text.
Judge based mainly on the event content, not severity alone.

Examples:
Log entry: TYPE=RAS COMPONENT=KERNEL LEVEL=INFO CONTENT=ddr error(s) detected and corrected on rank 0
Label: 0
Log entry: TYPE=RAS COMPONENT=KERNEL LEVEL=INFO CONTENT=NFS Mount failed retrying
Label: 0
Log entry: TYPE=RAS COMPONENT=KERNEL LEVEL=FATAL CONTENT=rts: kernel terminated
Label: 1
Log entry: TYPE=RAS COMPONENT=APP LEVEL=FATAL CONTENT=ciod: error reading message header
Label: 1

Log entry: TYPE=RAS COMPONENT=KERNEL LEVEL=INFO CONTENT=generating core.58120
Label: 0
Log",0,190.08454774984784
1856,TYPE=RAS COMPONENT=KERNEL LEVEL=INFO CONTENT=0 microseconds spent in the rbs signal handler during 0 calls. 0 microseconds was the maximum time for a single instance of a correctable ddr.,0,- 1133448674 2005.12.01 R26-M1-NF-C:J09-U01 2005-12-01-06.51.14.927478 R26-M1-NF-C:J09-U01 RAS KERNEL INFO 0 microseconds spent in the rbs signal handler during 0 calls. 0 microseconds was the maximum time for a single instance of a correctable ddr.,-,few_shot,0,1," mainly on the event content, not severity alone.

Examples:
Log entry: TYPE=RAS COMPONENT=KERNEL LEVEL=INFO CONTENT=ddr error(s) detected and corrected on rank 0
Label: 0
Log entry: TYPE=RAS COMPONENT=KERNEL LEVEL=INFO CONTENT=NFS Mount failed retrying
Label: 0
Log entry: TYPE=RAS COMPONENT=KERNEL LEVEL=FATAL CONTENT=rts: kernel terminated
Label: 1
Log entry: TYPE=RAS COMPONENT=APP LEVEL=FATAL CONTENT=ciod: error reading message header
Label: 1

Log entry: TYPE=RAS COMPONENT=KERNEL LEVEL=INFO CONTENT=0 microseconds spent in the rbs signal handler during 0 calls. 0 microseconds was the maximum time for a single instance of a correctable ddr.
Label: 0
Log",0,190.08454774984784
1954,"TYPE=RAS COMPONENT=KERNEL LEVEL=INFO CONTENT=Kernel detected 3946290 integer alignment exceptions (3946283) iar 0x00544ea8, dear 0x01ef6080 (3946284) iar 0x00544eb8, dear 0x01ef60a0 (3946285) iar 0x00544ea8, dear 0x01ef60c0 (3946286) iar 0x00544eb8, dear 0x01ef60e0 (3946287) iar 0x00544ee0, dear 0x01ef6100 (3946288) iar 0x00544ef0, dear 0x01ef6120 (3946289) iar 0x00544ee0, dear 0x01ef6140 (3946290) iar 0x00544ef0, dear 0x01ef6160",0,"- 1133928125 2005.12.06 R36-M0-N7-C:J09-U11 2005-12-06-20.02.05.596871 R36-M0-N7-C:J09-U11 RAS KERNEL INFO Kernel detected 3946290 integer alignment exceptions (3946283) iar 0x00544ea8, dear 0x01ef6080 (3946284) iar 0x00544eb8, dear 0x01ef60a0 (3946285) iar 0x00544ea8, dear 0x01ef60c0 (3946286) iar 0x00544eb8, dear 0x01ef60e0 (3946287) iar 0x00544ee0, dear 0x01ef6100 (3946288) iar 0x00544ef0, dear 0x01ef6120 (3946289) iar 0x00544ee0, dear 0x01ef6140 (3946290) iar 0x00544ef0, dear 0x01ef6160",-,few_shot,1,0,6100,1,190.08454774984784
1850,TYPE=RAS COMPONENT=KERNEL LEVEL=INFO CONTENT=0 microseconds spent in the rbs signal handler during 0 calls. 0 microseconds was the maximum time for a single instance of a correctable ddr.,0,- 1133448498 2005.12.01 R64-M0-N8-C:J05-U11 2005-12-01-06.48.18.151322 R64-M0-N8-C:J05-U11 RAS KERNEL INFO 0 microseconds spent in the rbs signal handler during 0 calls. 0 microseconds was the maximum time for a single instance of a correctable ddr.,-,few_shot,0,1," mainly on the event content, not severity alone.

Examples:
Log entry: TYPE=RAS COMPONENT=KERNEL LEVEL=INFO CONTENT=ddr error(s) detected and corrected on rank 0
Label: 0
Log entry: TYPE=RAS COMPONENT=KERNEL LEVEL=INFO CONTENT=NFS Mount failed retrying
Label: 0
Log entry: TYPE=RAS COMPONENT=KERNEL LEVEL=FATAL CONTENT=rts: kernel terminated
Label: 1
Log entry: TYPE=RAS COMPONENT=APP LEVEL=FATAL CONTENT=ciod: error reading message header
Label: 1

Log entry: TYPE=RAS COMPONENT=KERNEL LEVEL=INFO CONTENT=0 microseconds spent in the rbs signal handler during 0 calls. 0 microseconds was the maximum time for a single instance of a correctable ddr.
Label: 0
Log",0,190.08454774984784
910,TYPE=RAS COMPONENT=KERNEL LEVEL=INFO CONTENT=generating core.18689,0,- 1121312018 2005.07.13 R36-M0-NB-C:J12-U01 2005-07-13-20.33.38.333720 R36-M0-NB-C:J12-U01 RAS KERNEL INFO generating core.18689,-,few_shot,0,1,"=INFO CONTENT=generating core.18689
Label: 0
Log",0,152.49243375001242
1929,"TYPE=RAS COMPONENT=KERNEL LEVEL=INFO CONTENT=CE sym 27, at 0x00284720, mask 0x11",0,"- 1133474785 2005.12.01 R47-M1-N4-C:J17-U11 2005-12-01-14.06.25.612025 R47-M1-N4-C:J17-U11 RAS KERNEL INFO CE sym 27, at 0x00284720, mask 0x11",-,few_shot,0,1," 0
Log",0,152.49243375001242
1125,TYPE=RAS COMPONENT=KERNEL LEVEL=INFO CONTENT=5 floating point alignment exceptions,0,- 1122165682 2005.07.23 R10-M1-N4-C:J06-U01 2005-07-23-17.41.22.125837 R10-M1-N4-C:J06-U01 RAS KERNEL INFO 5 floating point alignment exceptions,-,few_shot,0,1,": TYPE=RAS COMPONENT=KERNEL LEVEL=INFO CONTENT=5 floating point alignment exceptions
Label: 0
Log",0,152.49243375001242
328,TYPE=RAS COMPONENT=KERNEL LEVEL=INFO CONTENT=instruction cache parity error corrected,0,- 1118852660 2005.06.15 R02-M1-N0-C:J12-U11 2005-06-15-09.24.20.246651 R02-M1-N0-C:J12-U11 RAS KERNEL INFO instruction cache parity error corrected,-,few_shot,0,1,": TYPE=RAS COMPONENT=KERNEL LEVEL=INFO CONTENT=instruction cache parity error corrected
Label: 0
Log",0,152.49243375001242
1247,"TYPE=RAS COMPONENT=APP LEVEL=FATAL CONTENT=ciod: Error loading /bgl/apps/scaletest/performance/MINIBEN/mb_243_0810/allreduce.rts: invalid or missing program image, Exec format error",0,"- 1123914894 2005.08.12 R15-M0-NC-I:J18-U11 2005-08-12-23.34.54.272486 R15-M0-NC-I:J18-U11 RAS APP FATAL ciod: Error loading /bgl/apps/scaletest/performance/MINIBEN/mb_243_0810/allreduce.rts: invalid or missing program image, Exec format error",-,few_shot,1,0," 1
Log",0,153.55384725035037
318,TYPE=RAS COMPONENT=KERNEL LEVEL=INFO CONTENT=instruction cache parity error corrected,0,- 1118811100 2005.06.14 R02-M1-N0-C:J12-U11 2005-06-14-21.51.40.083003 R02-M1-N0-C:J12-U11 RAS KERNEL INFO instruction cache parity error corrected,-,few_shot,1,0,"=FATAL CONTENT=ciod: error reading message header
Label: 1

Log entry: TYPE=RAS COMPONENT=KERNEL LEVEL=INFO CONTENT=instruction cache parity error corrected
Label: 0
Log",0,153.55384725035037
1689,TYPE=RAS COMPONENT=KERNEL LEVEL=INFO CONTENT=instruction cache parity error corrected,0,- 1131163283 2005.11.04 R63-M0-N3-C:J02-U11 2005-11-04-20.01.23.415003 R63-M0-N3-C:J02-U11 RAS KERNEL INFO instruction cache parity error corrected,-,few_shot,1,0,"=FATAL CONTENT=ciod: error reading message header
Label: 1

Log entry: TYPE=RAS COMPONENT=KERNEL LEVEL=INFO CONTENT=instruction cache parity error corrected
Label: 0
Log",0,153.55384725035037
1358,TYPE=RAS COMPONENT=KERNEL LEVEL=INFO CONTENT=iar 00149ee0 dear 009a2788,0,- 1125223673 2005.08.28 R40-M0-N1-C:J16-U01 2005-08-28-03.07.53.456194 R40-M0-N1-C:J16-U01 RAS KERNEL INFO iar 00149ee0 dear 009a2788,-,few_shot,0,1," CONTENT=iar 00149ee0 dear 009a2788
Label: 0
Log",0,153.55384725035037
1732,TYPE=RAS COMPONENT=KERNEL LEVEL=INFO CONTENT=5 torus receiver z+ input pipe error(s) (dcr 0x02f0) detected and corrected,0,- 1131601567 2005.11.09 R51-M1-N4-C:J07-U01 2005-11-09-21.46.07.597381 R51-M1-N4-C:J07-U01 RAS KERNEL INFO 5 torus receiver z+ input pipe error(s) (dcr 0x02f0) detected and corrected,-,few_shot,0,1," detected and corrected
Label: 0
Log",0,151.34627649968024
167,TYPE=RAS COMPONENT=KERNEL LEVEL=FATAL CONTENT=data storage interrupt,1,KERNSTOR 1118709549 2005.06.13 R15-M0-N9-C:J05-U11 2005-06-13-17.39.09.591793 R15-M0-N9-C:J05-U11 RAS KERNEL FATAL data storage interrupt,KERNSTOR,few_shot,1,1," error reading message header
Label: 1

Log entry: TYPE=RAS COMPONENT=KERNEL LEVEL=FATAL CONTENT=data storage interrupt
Label: 1
Log",0,151.34627649968024
12,TYPE=RAS COMPONENT=KERNEL LEVEL=INFO CONTENT=generating core.862,0,- 1117955392 2005.06.05 R24-M1-N8-C:J09-U11 2005-06-05-00.09.52.516674 R24-M1-N8-C:J09-U11 RAS KERNEL INFO generating core.862,-,few_shot,0,1,"Log entry: TYPE=RAS COMPONENT=KERNEL LEVEL=INFO CONTENT=generating core.862
Label: 0
Log",0,151.34627649968024
1926,TYPE=RAS COMPONENT=KERNEL LEVEL=INFO CONTENT=0 microseconds spent in the rbs signal handler during 0 calls. 0 microseconds was the maximum time for a single instance of a correctable ddr.,0,- 1133455660 2005.12.01 R24-M0-N9-C:J10-U11 2005-12-01-08.47.40.003136 R24-M0-N9-C:J10-U11 RAS KERNEL INFO 0 microseconds spent in the rbs signal handler during 0 calls. 0 microseconds was the maximum time for a single instance of a correctable ddr.,-,few_shot,0,1," 0
Log",0,151.34627649968024
171,TYPE=RAS COMPONENT=KERNEL LEVEL=FATAL CONTENT=data storage interrupt,1,KERNSTOR 1118709717 2005.06.13 R05-M0-N7-C:J10-U11 2005-06-13-17.41.57.658353 R05-M0-N7-C:J10-U11 RAS KERNEL FATAL data storage interrupt,KERNSTOR,few_shot,1,1," CONTENT=data storage interrupt
Label: 1
Log",0,133.88830750000125
649,TYPE=RAS COMPONENT=KERNEL LEVEL=INFO CONTENT=generating core.56320,0,- 1120932594 2005.07.09 R01-M1-N9-C:J14-U01 2005-07-09-11.09.54.062141 R01-M1-N9-C:J14-U01 RAS KERNEL INFO generating core.56320,-,few_shot,0,1," 0
Log",0,133.88830750000125
1061,TYPE=RAS COMPONENT=KERNEL LEVEL=INFO CONTENT=8 floating point alignment exceptions,0,- 1121903795 2005.07.20 R06-M0-N7-C:J10-U11 2005-07-20-16.56.35.232612 R06-M0-N7-C:J10-U11 RAS KERNEL INFO 8 floating point alignment exceptions,-,few_shot,0,1," exceptions
Label: 0
Log",0,133.88830750000125
260,TYPE=RAS COMPONENT=KERNEL LEVEL=FATAL CONTENT=machine check enable..............0,0,- 1118771085 2005.06.14 R27-M1-ND-C:J09-U01 2005-06-14-10.44.45.851799 R27-M1-ND-C:J09-U01 RAS KERNEL FATAL machine check enable..............0,-,few_shot,0,1,"
Label: 0
Log",0,133.88830750000125
1366,TYPE=RAS COMPONENT=KERNEL LEVEL=INFO CONTENT=iar 0014a150 dear 009829b8,0,- 1125224269 2005.08.28 R45-M0-ND-C:J09-U01 2005-08-28-03.17.49.107299 R45-M0-ND-C:J09-U01 RAS KERNEL INFO iar 0014a150 dear 009829b8,-,few_shot,0,1," 0
Log",0,132.8630572502334
1548,TYPE=RAS COMPONENT=KERNEL LEVEL=INFO CONTENT=iar 00106210 dear 0244c20c,0,- 1131058316 2005.11.03 R65-M0-N1-C:J04-U01 2005-11-03-14.51.56.723449 R65-M0-N1-C:J04-U01 RAS KERNEL INFO iar 00106210 dear 0244c20c,-,few_shot,0,1," 0
Log",0,132.8630572502334
901,TYPE=RAS COMPONENT=KERNEL LEVEL=INFO CONTENT=generating core.5428,0,- 1121311390 2005.07.13 R37-M0-NC-C:J17-U11 2005-07-13-20.23.10.257361 R37-M0-NC-C:J17-U11 RAS KERNEL INFO generating core.5428,-,few_shot,0,1,"=generating core.5428
Label: 0
Log",0,132.8630572502334
672,TYPE=RAS COMPONENT=KERNEL LEVEL=INFO CONTENT=generating core.25382,0,- 1120935076 2005.07.09 R02-M1-NE-C:J08-U11 2005-07-09-11.51.16.012286 R02-M1-NE-C:J08-U11 RAS KERNEL INFO generating core.25382,-,few_shot,0,1,"ating core.25382
Label: 0
Log",0,132.8630572502334
258,TYPE=RAS COMPONENT=KERNEL LEVEL=FATAL CONTENT=floating point instr. enabled.....1,0,- 1118771014 2005.06.14 R27-M1-NF-C:J03-U11 2005-06-14-10.43.34.293126 R27-M1-NF-C:J03-U11 RAS KERNEL FATAL floating point instr. enabled.....1,-,few_shot,1,0," TYPE=RAS COMPONENT=KERNEL LEVEL=FATAL CONTENT=floating point instr. enabled.....1
Label: 1
Log",0,151.1002864999682
844,TYPE=RAS COMPONENT=KERNEL LEVEL=INFO CONTENT=114147592 double-hummer alignment exceptions,0,- 1121252450 2005.07.13 R11-M1-NE-C:J06-U01 2005-07-13-04.00.50.209028 R11-M1-NE-C:J06-U01 RAS KERNEL INFO 114147592 double-hummer alignment exceptions,-,few_shot,0,1,"147592 double-hummer alignment exceptions
Label: 0
Log",0,151.1002864999682
867,TYPE=RAS COMPONENT=KERNEL LEVEL=INFO CONTENT=generating core.47007,0,- 1121256778 2005.07.13 R23-M1-N2-C:J02-U01 2005-07-13-05.12.58.717336 R23-M1-N2-C:J02-U01 RAS KERNEL INFO generating core.47007,-,few_shot,0,1,"=KERNEL LEVEL=INFO CONTENT=generating core.47007
Label: 0
Log",0,151.1002864999682
1799,"TYPE=RAS COMPONENT=KERNEL LEVEL=INFO CONTENT=ciod: Received signal 15, code=0, errno=0, address=0x000001f2",0,"- 1133306285 2005.11.29 R60-M0-N4-I:J18-U01 2005-11-29-15.18.05.050463 R60-M0-N4-I:J18-U01 RAS KERNEL INFO ciod: Received signal 15, code=0, errno=0, address=0x000001f2",-,few_shot,0,1," 0
Log",0,151.1002864999682
138,TYPE=RAS COMPONENT=KERNEL LEVEL=FATAL CONTENT=data TLB error interrupt,1,KERNDTLB 1118549132 2005.06.11 R30-M0-N9-C:J16-U01 2005-06-11-21.05.32.007991 R30-M0-N9-C:J16-U01 RAS KERNEL FATAL data TLB error interrupt,KERNDTLB,few_shot,1,1," reading message header
Label: 1

Log entry: TYPE=RAS COMPONENT=KERNEL LEVEL=FATAL CONTENT=data TLB error interrupt
Label: 1
Log",0,151.40350100000433
893,TYPE=RAS COMPONENT=KERNEL LEVEL=INFO CONTENT=generating core.5939,0,- 1121310926 2005.07.13 R37-M0-ND-C:J03-U11 2005-07-13-20.15.26.655051 R37-M0-ND-C:J03-U11 RAS KERNEL INFO generating core.5939,-,few_shot,0,1,"

Log entry: TYPE=RAS COMPONENT=KERNEL LEVEL=INFO CONTENT=generating core.5939
Label: 0
Log",0,151.40350100000433
1837,"TYPE=RAS COMPONENT=KERNEL LEVEL=INFO CONTENT=10722 total interrupts. 0 critical input interrupts. 0 microseconds total spent on critical input interrupts, 0 microseconds max time in a critical input interrupt.",0,"- 1133448306 2005.12.01 R53-M0-N1-C:J11-U11 2005-12-01-06.45.06.711202 R53-M0-N1-C:J11-U11 RAS KERNEL INFO 10722 total interrupts. 0 critical input interrupts. 0 microseconds total spent on critical input interrupts, 0 microseconds max time in a critical input interrupt.",-,few_shot,0,1," 0
Log",0,151.40350100000433
549,TYPE=RAS COMPONENT=KERNEL LEVEL=INFO CONTENT=458720 double-hummer alignment exceptions,0,- 1120265616 2005.07.01 R35-M1-N1-C:J09-U01 2005-07-01-17.53.36.360670 R35-M1-N1-C:J09-U01 RAS KERNEL INFO 458720 double-hummer alignment exceptions,-,few_shot,0,1,"AS COMPONENT=KERNEL LEVEL=INFO CONTENT=458720 double-hummer alignment exceptions
Label: 0
Log",0,151.40350100000433
319,TYPE=RAS COMPONENT=KERNEL LEVEL=INFO CONTENT=instruction cache parity error corrected,0,- 1118811393 2005.06.14 R02-M1-N0-C:J12-U11 2005-06-14-21.56.33.279265 R02-M1-N0-C:J12-U11 RAS KERNEL INFO instruction cache parity error corrected,-,few_shot,0,1," entry: TYPE=RAS COMPONENT=KERNEL LEVEL=INFO CONTENT=instruction cache parity error corrected
Label: 0
Log",0,151.05037700004686
1526,TYPE=RAS COMPONENT=KERNEL LEVEL=INFO CONTENT=instruction cache parity error corrected,0,- 1130840276 2005.11.01 R20-M1-NF-C:J10-U01 2005-11-01-02.17.56.853469 R20-M1-NF-C:J10-U01 RAS KERNEL INFO instruction cache parity error corrected,-,few_shot,0,1," entry: TYPE=RAS COMPONENT=KERNEL LEVEL=INFO CONTENT=instruction cache parity error corrected
Label: 0
Log",0,151.05037700004686
1805,TYPE=RAS COMPONENT=APP LEVEL=FATAL CONTENT=ciod: LOGIN chdir(/g/g0/spelce1/Linpack_SWL) failed: No such file or directory,0,- 1133409779 2005.11.30 R13-M1-NC-I:J18-U01 2005-11-30-20.02.59.033978 R13-M1-NC-I:J18-U01 RAS APP FATAL ciod: LOGIN chdir(/g/g0/spelce1/Linpack_SWL) failed: No such file or directory,-,few_shot,1,0," 1
Log",0,151.05037700004686
1177,TYPE=RAS COMPONENT=KERNEL LEVEL=INFO CONTENT=generating core.34256,0,- 1122430739 2005.07.26 R34-M0-N7-C:J15-U01 2005-07-26-19.18.59.568031 R34-M0-N7-C:J15-U01 RAS KERNEL INFO generating core.34256,-,few_shot,0,1," LEVEL=INFO CONTENT=generating core.34256
Label: 0
Log",0,151.05037700004686
558,TYPE=RAS COMPONENT=KERNEL LEVEL=INFO CONTENT=generating core.1114,0,- 1120351622 2005.07.02 R05-M0-NF-C:J09-U11 2005-07-02-17.47.02.835483 R05-M0-NF-C:J09-U11 RAS KERNEL INFO generating core.1114,-,few_shot,0,1,"INFO CONTENT=generating core.1114
Label: 0
Log",0,134.44681474993558
139,TYPE=RAS COMPONENT=KERNEL LEVEL=FATAL CONTENT=data TLB error interrupt,1,KERNDTLB 1118549466 2005.06.11 R30-M0-N9-C:J16-U01 2005-06-11-21.11.06.535786 R30-M0-N9-C:J16-U01 RAS KERNEL FATAL data TLB error interrupt,KERNDTLB,few_shot,1,1," TYPE=RAS COMPONENT=KERNEL LEVEL=FATAL CONTENT=data TLB error interrupt
Label: 1
Log",0,134.44681474993558
1734,TYPE=RAS COMPONENT=KERNEL LEVEL=INFO CONTENT=3 L3 EDRAM error(s) (dcr 0x0157) detected and corrected,0,- 1131624435 2005.11.10 R22-M1-N1-C:J17-U11 2005-11-10-04.07.15.804295 R22-M1-N1-C:J17-U11 RAS KERNEL INFO 3 L3 EDRAM error(s) (dcr 0x0157) detected and corrected,-,few_shot,0,1," 0
Log",0,134.44681474993558
531,TYPE=RAS COMPONENT=KERNEL LEVEL=INFO CONTENT=1146800 double-hummer alignment exceptions,0,- 1120260976 2005.07.01 R30-M1-NE-C:J02-U01 2005-07-01-16.36.16.829568 R30-M1-NE-C:J02-U01 RAS KERNEL INFO 1146800 double-hummer alignment exceptions,-,few_shot,0,1,"00 double-hummer alignment exceptions
Label: 0
Log",0,134.44681474993558
224,TYPE=RAS COMPONENT=KERNEL LEVEL=FATAL CONTENT=machine check: i-fetch......................0,0,- 1118768357 2005.06.14 R25-M0-N3-C:J13-U11 2005-06-14-09.59.17.720736 R25-M0-N3-C:J13-U11 RAS KERNEL FATAL machine check: i-fetch......................0,-,few_shot,0,1,"0
Label: 0
Log",0,133.991326749765
723,TYPE=RAS COMPONENT=KERNEL LEVEL=INFO CONTENT=generating core.57391,0,- 1120940402 2005.07.09 R10-M0-NE-C:J04-U11 2005-07-09-13.20.02.961250 R10-M0-NE-C:J04-U11 RAS KERNEL INFO generating core.57391,-,few_shot,0,1,"
Label: 0
Log",0,133.991326749765
786,TYPE=RAS COMPONENT=KERNEL LEVEL=INFO CONTENT=generating core.26955,0,- 1120969432 2005.07.09 R27-M0-N3-C:J04-U01 2005-07-09-21.23.52.155670 R27-M0-N3-C:J04-U01 RAS KERNEL INFO generating core.26955,-,few_shot,0,1,"
Label: 0
Log",0,133.991326749765
1717,TYPE=RAS COMPONENT=KERNEL LEVEL=INFO CONTENT=19220208 floating point alignment exceptions,0,- 1131484346 2005.11.08 R63-M0-N6-C:J13-U01 2005-11-08-13.12.26.089394 R63-M0-N6-C:J13-U01 RAS KERNEL INFO 19220208 floating point alignment exceptions,-,few_shot,0,1," 0
Log",0,133.991326749765
1007,TYPE=RAS COMPONENT=KERNEL LEVEL=INFO CONTENT=generating core.17638,0,- 1121599038 2005.07.17 R01-M1-N6-C:J07-U11 2005-07-17-04.17.18.609719 R01-M1-N6-C:J07-U11 RAS KERNEL INFO generating core.17638,-,few_shot,1,0,"Label: 1

Log entry: TYPE=RAS COMPONENT=KERNEL LEVEL=INFO CONTENT=generating core.17638
Label: 0
Log",0,154.77589349984555
409,TYPE=RAS COMPONENT=KERNEL LEVEL=INFO CONTENT=generating core.62468,0,- 1119715908 2005.06.25 R00-M1-NA-C:J14-U01 2005-06-25-09.11.48.847599 R00-M1-NA-C:J14-U01 RAS KERNEL INFO generating core.62468,-,few_shot,1,0,"Label: 1

Log entry: TYPE=RAS COMPONENT=KERNEL LEVEL=INFO CONTENT=generating core.62468
Label: 0
Log",0,154.77589349984555
325,TYPE=RAS COMPONENT=KERNEL LEVEL=INFO CONTENT=instruction cache parity error corrected,0,- 1118852240 2005.06.15 R02-M1-N0-C:J12-U11 2005-06-15-09.17.20.509519 R02-M1-N0-C:J12-U11 RAS KERNEL INFO instruction cache parity error corrected,-,few_shot,1,0,"=ciod: error reading message header
Label: 1

Log entry: TYPE=RAS COMPONENT=KERNEL LEVEL=INFO CONTENT=instruction cache parity error corrected
Label: 0
Log",0,154.77589349984555
1765,TYPE=RAS COMPONENT=KERNEL LEVEL=INFO CONTENT=ciod: generated 128 core files for program /g/g90/glosli/src/ddcMD/ddcMD1.1.18a/bin/ddcMDbglV,0,- 1132549418 2005.11.20 R55-M1-N8-I:J18-U11 2005-11-20-21.03.38.769342 R55-M1-N8-I:J18-U11 RAS KERNEL INFO ciod: generated 128 core files for program /g/g90/glosli/src/ddcMD/ddcMD1.1.18a/bin/ddcMDbglV,-,few_shot,0,1," 0
Log",0,154.77589349984555
299,TYPE=RAS COMPONENT=KERNEL LEVEL=FATAL CONTENT=floating pt ex mode 1 enable......0,0,- 1118773424 2005.06.14 R25-M0-N2-C:J04-U11 2005-06-14-11.23.44.638394 R25-M0-N2-C:J04-U11 RAS KERNEL FATAL floating pt ex mode 1 enable......0,-,few_shot,1,0," ex mode 1 enable......0
Label: 0
Log",0,132.88238225004534
1262,TYPE=RAS COMPONENT=APP LEVEL=FATAL CONTENT=ciod: LOGIN chdir(/p/bg1/da) failed: No such file or directory,0,- 1124306491 2005.08.17 R12-M0-N4-I:J18-U01 2005-08-17-12.21.31.579167 R12-M0-N4-I:J18-U01 RAS APP FATAL ciod: LOGIN chdir(/p/bg1/da) failed: No such file or directory,-,few_shot,1,0," 1
Log",0,132.88238225004534
1945,TYPE=RAS COMPONENT=KERNEL LEVEL=FATAL CONTENT=minus normalized number..................0,0,- 1133721087 2005.12.04 R71-M0-N4-C:J14-U01 2005-12-04-10.31.27.742650 R71-M0-N4-C:J14-U01 RAS KERNEL FATAL minus normalized number..................0,-,few_shot,0,1,"=FATAL CONTENT=minus normalized number..................0
Label: 0
Log",0,132.88238225004534
25,TYPE=RAS COMPONENT=KERNEL LEVEL=INFO CONTENT=generating core.5570,0,- 1117977497 2005.06.05 R33-M1-NB-C:J06-U01 2005-06-05-06.18.17.802159 R33-M1-NB-C:J06-U01 RAS KERNEL INFO generating core.5570,-,few_shot,0,1,"generating core.5570
Label: 0
Log",0,132.88238225004534
1858,"TYPE=RAS COMPONENT=KERNEL LEVEL=INFO CONTENT=10652 total interrupts. 0 critical input interrupts. 0 microseconds total spent on critical input interrupts, 0 microseconds max time in a critical input interrupt.",0,"- 1133448690 2005.12.01 R26-M1-N8-C:J08-U01 2005-12-01-06.51.30.715510 R26-M1-N8-C:J08-U01 RAS KERNEL INFO 10652 total interrupts. 0 critical input interrupts. 0 microseconds total spent on critical input interrupts, 0 microseconds max time in a critical input interrupt.",-,few_shot,0,1," 0
Log",0,151.5937792501063
714,TYPE=RAS COMPONENT=KERNEL LEVEL=INFO CONTENT=generating core.40528,0,- 1120940057 2005.07.09 R36-M0-N9-C:J15-U01 2005-07-09-13.14.17.907696 R36-M0-N9-C:J15-U01 RAS KERNEL INFO generating core.40528,-,few_shot,0,1," entry: TYPE=RAS COMPONENT=KERNEL LEVEL=INFO CONTENT=generating core.40528
Label: 0
Log",0,151.5937792501063
1009,TYPE=RAS COMPONENT=KERNEL LEVEL=INFO CONTENT=generating core.56961,0,- 1121599161 2005.07.17 R07-M1-N1-C:J10-U01 2005-07-17-04.19.21.452071 R07-M1-N1-C:J10-U01 RAS KERNEL INFO generating core.56961,-,few_shot,0,1," entry: TYPE=RAS COMPONENT=KERNEL LEVEL=INFO CONTENT=generating core.56961
Label: 0
Log",0,151.5937792501063
193,TYPE=RAS COMPONENT=KERNEL LEVEL=FATAL CONTENT=instruction address: 0x00004ed8,0,- 1118765676 2005.06.14 R16-M1-N2-C:J07-U01 2005-06-14-09.14.36.498843 R16-M1-N2-C:J07-U01 RAS KERNEL FATAL instruction address: 0x00004ed8,-,few_shot,0,1," LEVEL=FATAL CONTENT=instruction address: 0x00004ed8
Label: 0
Log",0,151.5937792501063
440,TYPE=RAS COMPONENT=KERNEL LEVEL=INFO CONTENT=auxiliary processor.........................0,0,- 1119803599 2005.06.26 R01-M0-N2-C:J08-U01 2005-06-26-09.33.19.958512 R01-M0-N2-C:J08-U01 RAS KERNEL INFO auxiliary processor.........................0,-,few_shot,1,0," 1
Log entry: TYPE=RAS COMPONENT=APP LEVEL=FATAL CONTENT=ciod: error reading message header
Label: 1

Log entry: TYPE=RAS COMPONENT=KERNEL LEVEL=INFO CONTENT=auxiliary processor.........................0
Label: 0
Log",0,154.00812300003963
573,TYPE=RAS COMPONENT=KERNEL LEVEL=INFO CONTENT=generating core.15557,0,- 1120447592 2005.07.03 R34-M1-N0-C:J12-U01 2005-07-03-20.26.32.492671 R34-M1-N0-C:J12-U01 RAS KERNEL INFO generating core.15557,-,few_shot,1,0," TYPE=RAS COMPONENT=APP LEVEL=FATAL CONTENT=ciod: error reading message header
Label: 1

Log entry: TYPE=RAS COMPONENT=KERNEL LEVEL=INFO CONTENT=generating core.15557
Label: 0
Log",0,154.00812300003963
946,TYPE=RAS COMPONENT=KERNEL LEVEL=INFO CONTENT=ciod: Z coordinate 32 exceeds physical dimension 32 at line 33 of node map file /p/gb2/pakin1/contention-32768cpes-torus/xyzt-1x1x32768x1.map,0,- 1121408299 2005.07.14 R23-M0-N0-I:J18-U01 2005-07-14-23.18.19.684786 R23-M0-N0-I:J18-U01 RAS KERNEL INFO ciod: Z coordinate 32 exceeds physical dimension 32 at line 33 of node map file /p/gb2/pakin1/contention-32768cpes-torus/xyzt-1x1x32768x1.map,-,few_shot,1,0," 1
Log",0,154.00812300003963
997,TYPE=RAS COMPONENT=KERNEL LEVEL=INFO CONTENT=generating core.45880,0,- 1121598237 2005.07.17 R23-M1-NB-C:J16-U11 2005-07-17-04.03.57.280027 R23-M1-NB-C:J16-U11 RAS KERNEL INFO generating core.45880,-,few_shot,1,0," TYPE=RAS COMPONENT=APP LEVEL=FATAL CONTENT=ciod: error reading message header
Label: 1

Log entry: TYPE=RAS COMPONENT=KERNEL LEVEL=INFO CONTENT=generating core.45880
Label: 0
Log",0,154.00812300003963
503,TYPE=RAS COMPONENT=KERNEL LEVEL=INFO CONTENT=generating core.16594,0,- 1120216152 2005.07.01 R34-M0-N7-C:J08-U11 2005-07-01-04.09.12.043520 R34-M0-N7-C:J08-U11 RAS KERNEL INFO generating core.16594,-,few_shot,0,1,"ating core.16594
Label: 0
Log",0,132.88248774961176
605,TYPE=RAS COMPONENT=KERNEL LEVEL=INFO CONTENT=generating core.319,0,- 1120772792 2005.07.07 R00-M0-N4-C:J05-U11 2005-07-07-14.46.32.754236 R00-M0-N4-C:J05-U11 RAS KERNEL INFO generating core.319,-,few_shot,0,1,"INFO CONTENT=generating core.319
Label: 0
Log",0,132.88248774961176
1716,TYPE=RAS COMPONENT=KERNEL LEVEL=INFO CONTENT=iar 001061b4 dear 0247017c,0,- 1131478061 2005.11.08 R63-M0-NB-C:J06-U11 2005-11-08-11.27.41.288597 R63-M0-NB-C:J06-U11 RAS KERNEL INFO iar 001061b4 dear 0247017c,-,few_shot,0,1," 0
Log",0,132.88248774961176
1163,TYPE=RAS COMPONENT=KERNEL LEVEL=INFO CONTENT=generating core.4012,0,- 1122334272 2005.07.25 R00-M1-N0-C:J14-U11 2005-07-25-16.31.12.207957 R00-M1-N0-C:J14-U11 RAS KERNEL INFO generating core.4012,-,few_shot,0,1,"=generating core.4012
Label: 0
Log",0,132.88248774961176
1786,TYPE=RAS COMPONENT=KERNEL LEVEL=FATAL CONTENT=dbcr0=0x00000000 dbsr=0x00000000 ccr0=0x40002000,0,- 1132841276 2005.11.24 R03-M1-NF-C:J07-U01 2005-11-24-06.07.56.407913 R03-M1-NF-C:J07-U01 RAS KERNEL FATAL dbcr0=0x00000000 dbsr=0x00000000 ccr0=0x40002000,-,few_shot,0,1," 0
Log",0,153.4416682502524
846,TYPE=RAS COMPONENT=KERNEL LEVEL=INFO CONTENT=114059360 double-hummer alignment exceptions,0,- 1121252465 2005.07.13 R13-M0-N7-C:J09-U01 2005-07-13-04.01.05.366712 R13-M0-N7-C:J09-U01 RAS KERNEL INFO 114059360 double-hummer alignment exceptions,-,few_shot,0,1,"AS COMPONENT=KERNEL LEVEL=INFO CONTENT=114059360 double-hummer alignment exceptions
Label: 0
Log",0,153.4416682502524
3,TYPE=RAS COMPONENT=KERNEL LEVEL=INFO CONTENT=instruction cache parity error corrected,0,- 1117838978 2005.06.03 R02-M1-N0-C:J12-U11 2005-06-03-15.49.38.026704 R02-M1-N0-C:J12-U11 RAS KERNEL INFO instruction cache parity error corrected,-,few_shot,1,0,"=ciod: error reading message header
Label: 1

Log entry: TYPE=RAS COMPONENT=KERNEL LEVEL=INFO CONTENT=instruction cache parity error corrected
Label: 0
Log",0,153.4416682502524
1286,TYPE=RAS COMPONENT=KERNEL LEVEL=INFO CONTENT=2201500 double-hummer alignment exceptions,0,- 1125082746 2005.08.26 R63-M1-N6-C:J17-U01 2005-08-26-11.59.06.032773 R63-M1-N6-C:J17-U01 RAS KERNEL INFO 2201500 double-hummer alignment exceptions,-,few_shot,0,1," entry: TYPE=RAS COMPONENT=KERNEL LEVEL=INFO CONTENT=2201500 double-hummer alignment exceptions
Label: 0
Log",0,153.4416682502524
1222,"TYPE=RAS COMPONENT=KERNEL LEVEL=INFO CONTENT=CE sym 27, at 0x11b3f3c0, mask 0x10",0,"- 1123240786 2005.08.05 R23-M1-N1-C:J13-U11 2005-08-05-04.19.46.879304 R23-M1-N1-C:J13-U11 RAS KERNEL INFO CE sym 27, at 0x11b3f3c0, mask 0x10",-,few_shot,0,1," 0
Log",0,151.29642600004445
467,TYPE=RAS COMPONENT=KERNEL LEVEL=INFO CONTENT=generating core.7023,0,- 1120092215 2005.06.29 R16-M0-N0-C:J13-U01 2005-06-29-17.43.35.753036 R16-M0-N0-C:J13-U01 RAS KERNEL INFO generating core.7023,-,few_shot,0,1,"KERNEL LEVEL=INFO CONTENT=generating core.7023
Label: 0
Log",0,151.29642600004445
321,TYPE=RAS COMPONENT=KERNEL LEVEL=INFO CONTENT=instruction cache parity error corrected,0,- 1118813039 2005.06.14 R02-M1-N0-C:J12-U11 2005-06-14-22.23.59.470421 R02-M1-N0-C:J12-U11 RAS KERNEL INFO instruction cache parity error corrected,-,few_shot,0,1,": TYPE=RAS COMPONENT=KERNEL LEVEL=INFO CONTENT=instruction cache parity error corrected
Label: 0
Log",0,151.29642600004445
5,TYPE=RAS COMPONENT=KERNEL LEVEL=INFO CONTENT=162 double-hummer alignment exceptions,0,- 1117842974 2005.06.03 R24-M0-N1-C:J13-U11 2005-06-03-16.56.14.254137 R24-M0-N1-C:J13-U11 RAS KERNEL INFO 162 double-hummer alignment exceptions,-,few_shot,0,1,"KERNEL LEVEL=INFO CONTENT=162 double-hummer alignment exceptions
Label: 0
Log",0,151.29642600004445
222,TYPE=RAS COMPONENT=KERNEL LEVEL=FATAL CONTENT=data storage interrupt,1,KERNSTOR 1118768178 2005.06.14 R06-M1-NC-C:J11-U01 2005-06-14-09.56.18.293090 R06-M1-NC-C:J11-U01 RAS KERNEL FATAL data storage interrupt,KERNSTOR,few_shot,1,1,": TYPE=RAS COMPONENT=KERNEL LEVEL=FATAL CONTENT=data storage interrupt
Label: 1
Log",0,132.90825000012774
1374,TYPE=RAS COMPONENT=KERNEL LEVEL=INFO CONTENT=ciod: generated 64 core files for program IMB-MPI1.2MB_perf,0,- 1125379628 2005.08.29 R26-M0-NC-I:J18-U01 2005-08-29-22.27.08.904529 R26-M0-NC-I:J18-U01 RAS KERNEL INFO ciod: generated 64 core files for program IMB-MPI1.2MB_perf,-,few_shot,0,1," 0
Log",0,132.90825000012774
547,TYPE=RAS COMPONENT=KERNEL LEVEL=INFO CONTENT=458720 double-hummer alignment exceptions,0,- 1120265568 2005.07.01 R34-M0-N9-C:J08-U01 2005-07-01-17.52.48.085606 R34-M0-N9-C:J08-U01 RAS KERNEL INFO 458720 double-hummer alignment exceptions,-,few_shot,0,1," double-hummer alignment exceptions
Label: 0
Log",0,132.90825000012774
228,TYPE=RAS COMPONENT=KERNEL LEVEL=FATAL CONTENT=data storage interrupt,1,KERNSTOR 1118769444 2005.06.14 R21-M0-N4-C:J05-U11 2005-06-14-10.17.24.504094 R21-M0-N4-C:J05-U11 RAS KERNEL FATAL data storage interrupt,KERNSTOR,few_shot,1,1,": TYPE=RAS COMPONENT=KERNEL LEVEL=FATAL CONTENT=data storage interrupt
Label: 1
Log",0,132.90825000012774
39,TYPE=RAS COMPONENT=KERNEL LEVEL=INFO CONTENT=generating core.5854,0,- 1117988286 2005.06.05 R33-M1-N8-C:J09-U11 2005-06-05-09.18.06.694851 R33-M1-N8-C:J09-U11 RAS KERNEL INFO generating core.5854,-,few_shot,0,1,"4
Label: 0
Log",0,132.6043687499805
542,TYPE=RAS COMPONENT=KERNEL LEVEL=INFO CONTENT=1146800 double-hummer alignment exceptions,0,- 1120263355 2005.07.01 R35-M0-N6-C:J17-U11 2005-07-01-17.15.55.227258 R35-M0-N6-C:J17-U11 RAS KERNEL INFO 1146800 double-hummer alignment exceptions,-,few_shot,0,1," 0
Log",0,132.6043687499805
242,TYPE=RAS COMPONENT=KERNEL LEVEL=FATAL CONTENT=data store interrupt caused by dcbf.........0,0,- 1118769997 2005.06.14 R26-M0-N2-C:J05-U01 2005-06-14-10.26.37.865134 R26-M0-N2-C:J05-U01 RAS KERNEL FATAL data store interrupt caused by dcbf.........0,-,few_shot,1,0,"
Label: 1
Log",0,132.6043687499805
898,TYPE=RAS COMPONENT=KERNEL LEVEL=INFO CONTENT=generating core.4862,0,- 1121311141 2005.07.13 R25-M1-N6-C:J07-U11 2005-07-13-20.19.01.767232 R25-M1-N6-C:J07-U11 RAS KERNEL INFO generating core.4862,-,few_shot,0,1,"2
Label: 0
Log",0,132.6043687499805
1133,TYPE=RAS COMPONENT=KERNEL LEVEL=INFO CONTENT=5 floating point alignment exceptions,0,- 1122166057 2005.07.23 R16-M1-N0-C:J10-U01 2005-07-23-17.47.37.233460 R16-M1-N0-C:J10-U01 RAS KERNEL INFO 5 floating point alignment exceptions,-,few_shot,1,0," header
Label: 1

Log entry: TYPE=RAS COMPONENT=KERNEL LEVEL=INFO CONTENT=5 floating point alignment exceptions
Label: 0
Log",0,152.89882200022475
1448,"TYPE=RAS COMPONENT=APP LEVEL=FATAL CONTENT=ciod: Error loading /bgl/apps/SWL/performance/MINIBEN//bandwidth.rts: invalid or missing program image, No such file or directory",0,"- 1127264866 2005.09.20 R73-M1-NC-I:J18-U11 2005-09-20-18.07.46.603480 R73-M1-NC-I:J18-U11 RAS APP FATAL ciod: Error loading /bgl/apps/SWL/performance/MINIBEN//bandwidth.rts: invalid or missing program image, No such file or directory",-,few_shot,1,0,": 1
Log",0,152.89882200022475
1868,"TYPE=RAS COMPONENT=KERNEL LEVEL=INFO CONTENT=10718 total interrupts. 0 critical input interrupts. 0 microseconds total spent on critical input interrupts, 0 microseconds max time in a critical input interrupt.",0,"- 1133454594 2005.12.01 R04-M0-N6-C:J10-U01 2005-12-01-08.29.54.636421 R04-M0-N6-C:J10-U01 RAS KERNEL INFO 10718 total interrupts. 0 critical input interrupts. 0 microseconds total spent on critical input interrupts, 0 microseconds max time in a critical input interrupt.",-,few_shot,0,1," 0
Log",0,152.89882200022475
842,TYPE=RAS COMPONENT=KERNEL LEVEL=INFO CONTENT=112762744 double-hummer alignment exceptions,0,- 1121252377 2005.07.13 R30-M1-N2-C:J11-U11 2005-07-13-03.59.37.615097 R30-M1-N2-C:J11-U11 RAS KERNEL INFO 112762744 double-hummer alignment exceptions,-,few_shot,0,1,"INFO CONTENT=112762744 double-hummer alignment exceptions
Label: 0
Log",0,152.89882200022475
1418,"TYPE=RAS COMPONENT=MMCS LEVEL=ERROR CONTENT=idoproxydb hit ASSERT condition: ASSERT expression=0 Source file=idotransportmgr.cpp Source line=1043 Function=int IdoTransportMgr::SendPacket(IdoUdpMgr*, BglCtlPavTrace*)",0,"- 1127243219 2005.09.20 NULL 2005-09-20-12.06.59.554854 NULL RAS MMCS ERROR idoproxydb hit ASSERT condition: ASSERT expression=0 Source file=idotransportmgr.cpp Source line=1043 Function=int IdoTransportMgr::SendPacket(IdoUdpMgr*, BglCtlPavTrace*)",-,few_shot,1,0," 1
Log",0,153.7476857497495
1653,TYPE=RAS COMPONENT=KERNEL LEVEL=INFO CONTENT=16736445 floating point alignment exceptions,0,- 1131128050 2005.11.04 R62-M0-N4-C:J03-U01 2005-11-04-10.14.10.540522 R62-M0-N4-C:J03-U01 RAS KERNEL INFO 16736445 floating point alignment exceptions,-,few_shot,1,0," header
Label: 1

Log entry: TYPE=RAS COMPONENT=KERNEL LEVEL=INFO CONTENT=16736445 floating point alignment exceptions
Label: 0
Log",0,153.7476857497495
1969,"TYPE=RAS COMPONENT=APP LEVEL=FATAL CONTENT=ciod: Error loading /bgl/apps/SWL/stability/HPL/WORK/1498./hpl_DD: invalid or missing program image, No such file or directory",0,"- 1134161333 2005.12.09 R61-M0-N0-I:J18-U11 2005-12-09-12.48.53.105166 R61-M0-N0-I:J18-U11 RAS APP FATAL ciod: Error loading /bgl/apps/SWL/stability/HPL/WORK/1498./hpl_DD: invalid or missing program image, No such file or directory",-,few_shot,1,0," program image, No such file or directory
Label: 1
Log",0,153.7476857497495
661,TYPE=RAS COMPONENT=KERNEL LEVEL=INFO CONTENT=generating core.57878,0,- 1120934108 2005.07.09 R36-M1-NE-C:J08-U01 2005-07-09-11.35.08.564220 R36-M1-NE-C:J08-U01 RAS KERNEL INFO generating core.57878,-,few_shot,1,0,"=ciod: error reading message header
Label: 1

Log entry: TYPE=RAS COMPONENT=KERNEL LEVEL=INFO CONTENT=generating core.57878
Label: 0
Log",0,153.7476857497495
1210,"TYPE=RAS COMPONENT=MMCS LEVEL=ERROR CONTENT=idoproxydb hit ASSERT condition: ASSERT expression=0 Source file=idotransportmgr.cpp Source line=1043 Function=int IdoTransportMgr::SendPacket(IdoUdpMgr*, BglCtlPavTrace*)",0,"- 1123110774 2005.08.03 NULL 2005-08-03-16.12.54.271533 NULL RAS MMCS ERROR idoproxydb hit ASSERT condition: ASSERT expression=0 Source file=idotransportmgr.cpp Source line=1043 Function=int IdoTransportMgr::SendPacket(IdoUdpMgr*, BglCtlPavTrace*)",-,few_shot,1,0," 1
Log",0,155.09926750019076
314,TYPE=RAS COMPONENT=KERNEL LEVEL=INFO CONTENT=total of 1 ddr error(s) detected and corrected,0,- 1118784453 2005.06.14 R07-M0-N6-C:J11-U01 2005-06-14-14.27.33.186273 R07-M0-N6-C:J11-U01 RAS KERNEL INFO total of 1 ddr error(s) detected and corrected,-,few_shot,1,0," header
Label: 1

Log entry: TYPE=RAS COMPONENT=KERNEL LEVEL=INFO CONTENT=total of 1 ddr error(s) detected and corrected
Label: 0
Log",0,155.09926750019076
691,TYPE=RAS COMPONENT=KERNEL LEVEL=INFO CONTENT=generating core.48433,0,- 1120938234 2005.07.09 R35-M0-N9-C:J10-U11 2005-07-09-12.43.54.033821 R35-M0-N9-C:J10-U11 RAS KERNEL INFO generating core.48433,-,few_shot,1,0,"=ciod: error reading message header
Label: 1

Log entry: TYPE=RAS COMPONENT=KERNEL LEVEL=INFO CONTENT=generating core.48433
Label: 0
Log",0,155.09926750019076
1503,TYPE=RAS COMPONENT=KERNEL LEVEL=INFO CONTENT=data cache search parity error detected. attempting to correct,0,- 1129550629 2005.10.17 R02-M0-N4-C:J04-U11 2005-10-17-05.03.49.800918 R02-M0-N4-C:J04-U11 RAS KERNEL INFO data cache search parity error detected. attempting to correct,-,few_shot,1,0,"=ciod: error reading message header
Label: 1

Log entry: TYPE=RAS COMPONENT=KERNEL LEVEL=INFO CONTENT=data cache search parity error detected. attempting to correct
Label: 0
Log",0,155.09926750019076
424,TYPE=RAS COMPONENT=KERNEL LEVEL=INFO CONTENT=generating core.2109,0,- 1119726280 2005.06.25 R10-M1-NA-C:J13-U11 2005-06-25-12.04.40.064277 R10-M1-NA-C:J13-U11 RAS KERNEL INFO generating core.2109,-,few_shot,1,0," COMPONENT=APP LEVEL=FATAL CONTENT=ciod: error reading message header
Label: 1

Log entry: TYPE=RAS COMPONENT=KERNEL LEVEL=INFO CONTENT=generating core.2109
Label: 0
Log",0,153.90022624978883
594,TYPE=RAS COMPONENT=KERNEL LEVEL=INFO CONTENT=generating core.13558,0,- 1120487708 2005.07.04 R34-M1-N4-C:J09-U11 2005-07-04-07.35.08.890879 R34-M1-N4-C:J09-U11 RAS KERNEL INFO generating core.13558,-,few_shot,1,0,"APP LEVEL=FATAL CONTENT=ciod: error reading message header
Label: 1

Log entry: TYPE=RAS COMPONENT=KERNEL LEVEL=INFO CONTENT=generating core.13558
Label: 0
Log",0,153.90022624978883
1963,"TYPE=RAS COMPONENT=APP LEVEL=FATAL CONTENT=ciod: Error loading /p/gb1/stella/SPPM/1322/sppm_DD: invalid or missing program image, Permission denied",0,"- 1134159256 2005.12.09 R20-M1-N4-I:J18-U01 2005-12-09-12.14.16.349690 R20-M1-N4-I:J18-U01 RAS APP FATAL ciod: Error loading /p/gb1/stella/SPPM/1322/sppm_DD: invalid or missing program image, Permission denied",-,few_shot,1,0,"/1322/sppm_DD: invalid or missing program image, Permission denied
Label: 1
Log",0,153.90022624978883
622,TYPE=RAS COMPONENT=APP LEVEL=FATAL CONTENT=ciod: Error creating node map from file /p/gb2/pakin1/sweep3d-5x5x400-10mk-3mmi-1024pes-xyzt/xyzt.map: Block device required,0,- 1120909906 2005.07.09 R16-M1-NC-I:J18-U11 2005-07-09-04.51.46.753675 R16-M1-NC-I:J18-U11 RAS APP FATAL ciod: Error creating node map from file /p/gb2/pakin1/sweep3d-5x5x400-10mk-3mmi-1024pes-xyzt/xyzt.map: Block device required,-,few_shot,1,0," 1
Log",0,153.90022624978883
1170,TYPE=RAS COMPONENT=KERNEL LEVEL=INFO CONTENT=generating core.37690,0,- 1122430482 2005.07.26 R22-M1-NB-C:J08-U11 2005-07-26-19.14.42.115150 R22-M1-NB-C:J08-U11 RAS KERNEL INFO generating core.37690,-,few_shot,0,1," 0
Log",0,133.95121650000874
1043,TYPE=RAS COMPONENT=KERNEL LEVEL=INFO CONTENT=8 floating point alignment exceptions,0,- 1121901193 2005.07.20 R02-M0-NF-C:J10-U11 2005-07-20-16.13.13.815662 R02-M0-NF-C:J10-U11 RAS KERNEL INFO 8 floating point alignment exceptions,-,few_shot,0,1," exceptions
Label: 0
Log",0,133.95121650000874
227,TYPE=RAS COMPONENT=KERNEL LEVEL=FATAL CONTENT=data storage interrupt,1,KERNSTOR 1118769443 2005.06.14 R21-M0-NC-C:J13-U11 2005-06-14-10.17.23.235674 R21-M0-NC-C:J13-U11 RAS KERNEL FATAL data storage interrupt,KERNSTOR,few_shot,1,1," CONTENT=data storage interrupt
Label: 1
Log",0,133.95121650000874
1117,TYPE=RAS COMPONENT=KERNEL LEVEL=INFO CONTENT=5 floating point alignment exceptions,0,- 1122165425 2005.07.23 R14-M1-N3-C:J15-U01 2005-07-23-17.37.05.399108 R14-M1-N3-C:J15-U01 RAS KERNEL INFO 5 floating point alignment exceptions,-,few_shot,0,1," exceptions
Label: 0
Log",0,133.95121650000874
1331,TYPE=RAS COMPONENT=KERNEL LEVEL=INFO CONTENT=156055738 double-hummer alignment exceptions,0,- 1125219517 2005.08.28 R77-M1-NF-C:J02-U11 2005-08-28-01.58.37.175646 R77-M1-NF-C:J02-U11 RAS KERNEL INFO 156055738 double-hummer alignment exceptions,-,few_shot,0,1," 0
Log",0,132.58190624992494
1315,TYPE=RAS COMPONENT=KERNEL LEVEL=INFO CONTENT=1524480 double-hummer alignment exceptions,0,- 1125084400 2005.08.26 R65-M0-N3-C:J04-U01 2005-08-26-12.26.40.236812 R65-M0-N3-C:J04-U01 RAS KERNEL INFO 1524480 double-hummer alignment exceptions,-,few_shot,0,1,"Label: 0
Log",0,132.58190624992494
66,TYPE=RAS COMPONENT=KERNEL LEVEL=INFO CONTENT=generating core.430,0,- 1118112603 2005.06.06 R22-M0-N0-C:J08-U11 2005-06-06-19.50.03.669394 R22-M0-N0-C:J08-U11 RAS KERNEL INFO generating core.430,-,few_shot,0,1,".430
Label: 0
Log",0,132.58190624992494
24,TYPE=RAS COMPONENT=KERNEL LEVEL=INFO CONTENT=generating core.7828,0,- 1117976658 2005.06.05 R36-M1-N8-C:J17-U01 2005-06-05-06.04.18.406158 R36-M1-N8-C:J17-U01 RAS KERNEL INFO generating core.7828,-,few_shot,0,1,"828
Label: 0
Log",0,132.58190624992494
144,TYPE=RAS COMPONENT=KERNEL LEVEL=FATAL CONTENT=data TLB error interrupt,1,KERNDTLB 1118550729 2005.06.11 R30-M0-N9-C:J16-U01 2005-06-11-21.32.09.069241 R30-M0-N9-C:J16-U01 RAS KERNEL FATAL data TLB error interrupt,KERNDTLB,few_shot,1,1,": TYPE=RAS COMPONENT=KERNEL LEVEL=FATAL CONTENT=data TLB error interrupt
Label: 1
Log",0,151.00869924981453
536,TYPE=RAS COMPONENT=KERNEL LEVEL=INFO CONTENT=1146800 double-hummer alignment exceptions,0,- 1120262314 2005.07.01 R32-M1-NB-C:J04-U11 2005-07-01-16.58.34.595623 R32-M1-NB-C:J04-U11 RAS KERNEL INFO 1146800 double-hummer alignment exceptions,-,few_shot,0,1,"800 double-hummer alignment exceptions
Label: 0
Log",0,151.00869924981453
811,TYPE=RAS COMPONENT=KERNEL LEVEL=INFO CONTENT=generating core.7068,0,- 1121006677 2005.07.10 R23-M1-NA-C:J14-U11 2005-07-10-07.44.37.462311 R23-M1-NA-C:J14-U11 RAS KERNEL INFO generating core.7068,-,few_shot,0,1,"=INFO CONTENT=generating core.7068
Label: 0
Log",0,151.00869924981453
1466,"TYPE=RAS COMPONENT=KERNEL LEVEL=INFO CONTENT=CE sym 2, at 0x0fa3d060, mask 0x08",0,"- 1127871900 2005.09.27 R01-M0-N8-C:J02-U11 2005-09-27-18.45.00.453947 R01-M0-N8-C:J02-U11 RAS KERNEL INFO CE sym 2, at 0x0fa3d060, mask 0x08",-,few_shot,0,1," 0
Log",0,151.00869924981453
85,TYPE=RAS COMPONENT=KERNEL LEVEL=INFO CONTENT=generating core.4984,0,- 1118207879 2005.06.07 R17-M1-N7-C:J15-U11 2005-06-07-22.17.59.587113 R17-M1-N7-C:J15-U11 RAS KERNEL INFO generating core.4984,-,few_shot,0,1,"=KERNEL LEVEL=INFO CONTENT=generating core.4984
Label: 0
Log",0,151.2200087504425
1660,TYPE=RAS COMPONENT=KERNEL LEVEL=INFO CONTENT=74350836 floating point alignment exceptions,0,- 1131129646 2005.11.04 R62-M0-N6-C:J16-U11 2005-11-04-10.40.46.576314 R62-M0-N6-C:J16-U11 RAS KERNEL INFO 74350836 floating point alignment exceptions,-,few_shot,0,1,"4350836 floating point alignment exceptions
Label: 0
Log",0,151.2200087504425
1645,TYPE=RAS COMPONENT=KERNEL LEVEL=INFO CONTENT=16604010 floating point alignment exceptions,0,- 1131127543 2005.11.04 R62-M0-NC-C:J11-U01 2005-11-04-10.05.43.243815 R62-M0-NC-C:J11-U01 RAS KERNEL INFO 16604010 floating point alignment exceptions,-,few_shot,0,1,"6604010 floating point alignment exceptions
Label: 0
Log",0,151.2200087504425
1804,TYPE=RAS COMPONENT=APP LEVEL=FATAL CONTENT=ciod: LOGIN chdir(/g/g0/spelce1/Linpack_SWL) failed: No such file or directory,0,- 1133409475 2005.11.30 R15-M1-NC-I:J18-U01 2005-11-30-19.57.55.220367 R15-M1-NC-I:J18-U01 RAS APP FATAL ciod: LOGIN chdir(/g/g0/spelce1/Linpack_SWL) failed: No such file or directory,-,few_shot,1,0," 1
Log",0,151.2200087504425
1817,"TYPE=RAS COMPONENT=KERNEL LEVEL=INFO CONTENT=10650 total interrupts. 0 critical input interrupts. 0 microseconds total spent on critical input interrupts, 0 microseconds max time in a critical input interrupt.",0,"- 1133447941 2005.12.01 R13-M0-NA-C:J08-U01 2005-12-01-06.39.01.729708 R13-M0-NA-C:J08-U01 RAS KERNEL INFO 10650 total interrupts. 0 critical input interrupts. 0 microseconds total spent on critical input interrupts, 0 microseconds max time in a critical input interrupt.",-,few_shot,0,1," max time in a critical input interrupt.
Label: 0
Log",0,153.71624750014234
1576,TYPE=RAS COMPONENT=KERNEL LEVEL=INFO CONTENT=487476 floating point alignment exceptions,0,- 1131060157 2005.11.03 R66-M1-NB-C:J17-U01 2005-11-03-15.22.37.393511 R66-M1-NB-C:J17-U01 RAS KERNEL INFO 487476 floating point alignment exceptions,-,few_shot,1,0," header
Label: 1

Log entry: TYPE=RAS COMPONENT=KERNEL LEVEL=INFO CONTENT=487476 floating point alignment exceptions
Label: 0
Log",0,153.71624750014234
1144,TYPE=RAS COMPONENT=KERNEL LEVEL=INFO CONTENT=685 floating point alignment exceptions,0,- 1122167438 2005.07.23 R11-M1-N5-C:J14-U11 2005-07-23-18.10.38.305020 R11-M1-N5-C:J14-U11 RAS KERNEL INFO 685 floating point alignment exceptions,-,few_shot,1,0,"=ciod: error reading message header
Label: 1

Log entry: TYPE=RAS COMPONENT=KERNEL LEVEL=INFO CONTENT=685 floating point alignment exceptions
Label: 0
Log",0,153.71624750014234
362,TYPE=RAS COMPONENT=APP LEVEL=FATAL CONTENT=ciod: Error creating node map from file /p/gb2/cabot/miranda/newmaps/8k_128x64x1_8x4x4.map: No child processes,1,APPCHILD 1119319455 2005.06.20 R12-M1-NC-I:J18-U11 2005-06-20-19.04.15.002425 R12-M1-NC-I:J18-U11 RAS APP FATAL ciod: Error creating node map from file /p/gb2/cabot/miranda/newmaps/8k_128x64x1_8x4x4.map: No child processes,APPCHILD,few_shot,1,1," 1
Log",0,153.71624750014234
1611,TYPE=RAS COMPONENT=KERNEL LEVEL=INFO CONTENT=2354412 floating point alignment exceptions,0,- 1131065141 2005.11.03 R36-M1-N2-C:J08-U11 2005-11-03-16.45.41.838424 R36-M1-N2-C:J08-U11 RAS KERNEL INFO 2354412 floating point alignment exceptions,-,few_shot,0,1,"KERNEL LEVEL=INFO CONTENT=2354412 floating point alignment exceptions
Label: 0
Log",0,152.79691225032366
1865,TYPE=RAS COMPONENT=KERNEL LEVEL=INFO CONTENT=0 microseconds spent in the rbs signal handler during 0 calls. 0 microseconds was the maximum time for a single instance of a correctable ddr.,0,- 1133454584 2005.12.01 R17-M0-N6-C:J06-U01 2005-12-01-08.29.44.223227 R17-M0-N6-C:J06-U01 RAS KERNEL INFO 0 microseconds spent in the rbs signal handler during 0 calls. 0 microseconds was the maximum time for a single instance of a correctable ddr.,-,few_shot,0,1," 0
Log",0,152.79691225032366
1026,TYPE=RAS COMPONENT=KERNEL LEVEL=INFO CONTENT=generating core.27997,0,- 1121707390 2005.07.18 R27-M0-N0-C:J12-U11 2005-07-18-10.23.10.943573 R27-M0-N0-C:J12-U11 RAS KERNEL INFO generating core.27997,-,few_shot,0,1,"=RAS COMPONENT=KERNEL LEVEL=INFO CONTENT=generating core.27997
Label: 0
Log",0,152.79691225032366
1030,TYPE=RAS COMPONENT=KERNEL LEVEL=FATAL CONTENT=debug wait enable.................0,0,- 1121727746 2005.07.18 R00-M1-N5-C:J03-U11 2005-07-18-16.02.26.154455 R00-M1-N5-C:J03-U11 RAS KERNEL FATAL debug wait enable.................0,-,few_shot,1,0,"1

Log entry: TYPE=RAS COMPONENT=KERNEL LEVEL=FATAL CONTENT=debug wait enable.................0
Label: 0
Log",0,152.79691225032366
1303,TYPE=RAS COMPONENT=KERNEL LEVEL=INFO CONTENT=iar 003a9260 dear 0128fc88,0,- 1125084057 2005.08.26 R67-M1-N3-C:J16-U01 2005-08-26-12.20.57.286694 R67-M1-N3-C:J16-U01 RAS KERNEL INFO iar 003a9260 dear 0128fc88,-,few_shot,0,1,": 0
Log",0,133.58509324962142
1355,TYPE=RAS COMPONENT=KERNEL LEVEL=INFO CONTENT=iar 0014a150 dear 0098e178,0,- 1125223213 2005.08.28 R54-M1-ND-C:J08-U11 2005-08-28-03.00.13.685722 R54-M1-ND-C:J08-U11 RAS KERNEL INFO iar 0014a150 dear 0098e178,-,few_shot,0,1," 0
Log",0,133.58509324962142
1730,TYPE=RAS COMPONENT=KERNEL LEVEL=INFO CONTENT=iar 00113898 dear 0fee9c4c,0,- 1131590868 2005.11.09 R63-M0-N1-C:J07-U01 2005-11-09-18.47.48.543958 R63-M0-N1-C:J07-U01 RAS KERNEL INFO iar 00113898 dear 0fee9c4c,-,few_shot,0,1,"Label: 0
Log",0,133.58509324962142
665,TYPE=RAS COMPONENT=KERNEL LEVEL=INFO CONTENT=generating core.17517,0,- 1120934788 2005.07.09 R11-M0-NE-C:J11-U11 2005-07-09-11.46.28.950400 R11-M0-NE-C:J11-U11 RAS KERNEL INFO generating core.17517,-,few_shot,0,1,"ating core.17517
Label: 0
Log",0,133.58509324962142
364,TYPE=RAS COMPONENT=KERNEL LEVEL=INFO CONTENT=generating core.8089,0,- 1119377678 2005.06.21 R20-M0-N9-C:J11-U11 2005-06-21-11.14.38.018978 R20-M0-N9-C:J11-U11 RAS KERNEL INFO generating core.8089,-,few_shot,1,0,"ATAL CONTENT=ciod: error reading message header
Label: 1

Log entry: TYPE=RAS COMPONENT=KERNEL LEVEL=INFO CONTENT=generating core.8089
Label: 0
Log",0,153.91055700001743
77,TYPE=RAS COMPONENT=KERNEL LEVEL=INFO CONTENT=generating core.4182,0,- 1118172017 2005.06.07 R35-M1-NE-C:J09-U01 2005-06-07-12.20.17.344136 R35-M1-NE-C:J09-U01 RAS KERNEL INFO generating core.4182,-,few_shot,1,0,"ATAL CONTENT=ciod: error reading message header
Label: 1

Log entry: TYPE=RAS COMPONENT=KERNEL LEVEL=INFO CONTENT=generating core.4182
Label: 0
Log",0,153.91055700001743
27,TYPE=RAS COMPONENT=KERNEL LEVEL=INFO CONTENT=generating core.4183,0,- 1117982609 2005.06.05 R35-M1-NE-C:J05-U01 2005-06-05-07.43.29.979844 R35-M1-NE-C:J05-U01 RAS KERNEL INFO generating core.4183,-,few_shot,1,0,"ATAL CONTENT=ciod: error reading message header
Label: 1

Log entry: TYPE=RAS COMPONENT=KERNEL LEVEL=INFO CONTENT=generating core.4183
Label: 0
Log",0,153.91055700001743
1436,"TYPE=RAS COMPONENT=MMCS LEVEL=ERROR CONTENT=idoproxydb hit ASSERT condition: ASSERT expression=0 Source file=idotransportmgr.cpp Source line=1043 Function=int IdoTransportMgr::SendPacket(IdoUdpMgr*, BglCtlPavTrace*)",0,"- 1127243536 2005.09.20 NULL 2005-09-20-12.12.16.117396 NULL RAS MMCS ERROR idoproxydb hit ASSERT condition: ASSERT expression=0 Source file=idotransportmgr.cpp Source line=1043 Function=int IdoTransportMgr::SendPacket(IdoUdpMgr*, BglCtlPavTrace*)",-,few_shot,1,0," 1
Log",0,153.91055700001743
525,TYPE=RAS COMPONENT=KERNEL LEVEL=INFO CONTENT=1146800 double-hummer alignment exceptions,0,- 1120259871 2005.07.01 R33-M0-N6-C:J07-U01 2005-07-01-16.17.51.960797 R33-M0-N6-C:J07-U01 RAS KERNEL INFO 1146800 double-hummer alignment exceptions,-,few_shot,0,1,"=KERNEL LEVEL=INFO CONTENT=1146800 double-hummer alignment exceptions
Label: 0
Log",0,151.44425725020483
1834,"TYPE=RAS COMPONENT=KERNEL LEVEL=INFO CONTENT=10728 total interrupts. 0 critical input interrupts. 0 microseconds total spent on critical input interrupts, 0 microseconds max time in a critical input interrupt.",0,"- 1133448296 2005.12.01 R72-M0-NF-C:J15-U11 2005-12-01-06.44.56.029154 R72-M0-NF-C:J15-U11 RAS KERNEL INFO 10728 total interrupts. 0 critical input interrupts. 0 microseconds total spent on critical input interrupts, 0 microseconds max time in a critical input interrupt.",-,few_shot,0,1," 0
Log",0,151.44425725020483
55,TYPE=RAS COMPONENT=KERNEL LEVEL=INFO CONTENT=generating core.7192,0,- 1117992553 2005.06.05 R30-M1-NB-C:J17-U11 2005-06-05-10.29.13.196439 R30-M1-NB-C:J17-U11 RAS KERNEL INFO generating core.7192,-,few_shot,0,1,"

Log entry: TYPE=RAS COMPONENT=KERNEL LEVEL=INFO CONTENT=generating core.7192
Label: 0
Log",0,151.44425725020483
638,TYPE=RAS COMPONENT=KERNEL LEVEL=INFO CONTENT=generating core.40979,0,- 1120931199 2005.07.09 R31-M0-NF-C:J04-U01 2005-07-09-10.46.39.218896 R31-M0-NF-C:J04-U01 RAS KERNEL INFO generating core.40979,-,few_shot,0,1," entry: TYPE=RAS COMPONENT=KERNEL LEVEL=INFO CONTENT=generating core.40979
Label: 0
Log",0,151.44425725020483
302,TYPE=RAS COMPONENT=KERNEL LEVEL=FATAL CONTENT=data address space................0,0,- 1118773750 2005.06.14 R25-M1-NF-C:J16-U11 2005-06-14-11.29.10.800711 R25-M1-NF-C:J16-U11 RAS KERNEL FATAL data address space................0,-,few_shot,0,1," TYPE=RAS COMPONENT=KERNEL LEVEL=FATAL CONTENT=data address space................0
Label: 0
Log",0,132.96284975012895
718,TYPE=RAS COMPONENT=KERNEL LEVEL=INFO CONTENT=generating core.4180,0,- 1120940284 2005.07.09 R30-M0-NA-C:J17-U01 2005-07-09-13.18.04.050308 R30-M0-NA-C:J17-U01 RAS KERNEL INFO generating core.4180,-,few_shot,0,1,"INFO CONTENT=generating core.4180
Label: 0
Log",0,132.96284975012895
624,TYPE=RAS COMPONENT=KERNEL LEVEL=INFO CONTENT=generating core.11154,0,- 1120917299 2005.07.09 R17-M1-ND-C:J07-U01 2005-07-09-06.54.59.161891 R17-M1-ND-C:J07-U01 RAS KERNEL INFO generating core.11154,-,few_shot,0,1,"=generating core.11154
Label: 0
Log",0,132.96284975012895
7,"TYPE=RAS COMPONENT=KERNEL LEVEL=INFO CONTENT=CE sym 2, at 0x0b85eee0, mask 0x05",0,"- 1117848119 2005.06.03 R16-M1-N2-C:J17-U01 2005-06-03-18.21.59.871925 R16-M1-N2-C:J17-U01 RAS KERNEL INFO CE sym 2, at 0x0b85eee0, mask 0x05",-,few_shot,0,1," 0
Log",0,132.96284975012895
803,TYPE=RAS COMPONENT=KERNEL LEVEL=INFO CONTENT=generating core.3792,0,- 1120973021 2005.07.09 R04-M1-NB-C:J15-U01 2005-07-09-22.23.41.495412 R04-M1-NB-C:J15-U01 RAS KERNEL INFO generating core.3792,-,few_shot,0,1," 0
Log",0,132.40320875001999
1049,TYPE=RAS COMPONENT=KERNEL LEVEL=INFO CONTENT=8 floating point alignment exceptions,0,- 1121901551 2005.07.20 R17-M0-N4-C:J06-U01 2005-07-20-16.19.11.825942 R17-M0-N4-C:J06-U01 RAS KERNEL INFO 8 floating point alignment exceptions,-,few_shot,0,1,"
Label: 0
Log",0,132.40320875001999
336,TYPE=RAS COMPONENT=KERNEL LEVEL=INFO CONTENT=generating core.2961,0,- 1118911785 2005.06.16 R27-M1-ND-C:J11-U01 2005-06-16-01.49.45.558500 R27-M1-ND-C:J11-U01 RAS KERNEL INFO generating core.2961,-,few_shot,0,1," 0
Log",0,132.40320875001999
47,TYPE=RAS COMPONENT=KERNEL LEVEL=INFO CONTENT=generating core.1524,0,- 1117989601 2005.06.05 R32-M0-N2-C:J15-U01 2005-06-05-09.40.01.191177 R32-M0-N2-C:J15-U01 RAS KERNEL INFO generating core.1524,-,few_shot,0,1," 0
Log",0,132.40320875001999
1763,"TYPE=RAS COMPONENT=KERNEL LEVEL=INFO CONTENT=ciod: Received signal 15, code=0, errno=0, address=0x000001b0",0,"- 1132328434 2005.11.18 R35-M0-NC-I:J18-U11 2005-11-18-07.40.34.306398 R35-M0-NC-I:J18-U11 RAS KERNEL INFO ciod: Received signal 15, code=0, errno=0, address=0x000001b0",-,few_shot,0,1," 0
Log",0,151.10886875027063
106,TYPE=RAS COMPONENT=KERNEL LEVEL=FATAL CONTENT=data TLB error interrupt,1,KERNDTLB 1118537261 2005.06.11 R30-M0-N9-C:J16-U01 2005-06-11-17.47.41.103595 R30-M0-N9-C:J16-U01 RAS KERNEL FATAL data TLB error interrupt,KERNDTLB,few_shot,1,1," 1

Log entry: TYPE=RAS COMPONENT=KERNEL LEVEL=FATAL CONTENT=data TLB error interrupt
Label: 1
Log",0,151.10886875027063
349,TYPE=RAS COMPONENT=KERNEL LEVEL=INFO CONTENT=generating core.2186,0,- 1119151510 2005.06.18 R36-M0-NF-C:J13-U01 2005-06-18-20.25.10.503085 R36-M0-NF-C:J13-U01 RAS KERNEL INFO generating core.2186,-,few_shot,0,1,"AS COMPONENT=KERNEL LEVEL=INFO CONTENT=generating core.2186
Label: 0
Log",0,151.10886875027063
1079,TYPE=RAS COMPONENT=KERNEL LEVEL=INFO CONTENT=generating core.3093,0,- 1122133520 2005.07.23 R30-M0-N8-C:J12-U11 2005-07-23-08.45.20.908335 R30-M0-N8-C:J12-U11 RAS KERNEL INFO generating core.3093,-,few_shot,0,1,"AS COMPONENT=KERNEL LEVEL=INFO CONTENT=generating core.3093
Label: 0
Log",0,151.10886875027063
238,TYPE=RAS COMPONENT=KERNEL LEVEL=FATAL CONTENT=exception syndrome register: 0x00800000,0,- 1118769811 2005.06.14 R25-M1-N3-C:J16-U01 2005-06-14-10.23.31.130281 R25-M1-N3-C:J16-U01 RAS KERNEL FATAL exception syndrome register: 0x00800000,-,few_shot,1,0," CONTENT=exception syndrome register: 0x00800000
Label: 1
Log",0,152.95647950006241
213,TYPE=RAS COMPONENT=KERNEL LEVEL=FATAL CONTENT=data storage interrupt,1,KERNSTOR 1118768001 2005.06.14 R07-M1-N2-C:J05-U11 2005-06-14-09.53.21.013029 R07-M1-N2-C:J05-U11 RAS KERNEL FATAL data storage interrupt,KERNSTOR,few_shot,1,1," CONTENT=ciod: error reading message header
Label: 1

Log entry: TYPE=RAS COMPONENT=KERNEL LEVEL=FATAL CONTENT=data storage interrupt
Label: 1
Log",0,152.95647950006241
1775,TYPE=RAS COMPONENT=KERNEL LEVEL=INFO CONTENT=MACHINE CHECK DCR read timeout (mc=e08x iar 0x00000000 lr 0xc00045a4),0,- 1132586451 2005.11.21 R26-M0-N0-I:J18-U11 2005-11-21-07.20.51.661738 R26-M0-N0-I:J18-U11 RAS KERNEL INFO MACHINE CHECK DCR read timeout (mc=e08x iar 0x00000000 lr 0xc00045a4),-,few_shot,0,1," 0
Log",0,152.95647950006241
1138,TYPE=RAS COMPONENT=KERNEL LEVEL=INFO CONTENT=5 floating point alignment exceptions,0,- 1122166602 2005.07.23 R16-M1-NE-C:J10-U11 2005-07-23-17.56.42.172094 R16-M1-NE-C:J10-U11 RAS KERNEL INFO 5 floating point alignment exceptions,-,few_shot,1,0," message header
Label: 1

Log entry: TYPE=RAS COMPONENT=KERNEL LEVEL=INFO CONTENT=5 floating point alignment exceptions
Label: 0
Log",0,152.95647950006241
793,TYPE=RAS COMPONENT=KERNEL LEVEL=INFO CONTENT=generating core.23838,0,- 1120969704 2005.07.09 R27-M1-N8-C:J08-U11 2005-07-09-21.28.24.603741 R27-M1-N8-C:J08-U11 RAS KERNEL INFO generating core.23838,-,few_shot,0,1," core.23838
Label: 0
Log",0,134.4743547501821
1586,TYPE=RAS COMPONENT=KERNEL LEVEL=INFO CONTENT=iar 00106580 dear 02494bfc,0,- 1131060539 2005.11.03 R67-M0-N0-C:J08-U11 2005-11-03-15.28.59.009148 R67-M0-N0-C:J08-U11 RAS KERNEL INFO iar 00106580 dear 02494bfc,-,few_shot,0,1," 0
Log",0,134.4743547501821
1582,TYPE=RAS COMPONENT=KERNEL LEVEL=INFO CONTENT=iar 00106580 dear 02494bfc,0,- 1131060387 2005.11.03 R67-M0-N6-C:J03-U11 2005-11-03-15.26.27.238003 R67-M0-N6-C:J03-U11 RAS KERNEL INFO iar 00106580 dear 02494bfc,-,few_shot,0,1," 0
Log",0,134.4743547501821
1671,TYPE=RAS COMPONENT=KERNEL LEVEL=INFO CONTENT=iar 001007a8 dear 065b4cac,0,- 1131141926 2005.11.04 R62-M0-NB-C:J02-U01 2005-11-04-14.05.26.394289 R62-M0-NB-C:J02-U01 RAS KERNEL INFO iar 001007a8 dear 065b4cac,-,few_shot,0,1,": 0
Log",0,134.4743547501821
523,TYPE=RAS COMPONENT=KERNEL LEVEL=INFO CONTENT=1146800 double-hummer alignment exceptions,0,- 1120259710 2005.07.01 R33-M1-N2-C:J17-U11 2005-07-01-16.15.10.056728 R33-M1-N2-C:J17-U11 RAS KERNEL INFO 1146800 double-hummer alignment exceptions,-,few_shot,0,1,"
Label: 0
Log",0,132.780366499901
232,TYPE=RAS COMPONENT=KERNEL LEVEL=FATAL CONTENT=exception syndrome register: 0x00800000,0,- 1118769561 2005.06.14 R26-M0-N4-C:J16-U01 2005-06-14-10.19.21.829677 R26-M0-N4-C:J16-U01 RAS KERNEL FATAL exception syndrome register: 0x00800000,-,few_shot,1,0," 1
Log",0,132.780366499901
644,TYPE=RAS COMPONENT=KERNEL LEVEL=INFO CONTENT=generating core.47122,0,- 1120931465 2005.07.09 R31-M0-N9-C:J08-U01 2005-07-09-10.51.05.319040 R31-M0-N9-C:J08-U01 RAS KERNEL INFO generating core.47122,-,few_shot,0,1,"122
Label: 0
Log",0,132.780366499901
1507,TYPE=RAS COMPONENT=KERNEL LEVEL=INFO CONTENT=data cache search parity error detected. attempting to correct,0,- 1129552512 2005.10.17 R02-M0-N4-C:J04-U11 2005-10-17-05.35.12.825443 R02-M0-N4-C:J04-U11 RAS KERNEL INFO data cache search parity error detected. attempting to correct,-,few_shot,0,1," attempting to correct
Label: 0
Log",0,132.780366499901
533,TYPE=RAS COMPONENT=KERNEL LEVEL=INFO CONTENT=1146800 double-hummer alignment exceptions,0,- 1120262099 2005.07.01 R24-M1-NB-C:J14-U11 2005-07-01-16.54.59.334330 R24-M1-NB-C:J14-U11 RAS KERNEL INFO 1146800 double-hummer alignment exceptions,-,few_shot,0,1," Mount failed retrying
Label: 0
Log entry: TYPE=RAS COMPONENT=KERNEL LEVEL=FATAL CONTENT=rts: kernel terminated
Label: 1
Log entry: TYPE=RAS COMPONENT=APP LEVEL=FATAL CONTENT=ciod: error reading message header
Label: 1

Log entry: TYPE=RAS COMPONENT=KERNEL LEVEL=INFO CONTENT=1146800 double-hummer alignment exceptions
Label: 0
Log",0,164.43904049992852
1941,"TYPE=RAS COMPONENT=KERNEL LEVEL=INFO CONTENT=CE sym 19, at 0x057c7e00, mask 0x20",0,"- 1133709964 2005.12.04 R35-M1-N9-C:J14-U01 2005-12-04-07.26.04.629795 R35-M1-N9-C:J14-U01 RAS KERNEL INFO CE sym 19, at 0x057c7e00, mask 0x20",-,few_shot,1,0," kernel terminated
Label: 1
Log entry: TYPE=RAS COMPONENT=APP LEVEL=FATAL CONTENT=ciod: error reading message header
Label: 1

Log entry: TYPE=RAS COMPONENT=KERNEL LEVEL=INFO CONTENT=CE sym 19, at 0x057c7e00, mask 0x20
Label: 0
Log",0,164.43904049992852
603,TYPE=RAS COMPONENT=KERNEL LEVEL=INFO CONTENT=generating core.1433,0,- 1120772499 2005.07.07 R01-M0-ND-C:J11-U11 2005-07-07-14.41.39.016623 R01-M0-ND-C:J11-U11 RAS KERNEL INFO generating core.1433,-,few_shot,0,1,"=KERNEL LEVEL=INFO CONTENT=NFS Mount failed retrying
Label: 0
Log entry: TYPE=RAS COMPONENT=KERNEL LEVEL=FATAL CONTENT=rts: kernel terminated
Label: 1
Log entry: TYPE=RAS COMPONENT=APP LEVEL=FATAL CONTENT=ciod: error reading message header
Label: 1

Log entry: TYPE=RAS COMPONENT=KERNEL LEVEL=INFO CONTENT=generating core.1433
Label: 0
Log",0,164.43904049992852
1329,TYPE=NULL COMPONENT=DISCOVERY LEVEL=ERROR CONTENT=Node card status: no ALERTs are active. Clock Mode is Low. Clock Select is Midplane. Phy JTAG Reset is asserted. ASIC JTAG Reset is asserted. Temperature Mask is not active. No temperature error. Temperature Limit Error Latch is clear. PGOOD IS NOT ASSERTED. PGOOD ERROR LATCH IS ACTIVE. MPGOOD IS NOT OK. MPGOOD ERROR LATCH IS ACTIVE. The 2.5 volt rail is OK. The 1.5 volt rail is OK.,0,- 1125193792 2005.08.27 R11-M1-N7 2005-08-27-18.49.52.912954 R11-M1-N7 NULL DISCOVERY ERROR Node card status: no ALERTs are active. Clock Mode is Low. Clock Select is Midplane. Phy JTAG Reset is asserted. ASIC JTAG Reset is asserted. Temperature Mask is not active. No temperature error. Temperature Limit Error Latch is clear. PGOOD IS NOT ASSERTED. PGOOD ERROR LATCH IS ACTIVE. MPGOOD IS NOT OK. MPGOOD ERROR LATCH IS ACTIVE. The 2.5 volt rail is OK. The 1.5 volt rail is OK.,-,few_shot,0,1," 0
Log",0,164.43904049992852
1074,TYPE=RAS COMPONENT=KERNEL LEVEL=INFO CONTENT=generating core.15193,0,- 1122132819 2005.07.23 R14-M0-ND-C:J11-U11 2005-07-23-08.33.39.102357 R14-M0-ND-C:J11-U11 RAS KERNEL INFO generating core.15193,-,few_shot,0,1," entry: TYPE=RAS COMPONENT=KERNEL LEVEL=INFO CONTENT=generating core.15193
Label: 0
Log",0,152.9731454998
1304,TYPE=RAS COMPONENT=KERNEL LEVEL=INFO CONTENT=iar 003a9260 dear 01290878,0,- 1125084072 2005.08.26 R66-M1-N4-C:J06-U01 2005-08-26-12.21.12.175889 R66-M1-N4-C:J06-U01 RAS KERNEL INFO iar 003a9260 dear 01290878,-,few_shot,0,1,"0 dear 01290878
Label: 0
Log",0,152.9731454998
60,TYPE=RAS COMPONENT=KERNEL LEVEL=INFO CONTENT=instruction cache parity error corrected,0,- 1118080420 2005.06.06 R02-M1-N0-C:J12-U11 2005-06-06-10.53.40.701796 R02-M1-N0-C:J12-U11 RAS KERNEL INFO instruction cache parity error corrected,-,few_shot,1,0," header
Label: 1

Log entry: TYPE=RAS COMPONENT=KERNEL LEVEL=INFO CONTENT=instruction cache parity error corrected
Label: 0
Log",0,152.9731454998
1263,TYPE=RAS COMPONENT=KERNEL LEVEL=INFO CONTENT=ciod: generated 64 core files for program /bgl/apps/swl-prep/ibm-swl/functional/sppm_chkpt/run/sppm,0,- 1124394179 2005.08.18 R30-M0-N0-I:J18-U01 2005-08-18-12.42.59.378202 R30-M0-N0-I:J18-U01 RAS KERNEL INFO ciod: generated 64 core files for program /bgl/apps/swl-prep/ibm-swl/functional/sppm_chkpt/run/sppm,-,few_shot,0,1," 0
Log",0,152.9731454998
92,TYPE=RAS COMPONENT=KERNEL LEVEL=INFO CONTENT=generating core.1818,0,- 1118292507 2005.06.08 R26-M0-NB-C:J09-U11 2005-06-08-21.48.27.952411 R26-M0-NB-C:J09-U11 RAS KERNEL INFO generating core.1818,-,few_shot,0,1,": 0
Log",0,133.95145025015154
666,TYPE=RAS COMPONENT=KERNEL LEVEL=INFO CONTENT=generating core.2633,0,- 1120934845 2005.07.09 R16-M1-ND-C:J13-U01 2005-07-09-11.47.25.418111 R16-M1-ND-C:J13-U01 RAS KERNEL INFO generating core.2633,-,few_shot,0,1,": 0
Log",0,133.95145025015154
280,TYPE=RAS COMPONENT=KERNEL LEVEL=FATAL CONTENT=program interrupt: fp cr field .............0,0,- 1118771934 2005.06.14 R24-M0-ND-C:J02-U11 2005-06-14-10.58.54.996783 R24-M0-ND-C:J02-U11 RAS KERNEL FATAL program interrupt: fp cr field .............0,-,few_shot,0,1," 0
Log",0,133.95145025015154
1113,TYPE=RAS COMPONENT=KERNEL LEVEL=INFO CONTENT=15 floating point alignment exceptions,0,- 1122165076 2005.07.23 R13-M0-N0-C:J15-U11 2005-07-23-17.31.16.270211 R13-M0-N0-C:J15-U11 RAS KERNEL INFO 15 floating point alignment exceptions,-,few_shot,0,1,"
Label: 0
Log",0,133.95145025015154
359,TYPE=RAS COMPONENT=KERNEL LEVEL=INFO CONTENT=generating core.7615,0,- 1119291291 2005.06.20 R13-M1-N8-C:J05-U11 2005-06-20-11.14.51.439913 R13-M1-N8-C:J05-U11 RAS KERNEL INFO generating core.7615,-,few_shot,0,1,"615
Label: 0
Log",0,132.75313450003523
1128,TYPE=RAS COMPONENT=KERNEL LEVEL=INFO CONTENT=generating core.2317,0,- 1122165882 2005.07.23 R11-M1-NE-C:J10-U11 2005-07-23-17.44.42.945213 R11-M1-NE-C:J10-U11 RAS KERNEL INFO generating core.2317,-,few_shot,0,1,"317
Label: 0
Log",0,132.75313450003523
1169,TYPE=RAS COMPONENT=KERNEL LEVEL=INFO CONTENT=generating core.64538,0,- 1122430461 2005.07.26 R20-M0-N9-C:J06-U01 2005-07-26-19.14.21.706235 R20-M0-N9-C:J06-U01 RAS KERNEL INFO generating core.64538,-,few_shot,0,1,"38
Label: 0
Log",0,132.75313450003523
847,TYPE=RAS COMPONENT=KERNEL LEVEL=INFO CONTENT=114091808 double-hummer alignment exceptions,0,- 1121252541 2005.07.13 R03-M0-N7-C:J12-U01 2005-07-13-04.02.21.078387 R03-M0-N7-C:J12-U01 RAS KERNEL INFO 114091808 double-hummer alignment exceptions,-,few_shot,0,1," 0
Log",0,132.75313450003523
1521,"TYPE=RAS COMPONENT=KERNEL LEVEL=INFO CONTENT=CE sym 29, at 0x1b719940, mask 0x02",0,"- 1130645609 2005.10.29 R06-M0-N9-C:J02-U01 2005-10-29-21.13.29.183062 R06-M0-N9-C:J02-U01 RAS KERNEL INFO CE sym 29, at 0x1b719940, mask 0x02",-,few_shot,0,1," 0
Log",0,151.09763675036447
110,TYPE=RAS COMPONENT=KERNEL LEVEL=FATAL CONTENT=data TLB error interrupt,1,KERNDTLB 1118538182 2005.06.11 R30-M0-N9-C:J16-U01 2005-06-11-18.03.02.884252 R30-M0-N9-C:J16-U01 RAS KERNEL FATAL data TLB error interrupt,KERNDTLB,few_shot,1,1,"Log entry: TYPE=RAS COMPONENT=KERNEL LEVEL=FATAL CONTENT=data TLB error interrupt
Label: 1
Log",0,151.09763675036447
42,TYPE=RAS COMPONENT=KERNEL LEVEL=INFO CONTENT=generating core.3488,0,- 1117989483 2005.06.05 R37-M0-N3-C:J14-U01 2005-06-05-09.38.03.456120 R37-M0-N3-C:J14-U01 RAS KERNEL INFO generating core.3488,-,few_shot,0,1,"KERNEL LEVEL=INFO CONTENT=generating core.3488
Label: 0
Log",0,151.09763675036447
125,TYPE=RAS COMPONENT=KERNEL LEVEL=FATAL CONTENT=data TLB error interrupt,1,KERNDTLB 1118543510 2005.06.11 R30-M0-N9-C:J16-U01 2005-06-11-19.31.50.792512 R30-M0-N9-C:J16-U01 RAS KERNEL FATAL data TLB error interrupt,KERNDTLB,few_shot,1,1,"Log entry: TYPE=RAS COMPONENT=KERNEL LEVEL=FATAL CONTENT=data TLB error interrupt
Label: 1
Log",0,151.09763675036447
204,TYPE=RAS COMPONENT=KERNEL LEVEL=FATAL CONTENT=data address: 0x00000002,0,- 1118767015 2005.06.14 R24-M1-N3-C:J16-U01 2005-06-14-09.36.55.370589 R24-M1-N3-C:J16-U01 RAS KERNEL FATAL data address: 0x00000002,-,few_shot,0,1,"02
Label: 0
Log",0,132.85096375011562
52,TYPE=RAS COMPONENT=KERNEL LEVEL=INFO CONTENT=generating core.1744,0,- 1117991006 2005.06.05 R32-M0-N9-C:J17-U01 2005-06-05-10.03.26.884113 R32-M0-N9-C:J17-U01 RAS KERNEL INFO generating core.1744,-,few_shot,0,1,"ating core.1744
Label: 0
Log",0,132.85096375011562
545,TYPE=RAS COMPONENT=KERNEL LEVEL=INFO CONTENT=458720 double-hummer alignment exceptions,0,- 1120265529 2005.07.01 R27-M1-N2-C:J03-U01 2005-07-01-17.52.09.980967 R27-M1-N2-C:J03-U01 RAS KERNEL INFO 458720 double-hummer alignment exceptions,-,few_shot,0,1,"-hummer alignment exceptions
Label: 0
Log",0,132.85096375011562
68,TYPE=RAS COMPONENT=KERNEL LEVEL=INFO CONTENT=ciod: cpu 0 at treeaddr 438 sent unrecognized message 0xffffffff,0,- 1118112700 2005.06.06 R23-M0-N0-I:J18-U01 2005-06-06-19.51.40.376079 R23-M0-N0-I:J18-U01 RAS KERNEL INFO ciod: cpu 0 at treeaddr 438 sent unrecognized message 0xffffffff,-,few_shot,0,1," 0
Log",0,132.85096375011562
1740,TYPE=RAS COMPONENT=KERNEL LEVEL=INFO CONTENT=iar 00106274 dear 0246da8c,0,- 1131692621 2005.11.10 R63-M0-NF-C:J06-U01 2005-11-10-23.03.41.120402 R63-M0-NF-C:J06-U01 RAS KERNEL INFO iar 00106274 dear 0246da8c,-,few_shot,0,1," 0
Log",0,132.86776025006475
1547,TYPE=RAS COMPONENT=KERNEL LEVEL=INFO CONTENT=iar 00106228 dear 0244c1ec,0,- 1131058249 2005.11.03 R66-M1-N8-C:J12-U01 2005-11-03-14.50.49.805068 R66-M1-N8-C:J12-U01 RAS KERNEL INFO iar 00106228 dear 0244c1ec,-,few_shot,0,1," 0
Log",0,132.86776025006475
183,TYPE=RAS COMPONENT=KERNEL LEVEL=INFO CONTENT=generating core.4505,0,- 1118758278 2005.06.14 R37-M1-NF-C:J11-U11 2005-06-14-07.11.18.222056 R37-M1-NF-C:J11-U11 RAS KERNEL INFO generating core.4505,-,few_shot,0,1,"generating core.4505
Label: 0
Log",0,132.86776025006475
137,TYPE=RAS COMPONENT=KERNEL LEVEL=FATAL CONTENT=data TLB error interrupt,1,KERNDTLB 1118548933 2005.06.11 R30-M0-N9-C:J16-U01 2005-06-11-21.02.13.585407 R30-M0-N9-C:J16-U01 RAS KERNEL FATAL data TLB error interrupt,KERNDTLB,few_shot,1,1," COMPONENT=KERNEL LEVEL=FATAL CONTENT=data TLB error interrupt
Label: 1
Log",0,132.86776025006475
899,TYPE=RAS COMPONENT=KERNEL LEVEL=INFO CONTENT=generating core.27323,0,- 1121311157 2005.07.13 R25-M0-NB-C:J03-U11 2005-07-13-20.19.17.435123 R25-M0-NB-C:J03-U11 RAS KERNEL INFO generating core.27323,-,few_shot,0,1," 0
Log",0,132.54671074992075
796,TYPE=RAS COMPONENT=KERNEL LEVEL=INFO CONTENT=generating core.1957,0,- 1120969840 2005.07.09 R01-M0-N0-C:J10-U01 2005-07-09-21.30.40.884135 R01-M0-N0-C:J10-U01 RAS KERNEL INFO generating core.1957,-,few_shot,0,1,": 0
Log",0,132.54671074992075
132,TYPE=RAS COMPONENT=KERNEL LEVEL=FATAL CONTENT=data TLB error interrupt,1,KERNDTLB 1118544942 2005.06.11 R30-M0-N9-C:J16-U01 2005-06-11-19.55.42.506216 R30-M0-N9-C:J16-U01 RAS KERNEL FATAL data TLB error interrupt,KERNDTLB,few_shot,1,1," error interrupt
Label: 1
Log",0,132.54671074992075
80,TYPE=RAS COMPONENT=KERNEL LEVEL=INFO CONTENT=generating core.2911,0,- 1118172147 2005.06.07 R35-M0-NC-C:J03-U11 2005-06-07-12.22.27.613809 R35-M0-NC-C:J03-U11 RAS KERNEL INFO generating core.2911,-,few_shot,0,1,": 0
Log",0,132.54671074992075
1986,TYPE=RAS COMPONENT=KERNEL LEVEL=INFO CONTENT=ciod: pollControlDescriptors: Detected the debugger died.,0,- 1135050698 2005.12.19 R77-M1-NC-I:J18-U01 2005-12-19-19.51.38.151363 R77-M1-NC-I:J18-U01 RAS KERNEL INFO ciod: pollControlDescriptors: Detected the debugger died.,-,few_shot,1,0,"Descriptors: Detected the debugger died.
Label: 1
Log",0,132.92477699997107
1540,TYPE=RAS COMPONENT=KERNEL LEVEL=INFO CONTENT=iar 00106228 dear 0244c1ec,0,- 1131058087 2005.11.03 R60-M1-N3-C:J11-U01 2005-11-03-14.48.07.486751 R60-M1-N3-C:J11-U01 RAS KERNEL INFO iar 00106228 dear 0244c1ec,-,few_shot,0,1," 0
Log",0,132.92477699997107
541,TYPE=RAS COMPONENT=KERNEL LEVEL=INFO CONTENT=1146800 double-hummer alignment exceptions,0,- 1120263168 2005.07.01 R24-M0-N3-C:J09-U01 2005-07-01-17.12.48.485919 R24-M0-N3-C:J09-U01 RAS KERNEL INFO 1146800 double-hummer alignment exceptions,-,few_shot,0,1,"-hummer alignment exceptions
Label: 0
Log",0,132.92477699997107
1668,TYPE=RAS COMPONENT=KERNEL LEVEL=INFO CONTENT=iar 001066c4 dear 025251fc,0,- 1131141199 2005.11.04 R63-M0-NB-C:J05-U11 2005-11-04-13.53.19.475674 R63-M0-NB-C:J05-U11 RAS KERNEL INFO iar 001066c4 dear 025251fc,-,few_shot,0,1," 0
Log",0,132.92477699997107
983,TYPE=RAS COMPONENT=KERNEL LEVEL=INFO CONTENT=generating core.59042,0,- 1121496460 2005.07.15 R06-M1-N7-C:J06-U11 2005-07-15-23.47.40.002166 R06-M1-N7-C:J06-U11 RAS KERNEL INFO generating core.59042,-,few_shot,0,1," 0
Log",0,132.5528922502599
165,TYPE=RAS COMPONENT=KERNEL LEVEL=FATAL CONTENT=data storage interrupt,1,KERNSTOR 1118709403 2005.06.13 R10-M1-N5-C:J15-U11 2005-06-13-17.36.43.927885 R10-M1-N5-C:J15-U11 RAS KERNEL FATAL data storage interrupt,KERNSTOR,few_shot,1,1," CONTENT=data storage interrupt
Label: 1
Log",0,132.5528922502599
248,TYPE=RAS COMPONENT=KERNEL LEVEL=FATAL CONTENT=program interrupt: imprecise exception......0,0,- 1118770375 2005.06.14 R27-M0-N3-C:J15-U01 2005-06-14-10.32.55.359107 R27-M0-N3-C:J15-U01 RAS KERNEL FATAL program interrupt: imprecise exception......0,-,few_shot,1,0," 1
Log",0,132.5528922502599
446,TYPE=RAS COMPONENT=KERNEL LEVEL=INFO CONTENT=generating core.14700,0,- 1119806904 2005.06.26 R05-M0-N3-C:J11-U11 2005-06-26-10.28.24.350248 R05-M0-N3-C:J11-U11 RAS KERNEL INFO generating core.14700,-,few_shot,0,1," 0
Log",0,132.5528922502599
1514,TYPE=RAS COMPONENT=KERNEL LEVEL=INFO CONTENT=total of 1 ddr error(s) detected and corrected,0,- 1129897177 2005.10.21 R07-M1-N0-C:J17-U01 2005-10-21-05.19.37.093437 R07-M1-N0-C:J17-U01 RAS KERNEL INFO total of 1 ddr error(s) detected and corrected,-,few_shot,1,0," header
Label: 1

Log entry: TYPE=RAS COMPONENT=KERNEL LEVEL=INFO CONTENT=total of 1 ddr error(s) detected and corrected
Label: 0
Log",0,155.25684349995572
858,TYPE=RAS COMPONENT=KERNEL LEVEL=INFO CONTENT=generating core.52403,0,- 1121256302 2005.07.13 R31-M1-N5-C:J02-U11 2005-07-13-05.05.02.446625 R31-M1-N5-C:J02-U11 RAS KERNEL INFO generating core.52403,-,few_shot,1,0,"=ciod: error reading message header
Label: 1

Log entry: TYPE=RAS COMPONENT=KERNEL LEVEL=INFO CONTENT=generating core.52403
Label: 0
Log",0,155.25684349995572
1211,"TYPE=RAS COMPONENT=MMCS LEVEL=ERROR CONTENT=idoproxydb hit ASSERT condition: ASSERT expression=0 Source file=idotransportmgr.cpp Source line=1043 Function=int IdoTransportMgr::SendPacket(IdoUdpMgr*, BglCtlPavTrace*)",0,"- 1123110830 2005.08.03 NULL 2005-08-03-16.13.50.570973 NULL RAS MMCS ERROR idoproxydb hit ASSERT condition: ASSERT expression=0 Source file=idotransportmgr.cpp Source line=1043 Function=int IdoTransportMgr::SendPacket(IdoUdpMgr*, BglCtlPavTrace*)",-,few_shot,1,0," 1
Log",0,155.25684349995572
97,"TYPE=RAS COMPONENT=KERNEL LEVEL=INFO CONTENT=CE sym 2, at 0x1b85f080, mask 0x02",0,"- 1118351098 2005.06.09 R16-M1-N2-C:J17-U01 2005-06-09-14.04.58.329635 R16-M1-N2-C:J17-U01 RAS KERNEL INFO CE sym 2, at 0x1b85f080, mask 0x02",-,few_shot,0,1,"2, at 0x1b85f080, mask 0x02
Label: 0
Log",0,155.25684349995572
1973,"TYPE=RAS COMPONENT=APP LEVEL=FATAL CONTENT=ciod: Error reading message prefix on CioStream socket to 172.16.96.116:55929, Link has been severed",1,"APPSEV 1134496355 2005.12.13 R74-M1-N8-I:J18-U11 2005-12-13-09.52.35.527182 R74-M1-N8-I:J18-U11 RAS APP FATAL ciod: Error reading message prefix on CioStream socket to 172.16.96.116:55929, Link has been severed",APPSEV,few_shot,1,1,"
Label: 1
Log",0,153.34775749988694
737,TYPE=RAS COMPONENT=KERNEL LEVEL=INFO CONTENT=generating core.8544,0,- 1120956526 2005.07.09 R37-M1-N7-C:J17-U01 2005-07-09-17.48.46.717674 R37-M1-N7-C:J17-U01 RAS KERNEL INFO generating core.8544,-,few_shot,1,0," header
Label: 1

Log entry: TYPE=RAS COMPONENT=KERNEL LEVEL=INFO CONTENT=generating core.8544
Label: 0
Log",0,153.34775749988694
1255,"TYPE=RAS COMPONENT=APP LEVEL=FATAL CONTENT=ciod: Error loading /bgl/apps/scaletest/stability/MDCASK/WORK/65576/inferno: invalid or missing program image, No such file or directory",0,"- 1123976348 2005.08.13 R60-M1-NC-I:J18-U01 2005-08-13-16.39.08.734879 R60-M1-NC-I:J18-U01 RAS APP FATAL ciod: Error loading /bgl/apps/scaletest/stability/MDCASK/WORK/65576/inferno: invalid or missing program image, No such file or directory",-,few_shot,1,0," 1
Log",0,153.34775749988694
102,TYPE=RAS COMPONENT=KERNEL LEVEL=INFO CONTENT=generating core.12357,0,- 1118371064 2005.06.09 R00-M1-N6-C:J12-U01 2005-06-09-19.37.44.455502 R00-M1-N6-C:J12-U01 RAS KERNEL INFO generating core.12357,-,few_shot,1,0,"Label: 1

Log entry: TYPE=RAS COMPONENT=KERNEL LEVEL=INFO CONTENT=generating core.12357
Label: 0
Log",0,153.34775749988694
434,TYPE=RAS COMPONENT=KERNEL LEVEL=INFO CONTENT=program interrupt: illegal instruction......1,0,- 1119803084 2005.06.26 R36-M0-ND-C:J13-U11 2005-06-26-09.24.44.819150 R36-M0-ND-C:J13-U11 RAS KERNEL INFO program interrupt: illegal instruction......1,-,few_shot,1,0,"
Label: 1

Log entry: TYPE=RAS COMPONENT=KERNEL LEVEL=INFO CONTENT=program interrupt: illegal instruction......1
Label: 1
Log",0,151.62922150011582
74,TYPE=RAS COMPONENT=KERNEL LEVEL=INFO CONTENT=generating core.418,0,- 1118149783 2005.06.07 R20-M1-N5-C:J06-U01 2005-06-07-06.09.43.355329 R20-M1-N5-C:J06-U01 RAS KERNEL INFO generating core.418,-,few_shot,1,0,"
Label: 1

Log entry: TYPE=RAS COMPONENT=KERNEL LEVEL=INFO CONTENT=generating core.418
Label: 0
Log",0,151.62922150011582
1791,"TYPE=RAS COMPONENT=APP LEVEL=FATAL CONTENT=ciod: Error reading message prefix on CioStream socket to 172.16.96.116:60243, Link has been severed",1,"APPSEV 1133009333 2005.11.26 R54-M0-N0-I:J18-U01 2005-11-26-04.48.53.869394 R54-M0-N0-I:J18-U01 RAS APP FATAL ciod: Error reading message prefix on CioStream socket to 172.16.96.116:60243, Link has been severed",APPSEV,few_shot,1,1," 1
Log",0,151.62922150011582
1234,TYPE=RAS COMPONENT=KERNEL LEVEL=INFO CONTENT=total of 1 ddr error(s) detected and corrected,0,- 1123685937 2005.08.10 R14-M1-N0-C:J07-U11 2005-08-10-07.58.57.502279 R14-M1-N0-C:J07-U11 RAS KERNEL INFO total of 1 ddr error(s) detected and corrected,-,few_shot,1,0,"=RAS COMPONENT=KERNEL LEVEL=INFO CONTENT=total of 1 ddr error(s) detected and corrected
Label: 0
Log",0,151.62922150011582
918,TYPE=RAS COMPONENT=KERNEL LEVEL=INFO CONTENT=generating core.30675,0,- 1121312282 2005.07.13 R32-M1-N5-C:J02-U11 2005-07-13-20.38.02.068017 R32-M1-N5-C:J02-U11 RAS KERNEL INFO generating core.30675,-,few_shot,0,1,"ating core.30675
Label: 0
Log",0,132.90161450004234
1711,TYPE=RAS COMPONENT=KERNEL LEVEL=INFO CONTENT=iar 001061b4 dear 0247017c,0,- 1131477539 2005.11.08 R62-M0-N2-C:J05-U11 2005-11-08-11.18.59.141452 R62-M0-N2-C:J05-U11 RAS KERNEL INFO iar 001061b4 dear 0247017c,-,few_shot,0,1," 0
Log",0,132.90161450004234
1670,TYPE=RAS COMPONENT=KERNEL LEVEL=INFO CONTENT=iar 001007b8 dear 065b4c7c,0,- 1131141902 2005.11.04 R62-M0-N1-C:J04-U01 2005-11-04-14.05.02.591917 R62-M0-N1-C:J04-U01 RAS KERNEL INFO iar 001007b8 dear 065b4c7c,-,few_shot,0,1," 0
Log",0,132.90161450004234
1620,TYPE=RAS COMPONENT=KERNEL LEVEL=INFO CONTENT=iar 00106bd8 dear 0245ce0c,0,- 1131125519 2005.11.04 R62-M0-N0-C:J14-U01 2005-11-04-09.31.59.900525 R62-M0-N0-C:J14-U01 RAS KERNEL INFO iar 00106bd8 dear 0245ce0c,-,few_shot,0,1,"Label: 0
Log",0,132.90161450004234
762,TYPE=RAS COMPONENT=KERNEL LEVEL=INFO CONTENT=generating core.28918,0,- 1120968310 2005.07.09 R34-M1-N6-C:J09-U11 2005-07-09-21.05.10.098884 R34-M1-N6-C:J09-U11 RAS KERNEL INFO generating core.28918,-,few_shot,0,1,"18
Label: 0
Log",0,132.5849474997085
989,TYPE=RAS COMPONENT=KERNEL LEVEL=INFO CONTENT=generating core.58328,0,- 1121597882 2005.07.17 R22-M0-N7-C:J17-U01 2005-07-17-03.58.02.994632 R22-M0-N7-C:J17-U01 RAS KERNEL INFO generating core.58328,-,few_shot,0,1,"28
Label: 0
Log",0,132.5849474997085
388,TYPE=RAS COMPONENT=KERNEL LEVEL=INFO CONTENT=255244071 double-hummer alignment exceptions,0,- 1119695690 2005.06.25 R35-M0-NF-C:J11-U11 2005-06-25-03.34.50.645459 R35-M0-NF-C:J11-U11 RAS KERNEL INFO 255244071 double-hummer alignment exceptions,-,few_shot,0,1," 0
Log",0,132.5849474997085
235,TYPE=RAS COMPONENT=KERNEL LEVEL=FATAL CONTENT=program interrupt: illegal instruction......0,0,- 1118769649 2005.06.14 R26-M0-N5-C:J08-U01 2005-06-14-10.20.49.630306 R26-M0-N5-C:J08-U01 RAS KERNEL FATAL program interrupt: illegal instruction......0,-,few_shot,0,1," illegal instruction......0
Label: 1
Log",0,132.5849474997085
1506,TYPE=RAS COMPONENT=KERNEL LEVEL=INFO CONTENT=data cache search parity error detected. attempting to correct,0,- 1129552305 2005.10.17 R02-M0-N4-C:J04-U11 2005-10-17-05.31.45.435674 R02-M0-N4-C:J04-U11 RAS KERNEL INFO data cache search parity error detected. attempting to correct,-,few_shot,0,1," 0
Log",0,132.45348049986205
267,TYPE=RAS COMPONENT=KERNEL LEVEL=FATAL CONTENT=byte ordering exception.....................0,0,- 1118771409 2005.06.14 R20-M1-N8-C:J15-U11 2005-06-14-10.50.09.563848 R20-M1-N8-C:J15-U11 RAS KERNEL FATAL byte ordering exception.....................0,-,few_shot,0,1,"
Label: 0
Log",0,132.45348049986205
1187,TYPE=RAS COMPONENT=KERNEL LEVEL=INFO CONTENT=generating core.9958,0,- 1122431396 2005.07.26 R07-M0-N6-C:J07-U11 2005-07-26-19.29.56.539285 R07-M0-N6-C:J07-U11 RAS KERNEL INFO generating core.9958,-,few_shot,0,1,": 0
Log",0,132.45348049986205
117,TYPE=RAS COMPONENT=KERNEL LEVEL=FATAL CONTENT=data TLB error interrupt,1,KERNDTLB 1118541065 2005.06.11 R30-M0-N9-C:J16-U01 2005-06-11-18.51.05.246165 R30-M0-N9-C:J16-U01 RAS KERNEL FATAL data TLB error interrupt,KERNDTLB,few_shot,1,1," error interrupt
Label: 1
Log",0,132.45348049986205
1606,TYPE=RAS COMPONENT=KERNEL LEVEL=INFO CONTENT=2354412 floating point alignment exceptions,0,- 1131063954 2005.11.03 R51-M1-NA-C:J05-U01 2005-11-03-16.25.54.660204 R51-M1-NA-C:J05-U01 RAS KERNEL INFO 2354412 floating point alignment exceptions,-,few_shot,1,0,"
Label: 1

Log entry: TYPE=RAS COMPONENT=KERNEL LEVEL=INFO CONTENT=2354412 floating point alignment exceptions
Label: 0
Log",0,153.681411999969
673,TYPE=RAS COMPONENT=KERNEL LEVEL=INFO CONTENT=generating core.8646,0,- 1120935133 2005.07.09 R05-M0-N6-C:J09-U01 2005-07-09-11.52.13.812405 R05-M0-N6-C:J09-U01 RAS KERNEL INFO generating core.8646,-,few_shot,1,0,"iod: error reading message header
Label: 1

Log entry: TYPE=RAS COMPONENT=KERNEL LEVEL=INFO CONTENT=generating core.8646
Label: 0
Log",0,153.681411999969
249,TYPE=RAS COMPONENT=KERNEL LEVEL=FATAL CONTENT=store operation.............................1,0,- 1118770603 2005.06.14 R24-M1-NE-C:J15-U11 2005-06-14-10.36.43.928442 R24-M1-NE-C:J15-U11 RAS KERNEL FATAL store operation.............................1,-,few_shot,1,0,"APP LEVEL=FATAL CONTENT=ciod: error reading message header
Label: 1

Log entry: TYPE=RAS COMPONENT=KERNEL LEVEL=FATAL CONTENT=store operation.............................1
Label: 1
Log",0,153.681411999969
1452,TYPE=RAS COMPONENT=APP LEVEL=FATAL CONTENT=ciod: LOGIN chdir(/bgl/apps/SWL/performance/MINIBEN///2005.09.20-18.06.01) failed: No such file or directory,0,- 1127265666 2005.09.20 R54-M1-N4-I:J18-U11 2005-09-20-18.21.06.263282 R54-M1-N4-I:J18-U11 RAS APP FATAL ciod: LOGIN chdir(/bgl/apps/SWL/performance/MINIBEN///2005.09.20-18.06.01) failed: No such file or directory,-,few_shot,1,0," 1
Log",0,153.681411999969
1994,TYPE=RAS COMPONENT=KERNEL LEVEL=INFO CONTENT=instruction cache parity error corrected,0,- 1135661328 2005.12.26 R37-M1-NC-C:J02-U11 2005-12-26-21.28.48.643483 R37-M1-NC-C:J02-U11 RAS KERNEL INFO instruction cache parity error corrected,-,few_shot,0,1,": TYPE=RAS COMPONENT=KERNEL LEVEL=INFO CONTENT=instruction cache parity error corrected
Label: 0
Log",0,152.5919342502675
94,TYPE=RAS COMPONENT=KERNEL LEVEL=INFO CONTENT=generating core.3401,0,- 1118343776 2005.06.09 R16-M1-N1-C:J12-U01 2005-06-09-12.02.56.706796 R16-M1-N1-C:J12-U01 RAS KERNEL INFO generating core.3401,-,few_shot,0,1,"KERNEL LEVEL=INFO CONTENT=generating core.3401
Label: 0
Log",0,152.5919342502675
33,TYPE=RAS COMPONENT=KERNEL LEVEL=INFO CONTENT=generating core.4155,0,- 1117985413 2005.06.05 R31-M1-N7-C:J05-U11 2005-06-05-08.30.13.824307 R31-M1-N7-C:J05-U11 RAS KERNEL INFO generating core.4155,-,few_shot,0,1,"KERNEL LEVEL=INFO CONTENT=generating core.4155
Label: 0
Log",0,152.5919342502675
1463,"TYPE=RAS COMPONENT=KERNEL LEVEL=INFO CONTENT=CE sym 16, at 0x0149a040, mask 0x80",0,"- 1127756818 2005.09.26 R64-M0-NB-C:J14-U01 2005-09-26-10.46.58.701612 R64-M0-NB-C:J14-U01 RAS KERNEL INFO CE sym 16, at 0x0149a040, mask 0x80",-,few_shot,0,1," 0
Log",0,152.5919342502675
1667,TYPE=RAS COMPONENT=KERNEL LEVEL=INFO CONTENT=iar 001066c4 dear 0252528c,0,- 1131140000 2005.11.04 R63-M0-ND-C:J15-U01 2005-11-04-13.33.20.655126 R63-M0-ND-C:J15-U01 RAS KERNEL INFO iar 001066c4 dear 0252528c,-,few_shot,0,1,"4 dear 0252528c
Label: 0
Log",0,151.63222024966672
448,TYPE=RAS COMPONENT=KERNEL LEVEL=INFO CONTENT=program interrupt,0,- 1119806955 2005.06.26 R03-M1-NC-C:J05-U11 2005-06-26-10.29.15.890436 R03-M1-NC-C:J05-U11 RAS KERNEL INFO program interrupt,-,few_shot,1,0,"=ciod: error reading message header
Label: 1

Log entry: TYPE=RAS COMPONENT=KERNEL LEVEL=INFO CONTENT=program interrupt
Label: 0
Log",0,151.63222024966672
716,TYPE=RAS COMPONENT=KERNEL LEVEL=INFO CONTENT=generating core.23259,0,- 1120940220 2005.07.09 R27-M0-N1-C:J05-U01 2005-07-09-13.17.00.152550 R27-M0-N1-C:J05-U01 RAS KERNEL INFO generating core.23259,-,few_shot,0,1," entry: TYPE=RAS COMPONENT=KERNEL LEVEL=INFO CONTENT=generating core.23259
Label: 0
Log",0,151.63222024966672
1809,"TYPE=RAS COMPONENT=KERNEL LEVEL=INFO CONTENT=10722 total interrupts. 0 critical input interrupts. 0 microseconds total spent on critical input interrupts, 0 microseconds max time in a critical input interrupt.",0,"- 1133447728 2005.12.01 R06-M0-N3-C:J13-U11 2005-12-01-06.35.28.126758 R06-M0-N3-C:J13-U11 RAS KERNEL INFO 10722 total interrupts. 0 critical input interrupts. 0 microseconds total spent on critical input interrupts, 0 microseconds max time in a critical input interrupt.",-,few_shot,0,1," 0
Log",0,151.63222024966672
1517,TYPE=RAS COMPONENT=KERNEL LEVEL=INFO CONTENT=critical input interrupt (unit=0x0b bit=0x0b): warning for torus z- wire,0,- 1130255740 2005.10.25 R11-M1-N2-C:J09-U11 2005-10-25-08.55.40.146416 R11-M1-N2-C:J09-U11 RAS KERNEL INFO critical input interrupt (unit=0x0b bit=0x0b): warning for torus z- wire,-,few_shot,0,1," 0
Log",0,150.9644230000049
0,TYPE=RAS COMPONENT=KERNEL LEVEL=INFO CONTENT=instruction cache parity error corrected,0,- 1117838570 2005.06.03 R02-M1-N0-C:J12-U11 2005-06-03-15.42.50.675872 R02-M1-N0-C:J12-U11 RAS KERNEL INFO instruction cache parity error corrected,-,few_shot,0,1," TYPE=RAS COMPONENT=KERNEL LEVEL=INFO CONTENT=instruction cache parity error corrected
Label: 0
Log",0,150.9644230000049
1375,"TYPE=RAS COMPONENT=KERNEL LEVEL=INFO CONTENT=CE sym 35, at 0x1317cee0, mask 0x10",0,"- 1125479181 2005.08.31 R00-M1-NB-C:J02-U01 2005-08-31-02.06.21.134545 R00-M1-NB-C:J02-U01 RAS KERNEL INFO CE sym 35, at 0x1317cee0, mask 0x10",-,few_shot,0,1,": 0
Log",0,150.9644230000049
1101,TYPE=RAS COMPONENT=KERNEL LEVEL=INFO CONTENT=total of 23 ddr error(s) detected and corrected,0,- 1122160898 2005.07.23 R04-M0-N1-C:J10-U01 2005-07-23-16.21.38.272915 R04-M0-N1-C:J10-U01 RAS KERNEL INFO total of 23 ddr error(s) detected and corrected,-,few_shot,0,1," ddr error(s) detected and corrected
Label: 0
Log",0,150.9644230000049
1108,TYPE=RAS COMPONENT=KERNEL LEVEL=INFO CONTENT=15 floating point alignment exceptions,0,- 1122164957 2005.07.23 R15-M0-N6-C:J12-U01 2005-07-23-17.29.17.315417 R15-M0-N6-C:J12-U01 RAS KERNEL INFO 15 floating point alignment exceptions,-,few_shot,0,1," LEVEL=INFO CONTENT=15 floating point alignment exceptions
Label: 0
Log",0,132.8922339998826
1226,TYPE=NULL COMPONENT=DISCOVERY LEVEL=SEVERE CONTENT=Can not get assembly information for node card,0,- 1123608679 2005.08.09 R70-M0-N0 2005-08-09-10.31.19.671420 R70-M0-N0 NULL DISCOVERY SEVERE Can not get assembly information for node card,-,few_shot,1,0," not get assembly information for node card
Label: 1
Log",0,132.8922339998826
82,TYPE=RAS COMPONENT=KERNEL LEVEL=INFO CONTENT=generating core.122,0,- 1118183497 2005.06.07 R34-M0-N7-C:J09-U11 2005-06-07-15.31.37.435791 R34-M0-N7-C:J09-U11 RAS KERNEL INFO generating core.122,-,few_shot,0,1,"INFO CONTENT=generating core.122
Label: 0
Log",0,132.8922339998826
1288,TYPE=RAS COMPONENT=KERNEL LEVEL=INFO CONTENT=iar 003a9294 dear 00c06c48,0,- 1125082778 2005.08.26 R63-M1-NB-C:J09-U01 2005-08-26-11.59.38.574254 R63-M1-NB-C:J09-U01 RAS KERNEL INFO iar 003a9294 dear 00c06c48,-,few_shot,0,1," 0
Log",0,132.8922339998826
676,TYPE=RAS COMPONENT=KERNEL LEVEL=INFO CONTENT=generating core.2300,0,- 1120935388 2005.07.09 R20-M1-N4-C:J17-U11 2005-07-09-11.56.28.685591 R20-M1-N4-C:J17-U11 RAS KERNEL INFO generating core.2300,-,few_shot,0,1,"

Log entry: TYPE=RAS COMPONENT=KERNEL LEVEL=INFO CONTENT=generating core.2300
Label: 0
Log",0,151.6090784998596
1920,"TYPE=RAS COMPONENT=KERNEL LEVEL=INFO CONTENT=10722 total interrupts. 0 critical input interrupts. 0 microseconds total spent on critical input interrupts, 0 microseconds max time in a critical input interrupt.",0,"- 1133455641 2005.12.01 R23-M0-ND-C:J11-U11 2005-12-01-08.47.21.966726 R23-M0-ND-C:J11-U11 RAS KERNEL INFO 10722 total interrupts. 0 critical input interrupts. 0 microseconds total spent on critical input interrupts, 0 microseconds max time in a critical input interrupt.",-,few_shot,0,1," 0
Log",0,151.6090784998596
1046,TYPE=RAS COMPONENT=KERNEL LEVEL=INFO CONTENT=8 floating point alignment exceptions,0,- 1121901493 2005.07.20 R05-M1-NC-C:J14-U11 2005-07-20-16.18.13.877286 R05-M1-NC-C:J14-U11 RAS KERNEL INFO 8 floating point alignment exceptions,-,few_shot,1,0," header
Label: 1

Log entry: TYPE=RAS COMPONENT=KERNEL LEVEL=INFO CONTENT=8 floating point alignment exceptions
Label: 0
Log",0,151.6090784998596
770,TYPE=RAS COMPONENT=KERNEL LEVEL=INFO CONTENT=generating core.7193,0,- 1120968887 2005.07.09 R10-M0-NB-C:J13-U11 2005-07-09-21.14.47.953574 R10-M0-NB-C:J13-U11 RAS KERNEL INFO generating core.7193,-,few_shot,0,1,"

Log entry: TYPE=RAS COMPONENT=KERNEL LEVEL=INFO CONTENT=generating core.7193
Label: 0
Log",0,151.6090784998596
1946,TYPE=RAS COMPONENT=KERNEL LEVEL=FATAL CONTENT=Lustre mount FAILED : bglio617 : block_id : location,1,KERNMNTF 1133726737 2005.12.04 R46-M0-N8-I:J18-U11 2005-12-04-12.05.37.993474 R46-M0-N8-I:J18-U11 RAS KERNEL FATAL Lustre mount FAILED : bglio617 : block_id : location,KERNMNTF,few_shot,1,1,"=FATAL CONTENT=Lustre mount FAILED : bglio617 : block_id : location
Label: 1
Log",0,151.6384824999477
1280,TYPE=RAS COMPONENT=KERNEL LEVEL=INFO CONTENT=ciod: generated 128 core files for program /home/germann2/BGL-demo/SPaSM_mpi,0,- 1124818189 2005.08.23 R06-M0-N0-I:J18-U01 2005-08-23-10.29.49.877845 R06-M0-N0-I:J18-U01 RAS KERNEL INFO ciod: generated 128 core files for program /home/germann2/BGL-demo/SPaSM_mpi,-,few_shot,0,1,"2/BGL-demo/SPaSM_mpi
Label: 0
Log",0,151.6384824999477
1580,TYPE=RAS COMPONENT=KERNEL LEVEL=INFO CONTENT=iar 00106534 dear 02494c0c,0,- 1131060284 2005.11.03 R66-M0-NA-C:J03-U11 2005-11-03-15.24.44.675679 R66-M0-NA-C:J03-U11 RAS KERNEL INFO iar 00106534 dear 02494c0c,-,few_shot,0,1,"6534 dear 02494c0c
Label: 0
Log",0,151.6384824999477
1488,"TYPE=RAS COMPONENT=APP LEVEL=FATAL CONTENT=ciod: Error loading /home/spelce1/HPCC_IBM/Urgent/COP/64K/vnm.rts: invalid or missing program image, Permission denied",0,"- 1129166670 2005.10.12 R73-M1-NC-I:J18-U01 2005-10-12-18.24.30.314474 R73-M1-NC-I:J18-U01 RAS APP FATAL ciod: Error loading /home/spelce1/HPCC_IBM/Urgent/COP/64K/vnm.rts: invalid or missing program image, Permission denied",-,few_shot,1,0," 1
Log",0,151.6384824999477
404,TYPE=RAS COMPONENT=KERNEL LEVEL=INFO CONTENT=generating core.56155,0,- 1119715612 2005.06.25 R23-M0-N9-C:J05-U01 2005-06-25-09.06.52.855570 R23-M0-N9-C:J05-U01 RAS KERNEL INFO generating core.56155,-,few_shot,0,1,"INFO CONTENT=generating core.56155
Label: 0
Log",0,151.15988724983254
1727,"TYPE=RAS COMPONENT=KERNEL LEVEL=INFO CONTENT=CE sym 25, at 0x10e1bce0, mask 0x40",0,"- 1131582509 2005.11.09 R61-M0-NB-C:J05-U01 2005-11-09-16.28.29.127581 R61-M0-NB-C:J05-U01 RAS KERNEL INFO CE sym 25, at 0x10e1bce0, mask 0x40",-,few_shot,0,1," 0
Log",0,151.15988724983254
1298,TYPE=RAS COMPONENT=KERNEL LEVEL=INFO CONTENT=iar 003a9254 dear 00f05688,0,- 1125083702 2005.08.26 R65-M0-ND-C:J12-U01 2005-08-26-12.15.02.887927 R65-M0-ND-C:J12-U01 RAS KERNEL INFO iar 003a9254 dear 00f05688,-,few_shot,0,1,"8
Label: 0
Log",0,151.15988724983254
1340,TYPE=RAS COMPONENT=KERNEL LEVEL=INFO CONTENT=34253552 double-hummer alignment exceptions,0,- 1125221591 2005.08.28 R44-M0-NF-C:J13-U11 2005-08-28-02.33.11.392223 R44-M0-NF-C:J13-U11 RAS KERNEL INFO 34253552 double-hummer alignment exceptions,-,few_shot,0,1,"552 double-hummer alignment exceptions
Label: 0
Log",0,151.15988724983254
104,TYPE=RAS COMPONENT=KERNEL LEVEL=FATAL CONTENT=data TLB error interrupt,1,KERNDTLB 1118536959 2005.06.11 R30-M0-N9-C:J16-U01 2005-06-11-17.42.39.794840 R30-M0-N9-C:J16-U01 RAS KERNEL FATAL data TLB error interrupt,KERNDTLB,few_shot,1,1," TLB error interrupt
Label: 1
Log",0,133.47308225002052
688,TYPE=RAS COMPONENT=KERNEL LEVEL=INFO CONTENT=generating core.51134,0,- 1120938043 2005.07.09 R23-M0-N6-C:J06-U11 2005-07-09-12.40.43.695648 R23-M0-N6-C:J06-U11 RAS KERNEL INFO generating core.51134,-,few_shot,0,1,"Label: 0
Log",0,133.47308225002052
1305,TYPE=RAS COMPONENT=KERNEL LEVEL=INFO CONTENT=773760 double-hummer alignment exceptions,0,- 1125084124 2005.08.26 R76-M0-N1-C:J02-U11 2005-08-26-12.22.04.891042 R76-M0-N1-C:J02-U11 RAS KERNEL INFO 773760 double-hummer alignment exceptions,-,few_shot,0,1," 0
Log",0,133.47308225002052
826,TYPE=RAS COMPONENT=KERNEL LEVEL=INFO CONTENT=generating core.3400,0,- 1121172239 2005.07.12 R26-M1-N1-C:J16-U01 2005-07-12-05.43.59.502921 R26-M1-N1-C:J16-U01 RAS KERNEL INFO generating core.3400,-,few_shot,0,1,"
Label: 0
Log",0,133.47308225002052
62,TYPE=RAS COMPONENT=KERNEL LEVEL=INFO CONTENT=instruction cache parity error corrected,0,- 1118080909 2005.06.06 R02-M1-N0-C:J12-U11 2005-06-06-11.01.49.223879 R02-M1-N0-C:J12-U11 RAS KERNEL INFO instruction cache parity error corrected,-,few_shot,0,1,"=instruction cache parity error corrected
Label: 0
Log",0,132.95086725020155
852,TYPE=RAS COMPONENT=KERNEL LEVEL=INFO CONTENT=111990296 double-hummer alignment exceptions,0,- 1121252729 2005.07.13 R26-M0-N3-C:J08-U01 2005-07-13-04.05.29.216867 R26-M0-N3-C:J08-U01 RAS KERNEL INFO 111990296 double-hummer alignment exceptions,-,few_shot,0,1," 0
Log",0,132.95086725020155
1353,TYPE=RAS COMPONENT=KERNEL LEVEL=INFO CONTENT=32888202 double-hummer alignment exceptions,0,- 1125223026 2005.08.28 R54-M0-NC-C:J09-U11 2005-08-28-02.57.06.184496 R54-M0-NC-C:J09-U11 RAS KERNEL INFO 32888202 double-hummer alignment exceptions,-,few_shot,0,1,": 0
Log",0,132.95086725020155
223,TYPE=RAS COMPONENT=KERNEL LEVEL=FATAL CONTENT=data address: 0x00000002,0,- 1118768186 2005.06.14 R24-M1-N6-C:J11-U01 2005-06-14-09.56.26.940016 R24-M1-N6-C:J11-U01 RAS KERNEL FATAL data address: 0x00000002,-,few_shot,0,1,": 0
Log",0,132.95086725020155
145,TYPE=RAS COMPONENT=KERNEL LEVEL=FATAL CONTENT=data TLB error interrupt,1,KERNDTLB 1118550833 2005.06.11 R30-M0-N9-C:J16-U01 2005-06-11-21.33.53.535990 R30-M0-N9-C:J16-U01 RAS KERNEL FATAL data TLB error interrupt,KERNDTLB,few_shot,1,1," TYPE=RAS COMPONENT=APP LEVEL=FATAL CONTENT=ciod: error reading message header
Label: 1

Log entry: TYPE=RAS COMPONENT=KERNEL LEVEL=FATAL CONTENT=data TLB error interrupt
Label: 1
Log",0,154.56864474981558
1088,TYPE=RAS COMPONENT=KERNEL LEVEL=INFO CONTENT=generating core.6940,0,- 1122143241 2005.07.23 R10-M0-NC-C:J15-U11 2005-07-23-11.27.21.304353 R10-M0-NC-C:J15-U11 RAS KERNEL INFO generating core.6940,-,few_shot,1,0,"ATAL CONTENT=ciod: error reading message header
Label: 1

Log entry: TYPE=RAS COMPONENT=KERNEL LEVEL=INFO CONTENT=generating core.6940
Label: 0
Log",0,154.56864474981558
373,TYPE=RAS COMPONENT=KERNEL LEVEL=INFO CONTENT=199680 double-hummer alignment exceptions,0,- 1119475796 2005.06.22 R22-M0-NA-C:J02-U11 2005-06-22-14.29.56.824423 R22-M0-NA-C:J02-U11 RAS KERNEL INFO 199680 double-hummer alignment exceptions,-,few_shot,1,0," reading message header
Label: 1

Log entry: TYPE=RAS COMPONENT=KERNEL LEVEL=INFO CONTENT=199680 double-hummer alignment exceptions
Label: 0
Log",0,154.56864474981558
1420,"TYPE=RAS COMPONENT=MMCS LEVEL=ERROR CONTENT=idoproxydb hit ASSERT condition: ASSERT expression=0 Source file=idotransportmgr.cpp Source line=1043 Function=int IdoTransportMgr::SendPacket(IdoUdpMgr*, BglCtlPavTrace*)",0,"- 1127243221 2005.09.20 NULL 2005-09-20-12.07.01.621806 NULL RAS MMCS ERROR idoproxydb hit ASSERT condition: ASSERT expression=0 Source file=idotransportmgr.cpp Source line=1043 Function=int IdoTransportMgr::SendPacket(IdoUdpMgr*, BglCtlPavTrace*)",-,few_shot,1,0," 1
Log",0,154.56864474981558
1142,TYPE=RAS COMPONENT=KERNEL LEVEL=INFO CONTENT=685 floating point alignment exceptions,0,- 1122167266 2005.07.23 R17-M0-NF-C:J09-U01 2005-07-23-18.07.46.273016 R17-M0-NF-C:J09-U01 RAS KERNEL INFO 685 floating point alignment exceptions,-,few_shot,1,0," 1

Log entry: TYPE=RAS COMPONENT=KERNEL LEVEL=INFO CONTENT=685 floating point alignment exceptions
Label: 0
Log",0,152.28736475000915
1826,"TYPE=RAS COMPONENT=KERNEL LEVEL=INFO CONTENT=10692 total interrupts. 0 critical input interrupts. 0 microseconds total spent on critical input interrupts, 0 microseconds max time in a critical input interrupt.",0,"- 1133448090 2005.12.01 R50-M0-N9-C:J11-U01 2005-12-01-06.41.30.114225 R50-M0-N9-C:J11-U01 RAS KERNEL INFO 10692 total interrupts. 0 critical input interrupts. 0 microseconds total spent on critical input interrupts, 0 microseconds max time in a critical input interrupt.",-,few_shot,0,1," 0
Log",0,152.28736475000915
1494,TYPE=RAS COMPONENT=KERNEL LEVEL=INFO CONTENT=suppressing further interrupts of same type,0,- 1129271439 2005.10.13 R06-M1-NA-C:J08-U11 2005-10-13-23.30.39.273604 R06-M1-NA-C:J08-U11 RAS KERNEL INFO suppressing further interrupts of same type,-,few_shot,1,0," 1

Log entry: TYPE=RAS COMPONENT=KERNEL LEVEL=INFO CONTENT=suppressing further interrupts of same type
Label: 0
Log",0,152.28736475000915
1601,TYPE=RAS COMPONENT=KERNEL LEVEL=INFO CONTENT=2354412 floating point alignment exceptions,0,- 1131063627 2005.11.03 R42-M0-N0-C:J14-U01 2005-11-03-16.20.27.921728 R42-M0-N0-C:J14-U01 RAS KERNEL INFO 2354412 floating point alignment exceptions,-,few_shot,0,1,"AS COMPONENT=KERNEL LEVEL=INFO CONTENT=2354412 floating point alignment exceptions
Label: 0
Log",0,152.28736475000915
1270,"TYPE=RAS COMPONENT=KERNEL LEVEL=INFO CONTENT=CE sym 20, at 0x180462c0, mask 0x02",0,"- 1124611166 2005.08.21 R30-M1-NC-C:J02-U01 2005-08-21-00.59.26.072269 R30-M1-NC-C:J02-U01 RAS KERNEL INFO CE sym 20, at 0x180462c0, mask 0x02",-,few_shot,0,1,"0, mask 0x02
Label: 0
Log",0,151.63571125003728
9,TYPE=RAS COMPONENT=APP LEVEL=FATAL CONTENT=ciod: failed to read message prefix on control stream (CioStream socket to 172.16.96.116:33370,1,APPREAD 1117869876 2005.06.04 R27-M1-N4-I:J18-U01 2005-06-04-00.24.36.222560 R27-M1-N4-I:J18-U01 RAS APP FATAL ciod: failed to read message prefix on control stream (CioStream socket to 172.16.96.116:33370,APPREAD,few_shot,1,1," 1
Log",0,151.63571125003728
449,TYPE=RAS COMPONENT=KERNEL LEVEL=INFO CONTENT=instruction address: 0x0062fe04,0,- 1119806971 2005.06.26 R05-M1-N8-C:J15-U11 2005-06-26-10.29.31.819506 R05-M1-N8-C:J15-U11 RAS KERNEL INFO instruction address: 0x0062fe04,-,few_shot,0,1,"=KERNEL LEVEL=INFO CONTENT=instruction address: 0x0062fe04
Label: 0
Log",0,151.63571125003728
708,TYPE=RAS COMPONENT=KERNEL LEVEL=INFO CONTENT=generating core.25271,0,- 1120939761 2005.07.09 R36-M1-N6-C:J04-U11 2005-07-09-13.09.21.726410 R36-M1-N6-C:J04-U11 RAS KERNEL INFO generating core.25271,-,few_shot,0,1,"

Log entry: TYPE=RAS COMPONENT=KERNEL LEVEL=INFO CONTENT=generating core.25271
Label: 0
Log",0,151.63571125003728
255,TYPE=RAS COMPONENT=KERNEL LEVEL=FATAL CONTENT=data store interrupt caused by icbi.........0,0,- 1118771001 2005.06.14 R25-M0-N8-C:J16-U11 2005-06-14-10.43.21.406138 R25-M0-N8-C:J16-U11 RAS KERNEL FATAL data store interrupt caused by icbi.........0,-,few_shot,0,1,"bi.........0
Label: 1
Log",0,134.1009695001958
882,TYPE=RAS COMPONENT=KERNEL LEVEL=INFO CONTENT=generating core.29420,0,- 1121308677 2005.07.13 R24-M0-N6-C:J15-U01 2005-07-13-19.37.57.813607 R24-M0-N6-C:J15-U01 RAS KERNEL INFO generating core.29420,-,few_shot,0,1,"20
Label: 0
Log",0,134.1009695001958
389,TYPE=RAS COMPONENT=KERNEL LEVEL=INFO CONTENT=259822751 double-hummer alignment exceptions,0,- 1119695755 2005.06.25 R32-M0-N4-C:J02-U01 2005-06-25-03.35.55.677192 R32-M0-N4-C:J02-U01 RAS KERNEL INFO 259822751 double-hummer alignment exceptions,-,few_shot,0,1," 0
Log",0,134.1009695001958
908,TYPE=RAS COMPONENT=KERNEL LEVEL=INFO CONTENT=generating core.30632,0,- 1121311900 2005.07.13 R22-M0-ND-C:J15-U01 2005-07-13-20.31.40.606506 R22-M0-ND-C:J15-U01 RAS KERNEL INFO generating core.30632,-,few_shot,0,1,"32
Label: 0
Log",0,134.1009695001958
924,TYPE=RAS COMPONENT=KERNEL LEVEL=INFO CONTENT=generating core.29732,0,- 1121312412 2005.07.13 R30-M1-NC-C:J17-U01 2005-07-13-20.40.12.834348 R30-M1-NC-C:J17-U01 RAS KERNEL INFO generating core.29732,-,few_shot,0,1,"=INFO CONTENT=generating core.29732
Label: 0
Log",0,151.16606500032503
1703,TYPE=RAS COMPONENT=KERNEL LEVEL=INFO CONTENT=iar 001061e8 dear 0247015c,0,- 1131473771 2005.11.08 R62-M0-N4-C:J11-U11 2005-11-08-10.16.11.798242 R62-M0-N4-C:J11-U11 RAS KERNEL INFO iar 001061e8 dear 0247015c,-,few_shot,0,1,"5c
Label: 0
Log",0,151.16606500032503
1232,"TYPE=RAS COMPONENT=KERNEL LEVEL=INFO CONTENT=CE sym 18, at 0x0e0272e0, mask 0x10",0,"- 1123637155 2005.08.09 R23-M0-N0-C:J10-U01 2005-08-09-18.25.55.113195 R23-M0-N0-C:J10-U01 RAS KERNEL INFO CE sym 18, at 0x0e0272e0, mask 0x10",-,few_shot,0,1," 0
Log",0,151.16606500032503
460,TYPE=RAS COMPONENT=KERNEL LEVEL=INFO CONTENT=generating core.26918,0,- 1120091562 2005.06.29 R37-M0-NA-C:J15-U01 2005-06-29-17.32.42.585032 R37-M0-NA-C:J15-U01 RAS KERNEL INFO generating core.26918,-,few_shot,0,1,"=INFO CONTENT=generating core.26918
Label: 0
Log",0,151.16606500032503
1269,"TYPE=RAS COMPONENT=KERNEL LEVEL=INFO CONTENT=CE sym 3, at 0x0b19b8a0, mask 0x08",0,"- 1124611136 2005.08.21 R11-M1-N2-C:J12-U01 2005-08-21-00.58.56.344729 R11-M1-N2-C:J12-U01 RAS KERNEL INFO CE sym 3, at 0x0b19b8a0, mask 0x08",-,few_shot,0,1,"9b8a0, mask 0x08
Label: 0
Log",0,153.42360200020266
1759,TYPE=RAS COMPONENT=KERNEL LEVEL=INFO CONTENT=18507114 torus sender z- retransmission error(s) (dcr 0x02f9) detected and corrected over 198 seconds,0,- 1132234526 2005.11.17 R72-M1-NE-C:J04-U01 2005-11-17-05.35.26.782649 R72-M1-NE-C:J04-U01 RAS KERNEL INFO 18507114 torus sender z- retransmission error(s) (dcr 0x02f9) detected and corrected over 198 seconds,-,few_shot,1,0," 1
Log",0,153.42360200020266
1168,TYPE=RAS COMPONENT=KERNEL LEVEL=INFO CONTENT=generating core.469,0,- 1122405838 2005.07.26 R06-M0-N8-C:J11-U01 2005-07-26-12.23.58.178894 R06-M0-N8-C:J11-U01 RAS KERNEL INFO generating core.469,-,few_shot,1,0," message header
Label: 1

Log entry: TYPE=RAS COMPONENT=KERNEL LEVEL=INFO CONTENT=generating core.469
Label: 0
Log",0,153.42360200020266
958,TYPE=RAS COMPONENT=KERNEL LEVEL=INFO CONTENT=generating core.33399,0,- 1121494129 2005.07.15 R36-M0-NE-C:J05-U11 2005-07-15-23.08.49.027626 R36-M0-NE-C:J05-U11 RAS KERNEL INFO generating core.33399,-,few_shot,1,0,": 1

Log entry: TYPE=RAS COMPONENT=KERNEL LEVEL=INFO CONTENT=generating core.33399
Label: 0
Log",0,153.42360200020266
501,TYPE=RAS COMPONENT=KERNEL LEVEL=INFO CONTENT=generating core.865,0,- 1120216139 2005.07.01 R36-M0-N7-C:J11-U01 2005-07-01-04.08.59.340805 R36-M0-N7-C:J11-U01 RAS KERNEL INFO generating core.865,-,few_shot,0,1,"Log entry: TYPE=RAS COMPONENT=KERNEL LEVEL=INFO CONTENT=generating core.865
Label: 0
Log",0,151.39580725008273
739,TYPE=RAS COMPONENT=KERNEL LEVEL=INFO CONTENT=generating core.13946,0,- 1120956557 2005.07.09 R20-M0-N5-C:J07-U11 2005-07-09-17.49.17.958580 R20-M0-N5-C:J07-U11 RAS KERNEL INFO generating core.13946,-,few_shot,0,1,"=RAS COMPONENT=KERNEL LEVEL=INFO CONTENT=generating core.13946
Label: 0
Log",0,151.39580725008273
1849,TYPE=RAS COMPONENT=KERNEL LEVEL=INFO CONTENT=0 microseconds spent in the rbs signal handler during 0 calls. 0 microseconds was the maximum time for a single instance of a correctable ddr.,0,- 1133448493 2005.12.01 R64-M0-N1-C:J06-U11 2005-12-01-06.48.13.253997 R64-M0-N1-C:J06-U11 RAS KERNEL INFO 0 microseconds spent in the rbs signal handler during 0 calls. 0 microseconds was the maximum time for a single instance of a correctable ddr.,-,few_shot,0,1," 0
Log",0,151.39580725008273
868,TYPE=RAS COMPONENT=KERNEL LEVEL=INFO CONTENT=generating core.18363,0,- 1121256780 2005.07.13 R23-M0-N7-C:J02-U11 2005-07-13-05.13.00.634737 R23-M0-N7-C:J02-U11 RAS KERNEL INFO generating core.18363,-,few_shot,0,1,"=RAS COMPONENT=KERNEL LEVEL=INFO CONTENT=generating core.18363
Label: 0
Log",0,151.39580725008273
731,TYPE=RAS COMPONENT=KERNEL LEVEL=INFO CONTENT=generating core.9784,0,- 1120953142 2005.07.09 R21-M0-ND-C:J15-U11 2005-07-09-16.52.22.961118 R21-M0-ND-C:J15-U11 RAS KERNEL INFO generating core.9784,-,few_shot,0,1,"4
Label: 0
Log",0,132.6473649996842
539,TYPE=RAS COMPONENT=KERNEL LEVEL=INFO CONTENT=1146800 double-hummer alignment exceptions,0,- 1120263044 2005.07.01 R36-M0-N5-C:J16-U11 2005-07-01-17.10.44.021307 R36-M0-N5-C:J16-U11 RAS KERNEL INFO 1146800 double-hummer alignment exceptions,-,few_shot,0,1," 0
Log",0,132.6473649996842
1201,TYPE=NULL COMPONENT=HARDWARE LEVEL=SEVERE CONTENT=NodeCard is not fully functional,0,- 1123025954 2005.08.02 R23-M0-N7 2005-08-02-16.39.14.159918 R23-M0-N7 NULL HARDWARE SEVERE NodeCard is not fully functional,-,few_shot,1,0,"
Label: 1
Log",0,132.6473649996842
697,TYPE=RAS COMPONENT=KERNEL LEVEL=INFO CONTENT=generating core.58351,0,- 1120938541 2005.07.09 R12-M0-N6-C:J05-U11 2005-07-09-12.49.01.731883 R12-M0-N6-C:J05-U11 RAS KERNEL INFO generating core.58351,-,few_shot,0,1,"
Label: 0
Log",0,132.6473649996842
1392,TYPE=RAS COMPONENT=KERNEL LEVEL=INFO CONTENT=ciod: pollControlDescriptors: Detected the debugger died.,0,- 1126211891 2005.09.08 R63-M1-NC-I:J18-U11 2005-09-08-13.38.11.467298 R63-M1-NC-I:J18-U11 RAS KERNEL INFO ciod: pollControlDescriptors: Detected the debugger died.,-,few_shot,1,0," Detected the debugger died.
Label: 1
Log",0,133.56259825013694
1376,TYPE=RAS COMPONENT=KERNEL LEVEL=FATAL CONTENT=Lustre mount FAILED : bglio559 : point /p/gb1,1,KERNMNTF 1125552593 2005.08.31 R42-M1-NC-I:J18-U11 2005-08-31-22.29.53.058583 R42-M1-NC-I:J18-U11 RAS KERNEL FATAL Lustre mount FAILED : bglio559 : point /p/gb1,KERNMNTF,few_shot,1,1," 1
Log",0,133.56259825013694
1145,TYPE=RAS COMPONENT=KERNEL LEVEL=INFO CONTENT=1005 floating point alignment exceptions,0,- 1122168559 2005.07.23 R13-M0-N2-C:J02-U01 2005-07-23-18.29.19.795230 R13-M0-N2-C:J02-U01 RAS KERNEL INFO 1005 floating point alignment exceptions,-,few_shot,0,1,"05 floating point alignment exceptions
Label: 0
Log",0,133.56259825013694
1031,TYPE=RAS COMPONENT=KERNEL LEVEL=INFO CONTENT=generating core.176,0,- 1121736053 2005.07.18 R02-M1-N5-C:J17-U01 2005-07-18-18.20.53.293303 R02-M1-N5-C:J17-U01 RAS KERNEL INFO generating core.176,-,few_shot,0,1,"generating core.176
Label: 0
Log",0,133.56259825013694
372,TYPE=RAS COMPONENT=KERNEL LEVEL=INFO CONTENT=instruction cache parity error corrected,0,- 1119450937 2005.06.22 R02-M1-N0-C:J12-U11 2005-06-22-07.35.37.412184 R02-M1-N0-C:J12-U11 RAS KERNEL INFO instruction cache parity error corrected,-,few_shot,0,1,"AS COMPONENT=KERNEL LEVEL=INFO CONTENT=instruction cache parity error corrected
Label: 0
Log",0,134.7452087502461
667,TYPE=RAS COMPONENT=KERNEL LEVEL=INFO CONTENT=generating core.50240,0,- 1120934940 2005.07.09 R01-M1-NF-C:J15-U01 2005-07-09-11.49.00.675162 R01-M1-NF-C:J15-U01 RAS KERNEL INFO generating core.50240,-,few_shot,0,1,"=generating core.50240
Label: 0
Log",0,134.7452087502461
1525,"TYPE=RAS COMPONENT=KERNEL LEVEL=INFO CONTENT=4 ddr errors(s) detected and corrected on rank 0, symbol 24, bit 1",0,"- 1130770293 2005.10.31 R74-M1-NC-C:J15-U11 2005-10-31-06.51.33.260350 R74-M1-NC-C:J15-U11 RAS KERNEL INFO 4 ddr errors(s) detected and corrected on rank 0, symbol 24, bit 1",-,few_shot,0,1," 0
Log",0,134.7452087502461
357,TYPE=RAS COMPONENT=KERNEL LEVEL=INFO CONTENT=generating core.9785,0,- 1119291099 2005.06.20 R11-M0-ND-C:J11-U11 2005-06-20-11.11.39.810523 R11-M0-ND-C:J11-U11 RAS KERNEL INFO generating core.9785,-,few_shot,0,1,"INFO CONTENT=generating core.9785
Label: 0
Log",0,134.7452087502461
967,TYPE=RAS COMPONENT=KERNEL LEVEL=INFO CONTENT=generating core.62940,0,- 1121495479 2005.07.15 R24-M0-N2-C:J15-U01 2005-07-15-23.31.19.487402 R24-M0-N2-C:J15-U01 RAS KERNEL INFO generating core.62940,-,few_shot,0,1," 0
Log",0,132.68030925019048
783,TYPE=RAS COMPONENT=KERNEL LEVEL=INFO CONTENT=generating core.6917,0,- 1120969348 2005.07.09 R37-M0-NA-C:J10-U01 2005-07-09-21.22.28.245426 R37-M0-NA-C:J10-U01 RAS KERNEL INFO generating core.6917,-,few_shot,0,1,": 0
Log",0,132.68030925019048
735,TYPE=RAS COMPONENT=KERNEL LEVEL=INFO CONTENT=generating core.13131,0,- 1120955633 2005.07.09 R26-M0-N7-C:J02-U01 2005-07-09-17.33.53.777163 R26-M0-N7-C:J02-U01 RAS KERNEL INFO generating core.13131,-,few_shot,0,1," 0
Log",0,132.68030925019048
1035,TYPE=RAS COMPONENT=KERNEL LEVEL=INFO CONTENT=8 floating point alignment exceptions,0,- 1121900708 2005.07.20 R35-M1-N5-C:J08-U11 2005-07-20-16.05.08.320371 R35-M1-N5-C:J08-U11 RAS KERNEL INFO 8 floating point alignment exceptions,-,few_shot,0,1," exceptions
Label: 0
Log",0,132.68030925019048
970,TYPE=RAS COMPONENT=KERNEL LEVEL=INFO CONTENT=generating core.465,0,- 1121495594 2005.07.15 R34-M0-N7-C:J13-U01 2005-07-15-23.33.14.550781 R34-M0-N7-C:J13-U01 RAS KERNEL INFO generating core.465,-,few_shot,1,0,": TYPE=RAS COMPONENT=APP LEVEL=FATAL CONTENT=ciod: error reading message header
Label: 1

Log entry: TYPE=RAS COMPONENT=KERNEL LEVEL=INFO CONTENT=generating core.465
Label: 0
Log",0,155.35847025012117
1524,"TYPE=RAS COMPONENT=KERNEL LEVEL=INFO CONTENT=CE sym 16, at 0x18fa5d40, mask 0x80",0,"- 1130766712 2005.10.31 R10-M0-N3-C:J07-U01 2005-10-31-05.51.52.778656 R10-M0-N3-C:J07-U01 RAS KERNEL INFO CE sym 16, at 0x18fa5d40, mask 0x80",-,few_shot,0,1,"=INFO CONTENT=CE sym 16, at 0x18fa5d40, mask 0x80
Label: 0
Log",0,155.35847025012117
1486,"TYPE=RAS COMPONENT=KERNEL LEVEL=INFO CONTENT=CE sym 5, at 0x13253280, mask 0x04",0,"- 1129158022 2005.10.12 R23-M0-N8-C:J15-U11 2005-10-12-16.00.22.364012 R23-M0-N8-C:J15-U11 RAS KERNEL INFO CE sym 5, at 0x13253280, mask 0x04",-,few_shot,0,1,"=INFO CONTENT=CE sym 5, at 0x13253280, mask 0x04
Label: 0
Log",0,155.35847025012117
1523,"TYPE=RAS COMPONENT=APP LEVEL=FATAL CONTENT=ciod: Error loading /home/spelce1/HPCC_IBM/Urgent/COP/64K/hpcc-1.0.0.102905_opt_essl_cpm: invalid or missing program image, Permission denied",0,"- 1130688037 2005.10.30 R26-M0-N4-I:J18-U11 2005-10-30-08.00.37.655705 R26-M0-N4-I:J18-U11 RAS APP FATAL ciod: Error loading /home/spelce1/HPCC_IBM/Urgent/COP/64K/hpcc-1.0.0.102905_opt_essl_cpm: invalid or missing program image, Permission denied",-,few_shot,1,0," 1
Log",0,155.35847025012117
1490,"TYPE=RAS COMPONENT=APP LEVEL=FATAL CONTENT=ciod: Error loading /bgl/apps/followup/SPASM/spasm.254: invalid or missing program image, Permission denied",0,"- 1129204934 2005.10.13 R62-M1-N4-I:J18-U11 2005-10-13-05.02.14.653341 R62-M1-N4-I:J18-U11 RAS APP FATAL ciod: Error loading /bgl/apps/followup/SPASM/spasm.254: invalid or missing program image, Permission denied",-,few_shot,1,0,"54: invalid or missing program image, Permission denied
Label: 1
Log",0,154.96415325014823
1642,TYPE=RAS COMPONENT=KERNEL LEVEL=INFO CONTENT=iar 001063a0 dear 02f67e4c,0,- 1131127308 2005.11.04 R62-M0-NB-C:J12-U01 2005-11-04-10.01.48.158698 R62-M0-NB-C:J12-U01 RAS KERNEL INFO iar 001063a0 dear 02f67e4c,-,few_shot,0,1,"iar 001063a0 dear 02f67e4c
Label: 0
Log",0,154.96415325014823
1252,"TYPE=RAS COMPONENT=APP LEVEL=FATAL CONTENT=ciod: Error loading /bgl/apps/scaletest/performance/MINIBEN/mb_243_0810/allreduce.rts: invalid or missing program image, Exec format error",0,"- 1123915920 2005.08.12 R73-M0-N4-I:J18-U11 2005-08-12-23.52.00.785387 R73-M0-N4-I:J18-U11 RAS APP FATAL ciod: Error loading /bgl/apps/scaletest/performance/MINIBEN/mb_243_0810/allreduce.rts: invalid or missing program image, Exec format error",-,few_shot,1,0," 1
Log",0,154.96415325014823
1693,"TYPE=RAS COMPONENT=APP LEVEL=FATAL CONTENT=ciod: Error loading /bgl/apps/followup/RAPTOR/pre-study/raptor.newcomp.r1: invalid or missing program image, Permission denied",0,"- 1131366730 2005.11.07 R50-M0-N4-I:J18-U01 2005-11-07-04.32.10.481855 R50-M0-N4-I:J18-U01 RAS APP FATAL ciod: Error loading /bgl/apps/followup/RAPTOR/pre-study/raptor.newcomp.r1: invalid or missing program image, Permission denied",-,few_shot,1,0," invalid or missing program image, Permission denied
Label: 1
Log",0,154.96415325014823
1749,"TYPE=RAS COMPONENT=KERNEL LEVEL=FATAL CONTENT=Error receiving packet on tree network, expecting type 57 instead of type 3 (softheader=00ce22e8 e6200003 00000002 00000000) PSR0=20021f01 PSR1=00000000 PRXF=00000002 PIXF=00000007",1,"KERNREC 1132021542 2005.11.14 R46-M1-N1-C:J02-U01 2005-11-14-18.25.42.152117 R46-M1-N1-C:J02-U01 RAS KERNEL FATAL Error receiving packet on tree network, expecting type 57 instead of type 3 (softheader=00ce22e8 e6200003 00000002 00000000) PSR0=20021f01 PSR1=00000000 PRXF=00000002 PIXF=00000007",KERNREC,few_shot,1,1," 1
Log",0,170.43335449989172
1236,"TYPE=RAS COMPONENT=KERNEL LEVEL=INFO CONTENT=CE sym 28, at 0x0fe65820, mask 0x04",0,"- 1123759596 2005.08.11 R35-M0-N6-C:J13-U01 2005-08-11-04.26.36.236761 R35-M0-N6-C:J13-U01 RAS KERNEL INFO CE sym 28, at 0x0fe65820, mask 0x04",-,few_shot,1,0," CONTENT=rts: kernel terminated
Label: 1
Log entry: TYPE=RAS COMPONENT=APP LEVEL=FATAL CONTENT=ciod: error reading message header
Label: 1

Log entry: TYPE=RAS COMPONENT=KERNEL LEVEL=INFO CONTENT=CE sym 28, at 0x0fe65820, mask 0x04
Label: 0
Log",0,170.43335449989172
885,TYPE=RAS COMPONENT=KERNEL LEVEL=INFO CONTENT=generating core.7855,0,- 1121309100 2005.07.13 R00-M1-N2-C:J02-U11 2005-07-13-19.45.00.645776 R00-M1-N2-C:J02-U11 RAS KERNEL INFO generating core.7855,-,few_shot,0,1,"AS COMPONENT=KERNEL LEVEL=INFO CONTENT=NFS Mount failed retrying
Label: 0
Log entry: TYPE=RAS COMPONENT=KERNEL LEVEL=FATAL CONTENT=rts: kernel terminated
Label: 1
Log entry: TYPE=RAS COMPONENT=APP LEVEL=FATAL CONTENT=ciod: error reading message header
Label: 1

Log entry: TYPE=RAS COMPONENT=KERNEL LEVEL=INFO CONTENT=generating core.7855
Label: 0
Log",0,170.43335449989172
79,TYPE=RAS COMPONENT=KERNEL LEVEL=INFO CONTENT=generating core.7836,0,- 1118172125 2005.06.07 R36-M1-N8-C:J17-U11 2005-06-07-12.22.05.196450 R36-M1-N8-C:J17-U11 RAS KERNEL INFO generating core.7836,-,few_shot,0,1,"AS COMPONENT=KERNEL LEVEL=INFO CONTENT=NFS Mount failed retrying
Label: 0
Log entry: TYPE=RAS COMPONENT=KERNEL LEVEL=FATAL CONTENT=rts: kernel terminated
Label: 1
Log entry: TYPE=RAS COMPONENT=APP LEVEL=FATAL CONTENT=ciod: error reading message header
Label: 1

Log entry: TYPE=RAS COMPONENT=KERNEL LEVEL=INFO CONTENT=generating core.7836
Label: 0
Log",0,170.43335449989172
1172,TYPE=RAS COMPONENT=KERNEL LEVEL=INFO CONTENT=generating core.55515,0,- 1122430586 2005.07.26 R21-M0-N1-C:J05-U01 2005-07-26-19.16.26.413910 R21-M0-N1-C:J05-U01 RAS KERNEL INFO generating core.55515,-,few_shot,0,1,"ating core.55515
Label: 0
Log",0,134.30331075005597
814,TYPE=RAS COMPONENT=KERNEL LEVEL=INFO CONTENT=generating core.6519,0,- 1121006825 2005.07.10 R37-M0-N2-C:J05-U11 2005-07-10-07.47.05.910036 R37-M0-N2-C:J05-U11 RAS KERNEL INFO generating core.6519,-,few_shot,0,1,"=generating core.6519
Label: 0
Log",0,134.30331075005597
1285,TYPE=RAS COMPONENT=KERNEL LEVEL=INFO CONTENT=iar 003a9108 dear 00c07348,0,- 1125082191 2005.08.26 R62-M1-NF-C:J09-U11 2005-08-26-11.49.51.360139 R62-M1-NF-C:J09-U11 RAS KERNEL INFO iar 003a9108 dear 00c07348,-,few_shot,0,1," 0
Log",0,134.30331075005597
671,TYPE=RAS COMPONENT=KERNEL LEVEL=INFO CONTENT=generating core.59907,0,- 1120935068 2005.07.09 R06-M1-ND-C:J04-U01 2005-07-09-11.51.08.686968 R06-M1-ND-C:J04-U01 RAS KERNEL INFO generating core.59907,-,few_shot,0,1,"ating core.59907
Label: 0
Log",0,134.30331075005597
1531,TYPE=RAS COMPONENT=KERNEL LEVEL=INFO CONTENT=iar 00106210 dear 0244c1dc,0,- 1131057830 2005.11.03 R60-M0-NE-C:J08-U11 2005-11-03-14.43.50.771087 R60-M0-NE-C:J08-U11 RAS KERNEL INFO iar 00106210 dear 0244c1dc,-,few_shot,0,1,"1dc
Label: 0
Log",0,151.7966344999877
57,"TYPE=RAS COMPONENT=KERNEL LEVEL=INFO CONTENT=CE sym 5, at 0x11042a80, mask 0x04",0,"- 1118070518 2005.06.06 R01-M1-ND-C:J15-U11 2005-06-06-08.08.38.414458 R01-M1-ND-C:J15-U11 RAS KERNEL INFO CE sym 5, at 0x11042a80, mask 0x04",-,few_shot,0,1," 0
Log",0,151.7966344999877
133,TYPE=RAS COMPONENT=KERNEL LEVEL=FATAL CONTENT=data TLB error interrupt,1,KERNDTLB 1118545027 2005.06.11 R30-M0-N9-C:J16-U01 2005-06-11-19.57.07.898567 R30-M0-N9-C:J16-U01 RAS KERNEL FATAL data TLB error interrupt,KERNDTLB,few_shot,1,1," entry: TYPE=RAS COMPONENT=KERNEL LEVEL=FATAL CONTENT=data TLB error interrupt
Label: 1
Log",0,151.7966344999877
1140,TYPE=RAS COMPONENT=KERNEL LEVEL=INFO CONTENT=5 floating point alignment exceptions,0,- 1122166749 2005.07.23 R13-M1-NC-C:J04-U01 2005-07-23-17.59.09.578130 R13-M1-NC-C:J04-U01 RAS KERNEL INFO 5 floating point alignment exceptions,-,few_shot,0,1," TYPE=RAS COMPONENT=KERNEL LEVEL=INFO CONTENT=5 floating point alignment exceptions
Label: 0
Log",0,151.7966344999877
933,TYPE=RAS COMPONENT=KERNEL LEVEL=INFO CONTENT=generating core.7156,0,- 1121313856 2005.07.13 R33-M0-N2-C:J15-U11 2005-07-13-21.04.16.708949 R33-M0-N2-C:J15-U11 RAS KERNEL INFO generating core.7156,-,few_shot,1,0,"ATAL CONTENT=ciod: error reading message header
Label: 1

Log entry: TYPE=RAS COMPONENT=KERNEL LEVEL=INFO CONTENT=generating core.7156
Label: 0
Log",0,154.3426345001535
1684,TYPE=RAS COMPONENT=KERNEL LEVEL=INFO CONTENT=441348 floating point alignment exceptions,0,- 1131148446 2005.11.04 R63-M0-N4-C:J02-U01 2005-11-04-15.54.06.214936 R63-M0-N4-C:J02-U01 RAS KERNEL INFO 441348 floating point alignment exceptions,-,few_shot,1,0,": error reading message header
Label: 1

Log entry: TYPE=RAS COMPONENT=KERNEL LEVEL=INFO CONTENT=441348 floating point alignment exceptions
Label: 0
Log",0,154.3426345001535
823,TYPE=RAS COMPONENT=KERNEL LEVEL=FATAL CONTENT=rts panic! - stopping execution,1,KERNRTSP 1121115819 2005.07.11 R04-M0-N1-C:J02-U01 2005-07-11-14.03.39.101778 R04-M0-N1-C:J02-U01 RAS KERNEL FATAL rts panic! - stopping execution,KERNRTSP,few_shot,1,1,"=APP LEVEL=FATAL CONTENT=ciod: error reading message header
Label: 1

Log entry: TYPE=RAS COMPONENT=KERNEL LEVEL=FATAL CONTENT=rts panic! - stopping execution
Label: 1
Log",0,154.3426345001535
1214,"TYPE=RAS COMPONENT=MMCS LEVEL=ERROR CONTENT=idoproxydb hit ASSERT condition: ASSERT expression=0 Source file=idotransportmgr.cpp Source line=1043 Function=int IdoTransportMgr::SendPacket(IdoUdpMgr*, BglCtlPavTrace*)",0,"- 1123110860 2005.08.03 NULL 2005-08-03-16.14.20.667595 NULL RAS MMCS ERROR idoproxydb hit ASSERT condition: ASSERT expression=0 Source file=idotransportmgr.cpp Source line=1043 Function=int IdoTransportMgr::SendPacket(IdoUdpMgr*, BglCtlPavTrace*)",-,few_shot,1,0," 1
Log",0,154.3426345001535
504,TYPE=RAS COMPONENT=KERNEL LEVEL=INFO CONTENT=generating core.30586,0,- 1120216232 2005.07.01 R26-M0-N5-C:J07-U11 2005-07-01-04.10.32.786113 R26-M0-N5-C:J07-U11 RAS KERNEL INFO generating core.30586,-,few_shot,0,1,"Log entry: TYPE=RAS COMPONENT=KERNEL LEVEL=INFO CONTENT=generating core.30586
Label: 0
Log",0,153.23380524978347
1774,TYPE=RAS COMPONENT=KERNEL LEVEL=INFO CONTENT=MACHINE CHECK DCR read timeout (mc=e08x iar 0x00000000 lr 0xc00045a4),0,- 1132586440 2005.11.21 R26-M0-N0-I:J18-U11 2005-11-21-07.20.40.564558 R26-M0-N0-I:J18-U11 RAS KERNEL INFO MACHINE CHECK DCR read timeout (mc=e08x iar 0x00000000 lr 0xc00045a4),-,few_shot,0,1," 0
Log",0,153.23380524978347
347,TYPE=RAS COMPONENT=KERNEL LEVEL=INFO CONTENT=generating core.1488,0,- 1119055358 2005.06.17 R12-M1-NB-C:J15-U01 2005-06-17-17.42.38.875141 R12-M1-NB-C:J15-U01 RAS KERNEL INFO generating core.1488,-,few_shot,1,0,"1

Log entry: TYPE=RAS COMPONENT=KERNEL LEVEL=INFO CONTENT=generating core.1488
Label: 0
Log",0,153.23380524978347
386,TYPE=RAS COMPONENT=KERNEL LEVEL=INFO CONTENT=23431872 double-hummer alignment exceptions,0,- 1119693767 2005.06.25 R22-M0-NF-C:J02-U01 2005-06-25-03.02.47.673562 R22-M0-NF-C:J02-U01 RAS KERNEL INFO 23431872 double-hummer alignment exceptions,-,few_shot,0,1,"KERNEL LEVEL=INFO CONTENT=23431872 double-hummer alignment exceptions
Label: 0
Log",0,153.23380524978347
1024,TYPE=RAS COMPONENT=KERNEL LEVEL=INFO CONTENT=generating core.16134,0,- 1121707362 2005.07.18 R36-M1-N8-C:J06-U01 2005-07-18-10.22.42.290042 R36-M1-N8-C:J06-U01 RAS KERNEL INFO generating core.16134,-,few_shot,0,1," entry: TYPE=RAS COMPONENT=KERNEL LEVEL=INFO CONTENT=generating core.16134
Label: 0
Log",0,151.63920699978917
894,TYPE=RAS COMPONENT=KERNEL LEVEL=INFO CONTENT=generating core.12984,0,- 1121311022 2005.07.13 R24-M0-NF-C:J15-U11 2005-07-13-20.17.02.167067 R24-M0-NF-C:J15-U11 RAS KERNEL INFO generating core.12984,-,few_shot,0,1," entry: TYPE=RAS COMPONENT=KERNEL LEVEL=INFO CONTENT=generating core.12984
Label: 0
Log",0,151.63920699978917
828,TYPE=RAS COMPONENT=KERNEL LEVEL=INFO CONTENT=generating core.2263,0,- 1121172266 2005.07.12 R34-M0-N2-C:J04-U11 2005-07-12-05.44.26.319459 R34-M0-N2-C:J04-U11 RAS KERNEL INFO generating core.2263,-,few_shot,0,1,"

Log entry: TYPE=RAS COMPONENT=KERNEL LEVEL=INFO CONTENT=generating core.2263
Label: 0
Log",0,151.63920699978917
1892,"TYPE=RAS COMPONENT=KERNEL LEVEL=INFO CONTENT=10740 total interrupts. 0 critical input interrupts. 0 microseconds total spent on critical input interrupts, 0 microseconds max time in a critical input interrupt.",0,"- 1133455066 2005.12.01 R77-M1-N7-C:J08-U11 2005-12-01-08.37.46.082541 R77-M1-N7-C:J08-U11 RAS KERNEL INFO 10740 total interrupts. 0 critical input interrupts. 0 microseconds total spent on critical input interrupts, 0 microseconds max time in a critical input interrupt.",-,few_shot,0,1," 0
Log",0,151.63920699978917
475,TYPE=RAS COMPONENT=KERNEL LEVEL=INFO CONTENT=generating core.26186,0,- 1120145605 2005.06.30 R16-M0-NF-C:J07-U01 2005-06-30-08.33.25.225978 R16-M0-NF-C:J07-U01 RAS KERNEL INFO generating core.26186,-,few_shot,0,1,"KERNEL LEVEL=INFO CONTENT=NFS Mount failed retrying
Label: 0
Log entry: TYPE=RAS COMPONENT=KERNEL LEVEL=FATAL CONTENT=rts: kernel terminated
Label: 1
Log entry: TYPE=RAS COMPONENT=APP LEVEL=FATAL CONTENT=ciod: error reading message header
Label: 1

Log entry: TYPE=RAS COMPONENT=KERNEL LEVEL=INFO CONTENT=generating core.26186
Label: 0
Log",0,162.8839934996904
1470,"TYPE=RAS COMPONENT=KERNEL LEVEL=INFO CONTENT=CE sym 4, at 0x18f28be0, mask 0x40",0,"- 1128074784 2005.09.30 R07-M0-N0-C:J09-U01 2005-09-30-03.06.24.049908 R07-M0-N0-C:J09-U01 RAS KERNEL INFO CE sym 4, at 0x18f28be0, mask 0x40",-,few_shot,1,0,"ATAL CONTENT=rts: kernel terminated
Label: 1
Log entry: TYPE=RAS COMPONENT=APP LEVEL=FATAL CONTENT=ciod: error reading message header
Label: 1

Log entry: TYPE=RAS COMPONENT=KERNEL LEVEL=INFO CONTENT=CE sym 4, at 0x18f28be0, mask 0x40
Label: 0
Log",0,162.8839934996904
1447,TYPE=RAS COMPONENT=KERNEL LEVEL=FATAL CONTENT=rts: bad message header: expecting type 57 instead of type 3 (softheader=00131db8 81aa0003 00000002 00000000) PSR0=00001f01 PSR1=00000000 PRXF=00000002 PIXF=00000007,0,- 1127264516 2005.09.20 R05-M0-N1-C:J06-U11 2005-09-20-18.01.56.398119 R05-M0-N1-C:J06-U11 RAS KERNEL FATAL rts: bad message header: expecting type 57 instead of type 3 (softheader=00131db8 81aa0003 00000002 00000000) PSR0=00001f01 PSR1=00000000 PRXF=00000002 PIXF=00000007,-,few_shot,1,0," 1
Log",0,162.8839934996904
1581,TYPE=RAS COMPONENT=KERNEL LEVEL=INFO CONTENT=iar 00106534 dear 02494c0c,0,- 1131060319 2005.11.03 R66-M0-N7-C:J08-U01 2005-11-03-15.25.19.549536 R66-M0-N7-C:J08-U01 RAS KERNEL INFO iar 00106534 dear 02494c0c,-,few_shot,1,0,"AS COMPONENT=KERNEL LEVEL=FATAL CONTENT=rts: kernel terminated
Label: 1
Log entry: TYPE=RAS COMPONENT=APP LEVEL=FATAL CONTENT=ciod: error reading message header
Label: 1

Log entry: TYPE=RAS COMPONENT=KERNEL LEVEL=INFO CONTENT=iar 00106534 dear 02494c0c
Label: 0
Log",0,162.8839934996904
652,TYPE=RAS COMPONENT=KERNEL LEVEL=INFO CONTENT=generating core.55191,0,- 1120932658 2005.07.09 R33-M1-N2-C:J02-U01 2005-07-09-11.10.58.820525 R33-M1-N2-C:J02-U01 RAS KERNEL INFO generating core.55191,-,few_shot,0,1," 0
Log",0,132.53234800004066
172,TYPE=RAS COMPONENT=KERNEL LEVEL=FATAL CONTENT=data storage interrupt,1,KERNSTOR 1118709851 2005.06.13 R02-M0-N0-C:J10-U01 2005-06-13-17.44.11.050768 R02-M0-N0-C:J10-U01 RAS KERNEL FATAL data storage interrupt,KERNSTOR,few_shot,1,1," CONTENT=data storage interrupt
Label: 1
Log",0,132.53234800004066
1149,TYPE=RAS COMPONENT=KERNEL LEVEL=INFO CONTENT=1005 floating point alignment exceptions,0,- 1122168766 2005.07.23 R13-M1-N4-C:J14-U01 2005-07-23-18.32.46.116065 R13-M1-N4-C:J14-U01 RAS KERNEL INFO 1005 floating point alignment exceptions,-,few_shot,0,1,": 0
Log",0,132.53234800004066
38,TYPE=RAS COMPONENT=KERNEL LEVEL=INFO CONTENT=generating core.7518,0,- 1117988266 2005.06.05 R34-M1-NA-C:J07-U11 2005-06-05-09.17.46.225683 R34-M1-NA-C:J07-U11 RAS KERNEL INFO generating core.7518,-,few_shot,0,1,": 0
Log",0,132.53234800004066
713,TYPE=RAS COMPONENT=KERNEL LEVEL=INFO CONTENT=generating core.62462,0,- 1120940045 2005.07.09 R22-M0-N2-C:J09-U11 2005-07-09-13.14.05.050608 R22-M0-N2-C:J09-U11 RAS KERNEL INFO generating core.62462,-,few_shot,1,0,"=RAS COMPONENT=APP LEVEL=FATAL CONTENT=ciod: error reading message header
Label: 1

Log entry: TYPE=RAS COMPONENT=KERNEL LEVEL=INFO CONTENT=generating core.62462
Label: 0
Log",0,154.12300074967789
90,TYPE=RAS COMPONENT=KERNEL LEVEL=INFO CONTENT=generating core.3265,0,- 1118290076 2005.06.08 R27-M0-ND-C:J10-U01 2005-06-08-21.07.56.397001 R27-M0-ND-C:J10-U01 RAS KERNEL INFO generating core.3265,-,few_shot,1,0,": TYPE=RAS COMPONENT=APP LEVEL=FATAL CONTENT=ciod: error reading message header
Label: 1

Log entry: TYPE=RAS COMPONENT=KERNEL LEVEL=INFO CONTENT=generating core.3265
Label: 0
Log",0,154.12300074967789
1936,"TYPE=RAS COMPONENT=KERNEL LEVEL=INFO CONTENT=CE sym 27, at 0x1b70b860, mask 0x80",0,"- 1133691676 2005.12.04 R65-M1-NA-C:J14-U01 2005-12-04-02.21.16.848710 R65-M1-NA-C:J14-U01 RAS KERNEL INFO CE sym 27, at 0x1b70b860, mask 0x80",-,few_shot,0,1,"=INFO CONTENT=CE sym 27, at 0x1b70b860, mask 0x80
Label: 0
Log",0,154.12300074967789
1205,TYPE=NULL COMPONENT=DISCOVERY LEVEL=INFO CONTENT=New ido chip inserted into the database: FF:F2:9F:16:C4:C2:00:0D:60:E9:3B:3D ip=10.2.1.37 v=13 t=4,0,- 1123043313 2005.08.02 UNKNOWN_LOCATION 2005-08-02-21.28.33.869729 UNKNOWN_LOCATION NULL DISCOVERY INFO New ido chip inserted into the database: FF:F2:9F:16:C4:C2:00:0D:60:E9:3B:3D ip=10.2.1.37 v=13 t=4,-,few_shot,0,1," 0
Log",0,154.12300074967789
875,TYPE=RAS COMPONENT=KERNEL LEVEL=INFO CONTENT=generating core.15192,0,- 1121308274 2005.07.13 R26-M0-N3-C:J14-U11 2005-07-13-19.31.14.143065 R26-M0-N3-C:J14-U11 RAS KERNEL INFO generating core.15192,-,few_shot,0,1,"=RAS COMPONENT=KERNEL LEVEL=INFO CONTENT=generating core.15192
Label: 0
Log",0,151.39109825031483
1351,TYPE=RAS COMPONENT=KERNEL LEVEL=INFO CONTENT=41097026 double-hummer alignment exceptions,0,- 1125222743 2005.08.28 R40-M1-N4-C:J17-U01 2005-08-28-02.52.23.119441 R40-M1-N4-C:J17-U01 RAS KERNEL INFO 41097026 double-hummer alignment exceptions,-,few_shot,0,1," CONTENT=41097026 double-hummer alignment exceptions
Label: 0
Log",0,151.39109825031483
1889,TYPE=RAS COMPONENT=KERNEL LEVEL=INFO CONTENT=0 microseconds spent in the rbs signal handler during 0 calls. 0 microseconds was the maximum time for a single instance of a correctable ddr.,0,- 1133455006 2005.12.01 R55-M1-N8-C:J03-U11 2005-12-01-08.36.46.691884 R55-M1-N8-C:J03-U11 RAS KERNEL INFO 0 microseconds spent in the rbs signal handler during 0 calls. 0 microseconds was the maximum time for a single instance of a correctable ddr.,-,few_shot,0,1," 0
Log",0,151.39109825031483
1093,TYPE=RAS COMPONENT=KERNEL LEVEL=INFO CONTENT=generating core.2505,0,- 1122144001 2005.07.23 R22-M1-N3-C:J12-U01 2005-07-23-11.40.01.453782 R22-M1-N3-C:J12-U01 RAS KERNEL INFO generating core.2505,-,few_shot,0,1,": TYPE=RAS COMPONENT=KERNEL LEVEL=INFO CONTENT=generating core.2505
Label: 0
Log",0,151.39109825031483
1155,TYPE=RAS COMPONENT=KERNEL LEVEL=INFO CONTENT=generating core.53271,0,- 1122256376 2005.07.24 R31-M1-NA-C:J04-U01 2005-07-24-18.52.56.307046 R31-M1-NA-C:J04-U01 RAS KERNEL INFO generating core.53271,-,few_shot,0,1," BGL log entry for anomaly detection.
Return exactly one label: 0 or 1.
0 means normal. 1 means anomalous.
Do not explain your answer.
Do not output any other text.
Judge based mainly on the event content, not severity alone.

Examples:
Log entry: TYPE=RAS COMPONENT=KERNEL LEVEL=INFO CONTENT=ddr error(s) detected and corrected on rank 0
Label: 0
Log entry: TYPE=RAS COMPONENT=KERNEL LEVEL=INFO CONTENT=NFS Mount failed retrying
Label: 0
Log entry: TYPE=RAS COMPONENT=KERNEL LEVEL=FATAL CONTENT=rts: kernel terminated
Label: 1
Log entry: TYPE=RAS COMPONENT=APP LEVEL=FATAL CONTENT=ciod: error reading message header
Label: 1

Log entry: TYPE=RAS COMPONENT=KERNEL LEVEL=INFO CONTENT=generating core.53271
Label: 0
Log",0,189.77945524966344
1781,"TYPE=RAS COMPONENT=KERNEL LEVEL=INFO CONTENT=ciod: Received signal 15, code=0, errno=0, address=0x0000044d",0,"- 1132609314 2005.11.21 R36-M1-N4-I:J18-U11 2005-11-21-13.41.54.797197 R36-M1-N4-I:J18-U11 RAS KERNEL INFO ciod: Received signal 15, code=0, errno=0, address=0x0000044d",-,few_shot,0,1," any other text.
Judge based mainly on the event content, not severity alone.

Examples:
Log entry: TYPE=RAS COMPONENT=KERNEL LEVEL=INFO CONTENT=ddr error(s) detected and corrected on rank 0
Label: 0
Log entry: TYPE=RAS COMPONENT=KERNEL LEVEL=INFO CONTENT=NFS Mount failed retrying
Label: 0
Log entry: TYPE=RAS COMPONENT=KERNEL LEVEL=FATAL CONTENT=rts: kernel terminated
Label: 1
Log entry: TYPE=RAS COMPONENT=APP LEVEL=FATAL CONTENT=ciod: error reading message header
Label: 1

Log entry: TYPE=RAS COMPONENT=KERNEL LEVEL=INFO CONTENT=ciod: Received signal 15, code=0, errno=0, address=0x0000044d
Label: 0
Log",0,189.77945524966344
1958,"TYPE=RAS COMPONENT=KERNEL LEVEL=INFO CONTENT=Kernel detected 3486044 integer alignment exceptions (3486037) iar 0x00544ea8, dear 0x01ef7c60 (3486038) iar 0x00544eb8, dear 0x01ef7c80 (3486039) iar 0x00544ea8, dear 0x01ef7ca0 (3486040) iar 0x00544eb8, dear 0x01ef7cc0 (3486041) iar 0x00544ee0, dear 0x01ef7ce0 (3486042) iar 0x00544ef0, dear 0x01ef7d00 (3486043) iar 0x00544ee0, dear 0x01ef7d20 (3486044) iar 0x00544ef0, dear 0x01ef7d40",0,"- 1133928743 2005.12.06 R36-M0-NE-C:J13-U01 2005-12-06-20.12.23.534341 R36-M0-NE-C:J13-U01 RAS KERNEL INFO Kernel detected 3486044 integer alignment exceptions (3486037) iar 0x00544ea8, dear 0x01ef7c60 (3486038) iar 0x00544eb8, dear 0x01ef7c80 (3486039) iar 0x00544ea8, dear 0x01ef7ca0 (3486040) iar 0x00544eb8, dear 0x01ef7cc0 (3486041) iar 0x00544ee0, dear 0x01ef7ce0 (3486042) iar 0x00544ef0, dear 0x01ef7d00 (3486043) iar 0x00544ee0, dear 0x01ef7d20 (3486044) iar 0x00544ef0, dear 0x01ef7d40",-,few_shot,0,1, (348,1,189.77945524966344
499,TYPE=RAS COMPONENT=KERNEL LEVEL=INFO CONTENT=generating core.1165,0,- 1120209808 2005.07.01 R07-M1-NC-C:J12-U11 2005-07-01-02.23.28.948917 R07-M1-NC-C:J12-U11 RAS KERNEL INFO generating core.1165,-,few_shot,0,1,"ifying one BGL log entry for anomaly detection.
Return exactly one label: 0 or 1.
0 means normal. 1 means anomalous.
Do not explain your answer.
Do not output any other text.
Judge based mainly on the event content, not severity alone.

Examples:
Log entry: TYPE=RAS COMPONENT=KERNEL LEVEL=INFO CONTENT=ddr error(s) detected and corrected on rank 0
Label: 0
Log entry: TYPE=RAS COMPONENT=KERNEL LEVEL=INFO CONTENT=NFS Mount failed retrying
Label: 0
Log entry: TYPE=RAS COMPONENT=KERNEL LEVEL=FATAL CONTENT=rts: kernel terminated
Label: 1
Log entry: TYPE=RAS COMPONENT=APP LEVEL=FATAL CONTENT=ciod: error reading message header
Label: 1

Log entry: TYPE=RAS COMPONENT=KERNEL LEVEL=INFO CONTENT=generating core.1165
Label: 0
Log",0,189.77945524966344
338,TYPE=RAS COMPONENT=KERNEL LEVEL=INFO CONTENT=generating core.42,0,- 1118915888 2005.06.16 R20-M1-N7-C:J08-U11 2005-06-16-02.58.08.116468 R20-M1-N7-C:J08-U11 RAS KERNEL INFO generating core.42,-,few_shot,1,0," TYPE=RAS COMPONENT=KERNEL LEVEL=FATAL CONTENT=rts: kernel terminated
Label: 1
Log entry: TYPE=RAS COMPONENT=APP LEVEL=FATAL CONTENT=ciod: error reading message header
Label: 1

Log entry: TYPE=RAS COMPONENT=KERNEL LEVEL=INFO CONTENT=generating core.42
Label: 0
Log",0,160.57678550032506
1188,TYPE=RAS COMPONENT=KERNEL LEVEL=INFO CONTENT=generating core.19592,0,- 1122431408 2005.07.26 R11-M0-N5-C:J14-U01 2005-07-26-19.30.08.728161 R11-M0-N5-C:J14-U01 RAS KERNEL INFO generating core.19592,-,few_shot,1,0," LEVEL=FATAL CONTENT=rts: kernel terminated
Label: 1
Log entry: TYPE=RAS COMPONENT=APP LEVEL=FATAL CONTENT=ciod: error reading message header
Label: 1

Log entry: TYPE=RAS COMPONENT=KERNEL LEVEL=INFO CONTENT=generating core.19592
Label: 0
Log",0,160.57678550032506
28,TYPE=RAS COMPONENT=KERNEL LEVEL=INFO CONTENT=generating core.6545,0,- 1117984124 2005.06.05 R36-M1-NF-C:J11-U01 2005-06-05-08.08.44.281729 R36-M1-NF-C:J11-U01 RAS KERNEL INFO generating core.6545,-,few_shot,1,0,"=KERNEL LEVEL=FATAL CONTENT=rts: kernel terminated
Label: 1
Log entry: TYPE=RAS COMPONENT=APP LEVEL=FATAL CONTENT=ciod: error reading message header
Label: 1

Log entry: TYPE=RAS COMPONENT=KERNEL LEVEL=INFO CONTENT=generating core.6545
Label: 0
Log",0,160.57678550032506
1217,"TYPE=NULL COMPONENT=DISCOVERY LEVEL=INFO CONTENT=Node card VPD check: U01 node in processor card slot J14 do not match. VPD ecid 074C04C10F7BFFFF08051AE08ED2, found 04C180A5D12FFFFF05081BD088E2",0,"- 1123176833 2005.08.04 R10-M1-N7 2005-08-04-10.33.53.378606 R10-M1-N7 NULL DISCOVERY INFO Node card VPD check: U01 node in processor card slot J14 do not match. VPD ecid 074C04C10F7BFFFF08051AE08ED2, found 04C180A5D12FFFFF05081BD088E2",-,few_shot,1,0," 1
Log",0,160.57678550032506
1399,TYPE=RAS COMPONENT=KERNEL LEVEL=INFO CONTENT=suppressing further interrupts of same type,0,- 1126526629 2005.09.12 R20-M1-N8-C:J13-U11 2005-09-12-05.03.49.910676 R20-M1-N8-C:J13-U11 RAS KERNEL INFO suppressing further interrupts of same type,-,few_shot,1,0," message header
Label: 1

Log entry: TYPE=RAS COMPONENT=KERNEL LEVEL=INFO CONTENT=suppressing further interrupts of same type
Label: 0
Log",0,154.7399977503119
1820,TYPE=RAS COMPONENT=KERNEL LEVEL=INFO CONTENT=0 microseconds spent in the rbs signal handler during 0 calls. 0 microseconds was the maximum time for a single instance of a correctable ddr.,0,- 1133448039 2005.12.01 R55-M1-N5-C:J04-U01 2005-12-01-06.40.39.460137 R55-M1-N5-C:J04-U01 RAS KERNEL INFO 0 microseconds spent in the rbs signal handler during 0 calls. 0 microseconds was the maximum time for a single instance of a correctable ddr.,-,few_shot,0,1," a correctable ddr.
Label: 0
Log",0,154.7399977503119
945,TYPE=RAS COMPONENT=APP LEVEL=FATAL CONTENT=ciod: Error creating node map from file /home/pakin1/sweep3d-2.2b/results/random1-8x32x32x2.map: Permission denied,0,- 1121383222 2005.07.14 R01-M0-N0-I:J18-U11 2005-07-14-16.20.22.672549 R01-M0-N0-I:J18-U11 RAS APP FATAL ciod: Error creating node map from file /home/pakin1/sweep3d-2.2b/results/random1-8x32x32x2.map: Permission denied,-,few_shot,1,0," 1
Log",0,154.7399977503119
169,TYPE=RAS COMPONENT=KERNEL LEVEL=FATAL CONTENT=data storage interrupt,1,KERNSTOR 1118709681 2005.06.13 R01-M1-NA-C:J13-U01 2005-06-13-17.41.21.634261 R01-M1-NA-C:J13-U01 RAS KERNEL FATAL data storage interrupt,KERNSTOR,few_shot,1,1,"APP LEVEL=FATAL CONTENT=ciod: error reading message header
Label: 1

Log entry: TYPE=RAS COMPONENT=KERNEL LEVEL=FATAL CONTENT=data storage interrupt
Label: 1
Log",0,154.7399977503119
1404,TYPE=RAS COMPONENT=APP LEVEL=FATAL CONTENT=ciod: Error reading message prefix after LOAD_MESSAGE on CioStream socket to 172.16.96.116:37916: Link has been severed,1,APPSEV 1126798111 2005.09.15 R72-M1-N0-I:J18-U01 2005-09-15-08.28.31.789429 R72-M1-N0-I:J18-U01 RAS APP FATAL ciod: Error reading message prefix after LOAD_MESSAGE on CioStream socket to 172.16.96.116:37916: Link has been severed,APPSEV,few_shot,1,1," 1
Log",0,154.8852452497158
1197,TYPE=RAS COMPONENT=KERNEL LEVEL=INFO CONTENT=generating core.6161,0,- 1122574115 2005.07.28 R31-M0-NB-C:J12-U11 2005-07-28-11.08.35.403371 R31-M0-NB-C:J12-U11 RAS KERNEL INFO generating core.6161,-,few_shot,1,0," header
Label: 1

Log entry: TYPE=RAS COMPONENT=KERNEL LEVEL=INFO CONTENT=generating core.6161
Label: 0
Log",0,154.8852452497158
1253,TYPE=RAS COMPONENT=APP LEVEL=FATAL CONTENT=ciod: LOGIN chdir(pwd) failed: No such file or directory,0,- 1123966456 2005.08.13 R27-M1-NC-I:J18-U11 2005-08-13-13.54.16.386775 R27-M1-NC-I:J18-U11 RAS APP FATAL ciod: LOGIN chdir(pwd) failed: No such file or directory,-,few_shot,1,0,"AS COMPONENT=APP LEVEL=FATAL CONTENT=ciod: LOGIN chdir(pwd) failed: No such file or directory
Label: 1
Log",0,154.8852452497158
1613,TYPE=RAS COMPONENT=KERNEL LEVEL=INFO CONTENT=62500 floating point alignment exceptions,0,- 1131066692 2005.11.03 R36-M1-NB-C:J09-U01 2005-11-03-17.11.32.221132 R36-M1-NB-C:J09-U01 RAS KERNEL INFO 62500 floating point alignment exceptions,-,few_shot,1,0,"Label: 1

Log entry: TYPE=RAS COMPONENT=KERNEL LEVEL=INFO CONTENT=62500 floating point alignment exceptions
Label: 0
Log",0,154.8852452497158
912,TYPE=RAS COMPONENT=KERNEL LEVEL=INFO CONTENT=generating core.10645,0,- 1121312054 2005.07.13 R33-M1-NA-C:J12-U11 2005-07-13-20.34.14.390511 R33-M1-NA-C:J12-U11 RAS KERNEL INFO generating core.10645,-,few_shot,0,1,"=generating core.10645
Label: 0
Log",0,132.93544475027375
491,TYPE=RAS COMPONENT=KERNEL LEVEL=INFO CONTENT=generating core.8691,0,- 1120148771 2005.06.30 R33-M1-N7-C:J05-U11 2005-06-30-09.26.11.626795 R33-M1-N7-C:J05-U11 RAS KERNEL INFO generating core.8691,-,few_shot,0,1,"INFO CONTENT=generating core.8691
Label: 0
Log",0,132.93544475027375
953,"TYPE=RAS COMPONENT=KERNEL LEVEL=INFO CONTENT=1 ddr errors(s) detected and corrected on rank 0, symbol 33, bit 7",0,"- 1121484659 2005.07.15 R33-M0-N6-C:J13-U11 2005-07-15-20.30.59.176883 R33-M0-N6-C:J13-U11 RAS KERNEL INFO 1 ddr errors(s) detected and corrected on rank 0, symbol 33, bit 7",-,few_shot,0,1," 0
Log",0,132.93544475027375
1097,TYPE=RAS COMPONENT=KERNEL LEVEL=INFO CONTENT=generating core.29493,0,- 1122144042 2005.07.23 R36-M1-NE-C:J11-U11 2005-07-23-11.40.42.753000 R36-M1-NE-C:J11-U11 RAS KERNEL INFO generating core.29493,-,few_shot,0,1,"=generating core.29493
Label: 0
Log",0,132.93544475027375
1032,TYPE=RAS COMPONENT=KERNEL LEVEL=INFO CONTENT=8 floating point alignment exceptions,0,- 1121900469 2005.07.20 R33-M1-N3-C:J02-U01 2005-07-20-16.01.09.861175 R33-M1-N3-C:J02-U01 RAS KERNEL INFO 8 floating point alignment exceptions,-,few_shot,0,1," exceptions
Label: 0
Log",0,133.27146000028733
587,TYPE=RAS COMPONENT=KERNEL LEVEL=INFO CONTENT=generating core.7915,0,- 1120486586 2005.07.04 R12-M0-N1-C:J04-U11 2005-07-04-07.16.26.811512 R12-M0-N1-C:J04-U11 RAS KERNEL INFO generating core.7915,-,few_shot,0,1,": 0
Log",0,133.27146000028733
750,TYPE=RAS COMPONENT=KERNEL LEVEL=INFO CONTENT=generating core.8138,0,- 1120958502 2005.07.09 R23-M1-N1-C:J06-U01 2005-07-09-18.21.42.804580 R23-M1-N1-C:J06-U01 RAS KERNEL INFO generating core.8138,-,few_shot,0,1,": 0
Log",0,133.27146000028733
657,TYPE=RAS COMPONENT=KERNEL LEVEL=INFO CONTENT=generating core.33018,0,- 1120933818 2005.07.09 R20-M1-N7-C:J09-U11 2005-07-09-11.30.18.267700 R20-M1-N7-C:J09-U11 RAS KERNEL INFO generating core.33018,-,few_shot,0,1," 0
Log",0,133.27146000028733
234,TYPE=RAS COMPONENT=KERNEL LEVEL=FATAL CONTENT=exception syndrome register: 0x00800000,0,- 1118769574 2005.06.14 R26-M1-NC-C:J13-U11 2005-06-14-10.19.34.342222 R26-M1-NC-C:J13-U11 RAS KERNEL FATAL exception syndrome register: 0x00800000,-,few_shot,1,0," message header
Label: 1

Log entry: TYPE=RAS COMPONENT=KERNEL LEVEL=FATAL CONTENT=exception syndrome register: 0x00800000
Label: 1
Log",0,154.32199199995011
732,TYPE=RAS COMPONENT=KERNEL LEVEL=INFO CONTENT=generating core.11921,0,- 1120953217 2005.07.09 R35-M1-N9-C:J10-U11 2005-07-09-16.53.37.285437 R35-M1-N9-C:J10-U11 RAS KERNEL INFO generating core.11921,-,few_shot,1,0," COMPONENT=APP LEVEL=FATAL CONTENT=ciod: error reading message header
Label: 1

Log entry: TYPE=RAS COMPONENT=KERNEL LEVEL=INFO CONTENT=generating core.11921
Label: 0
Log",0,154.32199199995011
1988,"TYPE=RAS COMPONENT=APP LEVEL=FATAL CONTENT=ciod: Error loading /g/g24/buber/Yunsic/BlueGene/partad.develf/taddriver.32.exe: program image too big, 361544528 > 266076160",0,"- 1135178837 2005.12.21 R62-M0-N4-I:J18-U01 2005-12-21-07.27.17.749308 R62-M0-N4-I:J18-U01 RAS APP FATAL ciod: Error loading /g/g24/buber/Yunsic/BlueGene/partad.develf/taddriver.32.exe: program image too big, 361544528 > 266076160",-,few_shot,1,0," 1
Log",0,154.32199199995011
1632,TYPE=RAS COMPONENT=KERNEL LEVEL=INFO CONTENT=iar 00106bd8 dear 0245cf0c,0,- 1131126699 2005.11.04 R62-M0-N1-C:J02-U11 2005-11-04-09.51.39.563817 R62-M0-N1-C:J02-U11 RAS KERNEL INFO iar 00106bd8 dear 0245cf0c,-,few_shot,1,0,"1

Log entry: TYPE=RAS COMPONENT=KERNEL LEVEL=INFO CONTENT=iar 00106bd8 dear 0245cf0c
Label: 0
Log",0,154.32199199995011
1156,TYPE=RAS COMPONENT=KERNEL LEVEL=INFO CONTENT=generating core.31056,0,- 1122256379 2005.07.24 R34-M1-N9-C:J17-U01 2005-07-24-18.52.59.208597 R34-M1-N9-C:J17-U01 RAS KERNEL INFO generating core.31056,-,few_shot,1,0,"=ciod: error reading message header
Label: 1

Log entry: TYPE=RAS COMPONENT=KERNEL LEVEL=INFO CONTENT=generating core.31056
Label: 0
Log",0,153.8821675003419
1469,"TYPE=RAS COMPONENT=KERNEL LEVEL=INFO CONTENT=CE sym 5, at 0x0e37bbe0, mask 0x40",0,"- 1128034565 2005.09.29 R20-M1-NB-C:J16-U11 2005-09-29-15.56.05.077911 R20-M1-NB-C:J16-U11 RAS KERNEL INFO CE sym 5, at 0x0e37bbe0, mask 0x40",-,few_shot,0,1,"=CE sym 5, at 0x0e37bbe0, mask 0x40
Label: 0
Log",0,153.8821675003419
1424,"TYPE=RAS COMPONENT=MMCS LEVEL=ERROR CONTENT=idoproxydb hit ASSERT condition: ASSERT expression=0 Source file=idotransportmgr.cpp Source line=1043 Function=int IdoTransportMgr::SendPacket(IdoUdpMgr*, BglCtlPavTrace*)",0,"- 1127243360 2005.09.20 NULL 2005-09-20-12.09.20.750312 NULL RAS MMCS ERROR idoproxydb hit ASSERT condition: ASSERT expression=0 Source file=idotransportmgr.cpp Source line=1043 Function=int IdoTransportMgr::SendPacket(IdoUdpMgr*, BglCtlPavTrace*)",-,few_shot,1,0," 1
Log",0,153.8821675003419
1627,TYPE=RAS COMPONENT=KERNEL LEVEL=INFO CONTENT=iar 00106bd8 dear 0245ceec,0,- 1131126148 2005.11.04 R62-M0-N1-C:J02-U01 2005-11-04-09.42.28.862256 R62-M0-N1-C:J02-U01 RAS KERNEL INFO iar 00106bd8 dear 0245ceec,-,few_shot,0,1," TYPE=RAS COMPONENT=KERNEL LEVEL=INFO CONTENT=iar 00106bd8 dear 0245ceec
Label: 0
Log",0,153.8821675003419
934,TYPE=RAS COMPONENT=KERNEL LEVEL=INFO CONTENT=generating core.22967,0,- 1121313915 2005.07.13 R33-M0-NA-C:J05-U11 2005-07-13-21.05.15.201453 R33-M0-NA-C:J05-U11 RAS KERNEL INFO generating core.22967,-,few_shot,1,0,"=ciod: error reading message header
Label: 1

Log entry: TYPE=RAS COMPONENT=KERNEL LEVEL=INFO CONTENT=generating core.22967
Label: 0
Log",0,155.41156224981023
1209,"TYPE=RAS COMPONENT=MMCS LEVEL=ERROR CONTENT=idoproxydb hit ASSERT condition: ASSERT expression=0 Source file=idotransportmgr.cpp Source line=1043 Function=int IdoTransportMgr::SendPacket(IdoUdpMgr*, BglCtlPavTrace*)",0,"- 1123110754 2005.08.03 NULL 2005-08-03-16.12.34.240816 NULL RAS MMCS ERROR idoproxydb hit ASSERT condition: ASSERT expression=0 Source file=idotransportmgr.cpp Source line=1043 Function=int IdoTransportMgr::SendPacket(IdoUdpMgr*, BglCtlPavTrace*)",-,few_shot,1,0," 1
Log",0,155.41156224981023
1065,TYPE=RAS COMPONENT=KERNEL LEVEL=INFO CONTENT=8 floating point alignment exceptions,0,- 1121904572 2005.07.20 R32-M0-N5-C:J10-U11 2005-07-20-17.09.32.073144 R32-M0-N5-C:J10-U11 RAS KERNEL INFO 8 floating point alignment exceptions,-,few_shot,1,0,"AS COMPONENT=APP LEVEL=FATAL CONTENT=ciod: error reading message header
Label: 1

Log entry: TYPE=RAS COMPONENT=KERNEL LEVEL=INFO CONTENT=8 floating point alignment exceptions
Label: 0
Log",0,155.41156224981023
108,TYPE=RAS COMPONENT=KERNEL LEVEL=FATAL CONTENT=data TLB error interrupt,1,KERNDTLB 1118537694 2005.06.11 R30-M0-N9-C:J16-U01 2005-06-11-17.54.54.024829 R30-M0-N9-C:J16-U01 RAS KERNEL FATAL data TLB error interrupt,KERNDTLB,few_shot,1,1," TYPE=RAS COMPONENT=APP LEVEL=FATAL CONTENT=ciod: error reading message header
Label: 1

Log entry: TYPE=RAS COMPONENT=KERNEL LEVEL=FATAL CONTENT=data TLB error interrupt
Label: 1
Log",0,155.41156224981023
1542,TYPE=RAS COMPONENT=KERNEL LEVEL=INFO CONTENT=iar 00106228 dear 0244c21c,0,- 1131058125 2005.11.03 R61-M0-N1-C:J05-U11 2005-11-03-14.48.45.760239 R61-M0-N1-C:J05-U11 RAS KERNEL INFO iar 00106228 dear 0244c21c,-,few_shot,0,1," 0
Log",0,132.8916627498984
568,TYPE=RAS COMPONENT=KERNEL LEVEL=INFO CONTENT=generating core.20954,0,- 1120447058 2005.07.03 R23-M1-N7-C:J08-U11 2005-07-03-20.17.38.727762 R23-M1-N7-C:J08-U11 RAS KERNEL INFO generating core.20954,-,few_shot,0,1,"ating core.20954
Label: 0
Log",0,132.8916627498984
1167,TYPE=RAS COMPONENT=KERNEL LEVEL=INFO CONTENT=generating core.118,0,- 1122405365 2005.07.26 R04-M0-N6-C:J09-U01 2005-07-26-12.16.05.063905 R04-M0-N6-C:J09-U01 RAS KERNEL INFO generating core.118,-,few_shot,0,1,"INFO CONTENT=generating core.118
Label: 0
Log",0,132.8916627498984
1174,TYPE=RAS COMPONENT=KERNEL LEVEL=INFO CONTENT=generating core.38843,0,- 1122430659 2005.07.26 R22-M1-N3-C:J02-U11 2005-07-26-19.17.39.082056 R22-M1-N3-C:J02-U11 RAS KERNEL INFO generating core.38843,-,few_shot,0,1,"ating core.38843
Label: 0
Log",0,132.8916627498984
890,TYPE=RAS COMPONENT=KERNEL LEVEL=INFO CONTENT=generating core.32010,0,- 1121310867 2005.07.13 R26-M0-N9-C:J08-U01 2005-07-13-20.14.27.766914 R26-M0-N9-C:J08-U01 RAS KERNEL INFO generating core.32010,-,few_shot,0,1,"0
Label: 0
Log",0,134.2343017499843
947,TYPE=RAS COMPONENT=KERNEL LEVEL=INFO CONTENT=generating core.4615,0,- 1121442061 2005.07.15 R00-M0-NA-C:J04-U01 2005-07-15-08.41.01.843236 R00-M0-NA-C:J04-U01 RAS KERNEL INFO generating core.4615,-,few_shot,0,1,"15
Label: 0
Log",0,134.2343017499843
1048,TYPE=RAS COMPONENT=KERNEL LEVEL=INFO CONTENT=8 floating point alignment exceptions,0,- 1121901541 2005.07.20 R11-M1-N0-C:J08-U01 2005-07-20-16.19.01.457880 R11-M1-N0-C:J08-U01 RAS KERNEL INFO 8 floating point alignment exceptions,-,few_shot,0,1,"8 floating point alignment exceptions
Label: 0
Log",0,134.2343017499843
1352,TYPE=RAS COMPONENT=KERNEL LEVEL=INFO CONTENT=54600944 double-hummer alignment exceptions,0,- 1125222925 2005.08.28 R52-M0-N4-C:J17-U11 2005-08-28-02.55.25.760111 R52-M0-N4-C:J17-U11 RAS KERNEL INFO 54600944 double-hummer alignment exceptions,-,few_shot,0,1," 0
Log",0,134.2343017499843
1777,"TYPE=RAS COMPONENT=APP LEVEL=FATAL CONTENT=ciod: Error reading message prefix on CioStream socket to 172.16.96.116:41554, Connection timed out",1,"APPTO 1132600084 2005.11.21 R14-M0-NC-I:J18-U11 2005-11-21-11.08.04.944948 R14-M0-NC-I:J18-U11 RAS APP FATAL ciod: Error reading message prefix on CioStream socket to 172.16.96.116:41554, Connection timed out",APPTO,few_shot,1,1," 1
Log",0,151.59650650002732
1446,"TYPE=RAS COMPONENT=APP LEVEL=FATAL CONTENT=ciod: Error loading /home/yates//broadcast.rts: invalid or missing program image, No such file or directory",0,"- 1127264475 2005.09.20 R44-M1-NC-I:J18-U01 2005-09-20-18.01.15.836848 R44-M1-NC-I:J18-U01 RAS APP FATAL ciod: Error loading /home/yates//broadcast.rts: invalid or missing program image, No such file or directory",-,few_shot,1,0," missing program image, No such file or directory
Label: 1
Log",0,151.59650650002732
884,TYPE=RAS COMPONENT=KERNEL LEVEL=INFO CONTENT=generating core.15966,0,- 1121308757 2005.07.13 R20-M0-N0-C:J06-U11 2005-07-13-19.39.17.229626 R20-M0-N0-C:J06-U11 RAS KERNEL INFO generating core.15966,-,few_shot,0,1,"

Log entry: TYPE=RAS COMPONENT=KERNEL LEVEL=INFO CONTENT=generating core.15966
Label: 0
Log",0,151.59650650002732
1672,TYPE=RAS COMPONENT=KERNEL LEVEL=INFO CONTENT=ciod: generated 128 core files for program /g/g20/valone1/SPaSM-shock/SPaSM_mpi,0,- 1131142179 2005.11.04 R60-M1-N0-I:J18-U01 2005-11-04-14.09.39.179254 R60-M1-N0-I:J18-U01 RAS KERNEL INFO ciod: generated 128 core files for program /g/g20/valone1/SPaSM-shock/SPaSM_mpi,-,few_shot,0,1,"SM_mpi
Label: 0
Log",0,151.59650650002732
850,TYPE=RAS COMPONENT=KERNEL LEVEL=INFO CONTENT=113355952 double-hummer alignment exceptions,0,- 1121252594 2005.07.13 R22-M1-N8-C:J09-U01 2005-07-13-04.03.14.945951 R22-M1-N8-C:J09-U01 RAS KERNEL INFO 113355952 double-hummer alignment exceptions,-,few_shot,0,1," 0
Log",0,132.7627222499359
734,TYPE=RAS COMPONENT=KERNEL LEVEL=INFO CONTENT=generating core.13067,0,- 1120955479 2005.07.09 R26-M0-NF-C:J02-U01 2005-07-09-17.31.19.922132 R26-M0-NF-C:J02-U01 RAS KERNEL INFO generating core.13067,-,few_shot,0,1,"67
Label: 0
Log",0,132.7627222499359
717,TYPE=RAS COMPONENT=KERNEL LEVEL=INFO CONTENT=generating core.24314,0,- 1120940220 2005.07.09 R27-M0-N1-C:J07-U11 2005-07-09-13.17.00.392088 R27-M0-N1-C:J07-U11 RAS KERNEL INFO generating core.24314,-,few_shot,0,1,"14
Label: 0
Log",0,132.7627222499359
454,TYPE=RAS COMPONENT=KERNEL LEVEL=INFO CONTENT=data store interrupt caused by dcbf.........0,0,- 1119807491 2005.06.26 R02-M0-N9-C:J06-U01 2005-06-26-10.38.11.390037 R02-M0-N9-C:J06-U01 RAS KERNEL INFO data store interrupt caused by dcbf.........0,-,few_shot,0,1,".........0
Label: 0
Log",0,132.7627222499359
264,TYPE=RAS COMPONENT=KERNEL LEVEL=FATAL CONTENT=debug interrupt enable............0,0,- 1118771302 2005.06.14 R27-M1-N8-C:J09-U11 2005-06-14-10.48.22.614188 R27-M1-N8-C:J09-U11 RAS KERNEL FATAL debug interrupt enable............0,-,few_shot,0,1," LEVEL=FATAL CONTENT=debug interrupt enable............0
Label: 0
Log",0,135.69190124962915
75,TYPE=RAS COMPONENT=KERNEL LEVEL=INFO CONTENT=generating core.310,0,- 1118149821 2005.06.07 R20-M1-N4-C:J09-U01 2005-06-07-06.10.21.214757 R20-M1-N4-C:J09-U01 RAS KERNEL INFO generating core.310,-,few_shot,0,1,"INFO CONTENT=generating core.310
Label: 0
Log",0,135.69190124962915
1657,TYPE=RAS COMPONENT=KERNEL LEVEL=INFO CONTENT=iar 001061e4 dear 0245a09c,0,- 1131128104 2005.11.04 R62-M0-N0-C:J17-U01 2005-11-04-10.15.04.044405 R62-M0-N0-C:J17-U01 RAS KERNEL INFO iar 001061e4 dear 0245a09c,-,few_shot,0,1," 0
Log",0,135.69190124962915
444,TYPE=RAS COMPONENT=KERNEL LEVEL=INFO CONTENT=program interrupt: imprecise exception......0,0,- 1119803805 2005.06.26 R36-M0-N9-C:J12-U01 2005-06-26-09.36.45.237515 R36-M0-N9-C:J12-U01 RAS KERNEL INFO program interrupt: imprecise exception......0,-,few_shot,0,1," interrupt: imprecise exception......0
Label: 1
Log",0,135.69190124962915
395,TYPE=RAS COMPONENT=KERNEL LEVEL=INFO CONTENT=generating core.4501,0,- 1119715309 2005.06.25 R34-M0-N2-C:J12-U01 2005-06-25-09.01.49.568758 R34-M0-N2-C:J12-U01 RAS KERNEL INFO generating core.4501,-,few_shot,0,1," LEVEL=INFO CONTENT=generating core.4501
Label: 0
Log",0,151.66292174990303
176,TYPE=RAS COMPONENT=KERNEL LEVEL=FATAL CONTENT=instruction address: 0x00004ed8,0,- 1118710233 2005.06.13 R01-M0-NE-C:J17-U11 2005-06-13-17.50.33.240802 R01-M0-NE-C:J17-U11 RAS KERNEL FATAL instruction address: 0x00004ed8,-,few_shot,0,1,"x00004ed8
Label: 0
Log",0,151.66292174990303
1042,TYPE=RAS COMPONENT=KERNEL LEVEL=INFO CONTENT=8 floating point alignment exceptions,0,- 1121901136 2005.07.20 R04-M1-N1-C:J12-U01 2005-07-20-16.12.16.427147 R04-M1-N1-C:J12-U01 RAS KERNEL INFO 8 floating point alignment exceptions,-,few_shot,0,1," TYPE=RAS COMPONENT=KERNEL LEVEL=INFO CONTENT=8 floating point alignment exceptions
Label: 0
Log",0,151.66292174990303
1735,"TYPE=RAS COMPONENT=KERNEL LEVEL=INFO CONTENT=CE sym 6, at 0x00e462c0, mask 0x02",0,"- 1131624438 2005.11.10 R65-M0-N2-C:J05-U11 2005-11-10-04.07.18.981015 R65-M0-N2-C:J05-U11 RAS KERNEL INFO CE sym 6, at 0x00e462c0, mask 0x02",-,few_shot,0,1," 0
Log",0,151.66292174990303
1401,TYPE=RAS COMPONENT=APP LEVEL=FATAL CONTENT=ciod: Error reading message prefix after LOAD_MESSAGE on CioStream socket to 172.16.96.116:41217: Link has been severed,1,APPSEV 1126539106 2005.09.12 R53-M1-N0-I:J18-U01 2005-09-12-08.31.46.757073 R53-M1-N0-I:J18-U01 RAS APP FATAL ciod: Error reading message prefix after LOAD_MESSAGE on CioStream socket to 172.16.96.116:41217: Link has been severed,APPSEV,few_shot,1,1," 1
Log",0,153.58486600007382
1380,TYPE=RAS COMPONENT=KERNEL LEVEL=FATAL CONTENT=Lustre mount FAILED : bglio46 : point /p/gb1,1,KERNMNTF 1125690043 2005.09.02 R02-M1-N8-I:J18-U01 2005-09-02-12.40.43.759217 R02-M1-N8-I:J18-U01 RAS KERNEL FATAL Lustre mount FAILED : bglio46 : point /p/gb1,KERNMNTF,few_shot,1,1," LEVEL=FATAL CONTENT=Lustre mount FAILED : bglio46 : point /p/gb1
Label: 1
Log",0,153.58486600007382
595,TYPE=RAS COMPONENT=KERNEL LEVEL=INFO CONTENT=generating core.404,0,- 1120487796 2005.07.04 R02-M1-N8-C:J17-U01 2005-07-04-07.36.36.338885 R02-M1-N8-C:J17-U01 RAS KERNEL INFO generating core.404,-,few_shot,1,0," reading message header
Label: 1

Log entry: TYPE=RAS COMPONENT=KERNEL LEVEL=INFO CONTENT=generating core.404
Label: 0
Log",0,153.58486600007382
61,TYPE=RAS COMPONENT=KERNEL LEVEL=INFO CONTENT=instruction cache parity error corrected,0,- 1118080480 2005.06.06 R02-M1-N0-C:J12-U11 2005-06-06-10.54.40.382678 R02-M1-N0-C:J12-U11 RAS KERNEL INFO instruction cache parity error corrected,-,few_shot,1,0,"=ciod: error reading message header
Label: 1

Log entry: TYPE=RAS COMPONENT=KERNEL LEVEL=INFO CONTENT=instruction cache parity error corrected
Label: 0
Log",0,153.58486600007382
1296,TYPE=RAS COMPONENT=KERNEL LEVEL=INFO CONTENT=iar 003a92a0 dear 00fcc6b8,0,- 1125083592 2005.08.26 R61-M1-ND-C:J17-U01 2005-08-26-12.13.12.965338 R61-M1-ND-C:J17-U01 RAS KERNEL INFO iar 003a92a0 dear 00fcc6b8,-,few_shot,0,1,"003a92a0 dear 00fcc6b8
Label: 0
Log",0,153.05544724969877
872,TYPE=RAS COMPONENT=KERNEL LEVEL=INFO CONTENT=generating core.17999,0,- 1121308164 2005.07.13 R20-M1-N4-C:J02-U01 2005-07-13-19.29.24.480958 R20-M1-N4-C:J02-U01 RAS KERNEL INFO generating core.17999,-,few_shot,1,0,"1

Log entry: TYPE=RAS COMPONENT=KERNEL LEVEL=INFO CONTENT=generating core.17999
Label: 0
Log",0,153.05544724969877
1489,"TYPE=RAS COMPONENT=APP LEVEL=FATAL CONTENT=ciod: Error loading /home/spelce1/HPCC_IBM/Urgent/COP/64K/vnm.rts: invalid or missing program image, Permission denied",0,"- 1129166708 2005.10.12 R17-M1-N0-I:J18-U11 2005-10-12-18.25.08.543706 R17-M1-N0-I:J18-U11 RAS APP FATAL ciod: Error loading /home/spelce1/HPCC_IBM/Urgent/COP/64K/vnm.rts: invalid or missing program image, Permission denied",-,few_shot,1,0," 1
Log",0,153.05544724969877
1878,"TYPE=RAS COMPONENT=KERNEL LEVEL=INFO CONTENT=10738 total interrupts. 0 critical input interrupts. 0 microseconds total spent on critical input interrupts, 0 microseconds max time in a critical input interrupt.",0,"- 1133454737 2005.12.01 R50-M1-NA-C:J11-U11 2005-12-01-08.32.17.451081 R50-M1-NA-C:J11-U11 RAS KERNEL INFO 10738 total interrupts. 0 critical input interrupts. 0 microseconds total spent on critical input interrupts, 0 microseconds max time in a critical input interrupt.",-,few_shot,0,1,".
Label: 0
Log",0,153.05544724969877
278,TYPE=RAS COMPONENT=KERNEL LEVEL=FATAL CONTENT=program interrupt: fp cr field .............0,0,- 1118771917 2005.06.14 R24-M0-N2-C:J04-U01 2005-06-14-10.58.37.145331 R24-M0-N2-C:J04-U01 RAS KERNEL FATAL program interrupt: fp cr field .............0,-,few_shot,0,1,"=FATAL CONTENT=program interrupt: fp cr field .............0
Label: 0
Log",0,152.4299422499098
36,TYPE=RAS COMPONENT=KERNEL LEVEL=INFO CONTENT=generating core.4876,0,- 1117985547 2005.06.05 R31-M1-NC-C:J14-U11 2005-06-05-08.32.27.814949 R31-M1-NC-C:J14-U11 RAS KERNEL INFO generating core.4876,-,few_shot,0,1,"KERNEL LEVEL=INFO CONTENT=generating core.4876
Label: 0
Log",0,152.4299422499098
1975,"TYPE=RAS COMPONENT=KERNEL LEVEL=INFO CONTENT=2 ddr error(s) detected and corrected on rank 0, symbol 28 over 3365 seconds",0,"- 1134530536 2005.12.13 R74-M1-N0-C:J12-U01 2005-12-13-19.22.16.368819 R74-M1-N0-C:J12-U01 RAS KERNEL INFO 2 ddr error(s) detected and corrected on rank 0, symbol 28 over 3365 seconds",-,few_shot,0,1," 0
Log",0,152.4299422499098
662,TYPE=RAS COMPONENT=KERNEL LEVEL=INFO CONTENT=generating core.245,0,- 1120934392 2005.07.09 R30-M0-N6-C:J13-U11 2005-07-09-11.39.52.674271 R30-M0-N6-C:J13-U11 RAS KERNEL INFO generating core.245,-,few_shot,0,1," COMPONENT=KERNEL LEVEL=INFO CONTENT=generating core.245
Label: 0
Log",0,152.4299422499098
1953,"TYPE=RAS COMPONENT=KERNEL LEVEL=INFO CONTENT=Kernel detected 3747792 integer alignment exceptions (3747785) iar 0x00544ea8, dear 0x01fc9220 (3747786) iar 0x00544eb8, dear 0x01fc9240 (3747787) iar 0x00544ea8, dear 0x01fc9260 (3747788) iar 0x00544eb8, dear 0x01fc9280 (3747789) iar 0x00544ee0, dear 0x01fc92a0 (3747790) iar 0x00544ef0, dear 0x01fc92c0 (3747791) iar 0x00544ee0, dear 0x01fc92e0 (3747792) iar 0x00544ef0, dear 0x01fc9300",0,"- 1133926732 2005.12.06 R27-M1-NF-C:J17-U01 2005-12-06-19.38.52.768522 R27-M1-NF-C:J17-U01 RAS KERNEL INFO Kernel detected 3747792 integer alignment exceptions (3747785) iar 0x00544ea8, dear 0x01fc9220 (3747786) iar 0x00544eb8, dear 0x01fc9240 (3747787) iar 0x00544ea8, dear 0x01fc9260 (3747788) iar 0x00544eb8, dear 0x01fc9280 (3747789) iar 0x00544ee0, dear 0x01fc92a0 (3747790) iar 0x00544ef0, dear 0x01fc92c0 (3747791) iar 0x00544ee0, dear 0x01fc92e0 (3747792) iar 0x00544ef0, dear 0x01fc9300",-,few_shot,0,1,92a0,1,191.62925599994196
1444,"TYPE=RAS COMPONENT=APP LEVEL=FATAL CONTENT=ciod: Error loading /home/yates//torus-latency.rts: invalid or missing program image, No such file or directory",0,"- 1127264347 2005.09.20 R72-M0-N8-I:J18-U01 2005-09-20-17.59.07.131519 R72-M0-N8-I:J18-U01 RAS APP FATAL ciod: Error loading /home/yates//torus-latency.rts: invalid or missing program image, No such file or directory",-,few_shot,0,1," not output any other text.
Judge based mainly on the event content, not severity alone.

Examples:
Log entry: TYPE=RAS COMPONENT=KERNEL LEVEL=INFO CONTENT=ddr error(s) detected and corrected on rank 0
Label: 0
Log entry: TYPE=RAS COMPONENT=KERNEL LEVEL=INFO CONTENT=NFS Mount failed retrying
Label: 0
Log entry: TYPE=RAS COMPONENT=KERNEL LEVEL=FATAL CONTENT=rts: kernel terminated
Label: 1
Log entry: TYPE=RAS COMPONENT=APP LEVEL=FATAL CONTENT=ciod: error reading message header
Label: 1

Log entry: TYPE=RAS COMPONENT=APP LEVEL=FATAL CONTENT=ciod: Error loading /home/yates//torus-latency.rts: invalid or missing program image, No such file or directory
Label: 1
Log",0,191.62925599994196
977,TYPE=RAS COMPONENT=KERNEL LEVEL=INFO CONTENT=generating core.50505,0,- 1121496047 2005.07.15 R15-M0-NF-C:J11-U01 2005-07-15-23.40.47.857118 R15-M0-NF-C:J11-U01 RAS KERNEL INFO generating core.50505,-,few_shot,0,1," BGL log entry for anomaly detection.
Return exactly one label: 0 or 1.
0 means normal. 1 means anomalous.
Do not explain your answer.
Do not output any other text.
Judge based mainly on the event content, not severity alone.

Examples:
Log entry: TYPE=RAS COMPONENT=KERNEL LEVEL=INFO CONTENT=ddr error(s) detected and corrected on rank 0
Label: 0
Log entry: TYPE=RAS COMPONENT=KERNEL LEVEL=INFO CONTENT=NFS Mount failed retrying
Label: 0
Log entry: TYPE=RAS COMPONENT=KERNEL LEVEL=FATAL CONTENT=rts: kernel terminated
Label: 1
Log entry: TYPE=RAS COMPONENT=APP LEVEL=FATAL CONTENT=ciod: error reading message header
Label: 1

Log entry: TYPE=RAS COMPONENT=KERNEL LEVEL=INFO CONTENT=generating core.50505
Label: 0
Log",0,191.62925599994196
1571,TYPE=RAS COMPONENT=KERNEL LEVEL=INFO CONTENT=iar 00106228 dear 0244c27c,0,- 1131059744 2005.11.03 R67-M1-N8-C:J10-U11 2005-11-03-15.15.44.150398 R67-M1-N8-C:J10-U11 RAS KERNEL INFO iar 00106228 dear 0244c27c,-,few_shot,1,0,". 1 means anomalous.
Do not explain your answer.
Do not output any other text.
Judge based mainly on the event content, not severity alone.

Examples:
Log entry: TYPE=RAS COMPONENT=KERNEL LEVEL=INFO CONTENT=ddr error(s) detected and corrected on rank 0
Label: 0
Log entry: TYPE=RAS COMPONENT=KERNEL LEVEL=INFO CONTENT=NFS Mount failed retrying
Label: 0
Log entry: TYPE=RAS COMPONENT=KERNEL LEVEL=FATAL CONTENT=rts: kernel terminated
Label: 1
Log entry: TYPE=RAS COMPONENT=APP LEVEL=FATAL CONTENT=ciod: error reading message header
Label: 1

Log entry: TYPE=RAS COMPONENT=KERNEL LEVEL=INFO CONTENT=iar 00106228 dear 0244c27c
Label: 0
Log",0,191.62925599994196
738,TYPE=RAS COMPONENT=KERNEL LEVEL=INFO CONTENT=generating core.8531,0,- 1120956527 2005.07.09 R37-M1-N7-C:J04-U11 2005-07-09-17.48.47.234245 R37-M1-N7-C:J04-U11 RAS KERNEL INFO generating core.8531,-,few_shot,0,1," LEVEL=INFO CONTENT=generating core.8531
Label: 0
Log",0,151.0545467499469
191,TYPE=RAS COMPONENT=KERNEL LEVEL=FATAL CONTENT=data storage interrupt,1,KERNSTOR 1118765631 2005.06.14 R12-M1-NC-C:J13-U11 2005-06-14-09.13.51.017266 R12-M1-NC-C:J13-U11 RAS KERNEL FATAL data storage interrupt,KERNSTOR,few_shot,1,1," 1

Log entry: TYPE=RAS COMPONENT=KERNEL LEVEL=FATAL CONTENT=data storage interrupt
Label: 1
Log",0,151.0545467499469
919,TYPE=RAS COMPONENT=KERNEL LEVEL=INFO CONTENT=generating core.11493,0,- 1121312306 2005.07.13 R35-M1-N0-C:J13-U01 2005-07-13-20.38.26.141724 R35-M1-N0-C:J13-U01 RAS KERNEL INFO generating core.11493,-,few_shot,0,1,"INFO CONTENT=generating core.11493
Label: 0
Log",0,151.0545467499469
456,"TYPE=RAS COMPONENT=KERNEL LEVEL=INFO CONTENT=CE sym 0, at 0x1b8594e0, mask 0x40",0,"- 1119859191 2005.06.27 R16-M1-N2-C:J17-U01 2005-06-27-00.59.51.127175 R16-M1-N2-C:J17-U01 RAS KERNEL INFO CE sym 0, at 0x1b8594e0, mask 0x40",-,few_shot,0,1," 0
Log",0,151.0545467499469
675,TYPE=RAS COMPONENT=KERNEL LEVEL=INFO CONTENT=generating core.14589,0,- 1120935334 2005.07.09 R21-M1-N0-C:J13-U11 2005-07-09-11.55.34.841282 R21-M1-N0-C:J13-U11 RAS KERNEL INFO generating core.14589,-,few_shot,0,1,"=RAS COMPONENT=KERNEL LEVEL=INFO CONTENT=generating core.14589
Label: 0
Log",0,151.50355524974657
760,TYPE=RAS COMPONENT=KERNEL LEVEL=INFO CONTENT=generating core.13753,0,- 1120968137 2005.07.09 R22-M0-ND-C:J13-U11 2005-07-09-21.02.17.017814 R22-M0-ND-C:J13-U11 RAS KERNEL INFO generating core.13753,-,few_shot,0,1,"=RAS COMPONENT=KERNEL LEVEL=INFO CONTENT=generating core.13753
Label: 0
Log",0,151.50355524974657
1807,TYPE=RAS COMPONENT=KERNEL LEVEL=INFO CONTENT=0 microseconds spent in the rbs signal handler during 0 calls. 0 microseconds was the maximum time for a single instance of a correctable ddr.,0,- 1133447703 2005.12.01 R11-M1-NA-C:J13-U01 2005-12-01-06.35.03.376951 R11-M1-NA-C:J13-U01 RAS KERNEL INFO 0 microseconds spent in the rbs signal handler during 0 calls. 0 microseconds was the maximum time for a single instance of a correctable ddr.,-,few_shot,0,1," 0
Log",0,151.50355524974657
1602,TYPE=RAS COMPONENT=KERNEL LEVEL=INFO CONTENT=2354412 floating point alignment exceptions,0,- 1131063678 2005.11.03 R41-M1-NE-C:J13-U11 2005-11-03-16.21.18.099781 R41-M1-NE-C:J13-U11 RAS KERNEL INFO 2354412 floating point alignment exceptions,-,few_shot,0,1,"KERNEL LEVEL=INFO CONTENT=2354412 floating point alignment exceptions
Label: 0
Log",0,151.50355524974657
728,TYPE=RAS COMPONENT=KERNEL LEVEL=INFO CONTENT=generating core.15753,0,- 1120940659 2005.07.09 R15-M1-N1-C:J10-U01 2005-07-09-13.24.19.559994 R15-M1-N1-C:J10-U01 RAS KERNEL INFO generating core.15753,-,few_shot,0,1," 0
Log",0,133.93048499983706
412,TYPE=RAS COMPONENT=KERNEL LEVEL=INFO CONTENT=generating core.10394,0,- 1119725008 2005.06.25 R21-M1-N5-C:J08-U01 2005-06-25-11.43.28.548275 R21-M1-N5-C:J08-U01 RAS KERNEL INFO generating core.10394,-,few_shot,0,1," 0
Log",0,133.93048499983706
1098,TYPE=RAS COMPONENT=KERNEL LEVEL=INFO CONTENT=generating core.23425,0,- 1122144072 2005.07.23 R33-M0-NB-C:J10-U01 2005-07-23-11.41.12.568550 R33-M0-NB-C:J10-U01 RAS KERNEL INFO generating core.23425,-,few_shot,0,1," 0
Log",0,133.93048499983706
825,TYPE=RAS COMPONENT=KERNEL LEVEL=INFO CONTENT=generating core.6425,0,- 1121172217 2005.07.12 R27-M1-NB-C:J12-U11 2005-07-12-05.43.37.421103 R27-M1-NB-C:J12-U11 RAS KERNEL INFO generating core.6425,-,few_shot,0,1,": 0
Log",0,133.93048499983706
1639,TYPE=RAS COMPONENT=KERNEL LEVEL=INFO CONTENT=iar 0010639c dear 0245b71c,0,- 1131127212 2005.11.04 R62-M0-NF-C:J03-U01 2005-11-04-10.00.12.875334 R62-M0-NF-C:J03-U01 RAS KERNEL INFO iar 0010639c dear 0245b71c,-,few_shot,0,1," 0
Log",0,134.33485099994869
616,TYPE=RAS COMPONENT=KERNEL LEVEL=INFO CONTENT=generating core.4592,0,- 1120788451 2005.07.07 R34-M0-N3-C:J17-U11 2005-07-07-19.07.31.240935 R34-M0-N3-C:J17-U11 RAS KERNEL INFO generating core.4592,-,few_shot,0,1,"=generating core.4592
Label: 0
Log",0,134.33485099994869
114,TYPE=RAS COMPONENT=KERNEL LEVEL=FATAL CONTENT=data TLB error interrupt,1,KERNDTLB 1118539682 2005.06.11 R30-M0-N9-C:J16-U01 2005-06-11-18.28.02.964604 R30-M0-N9-C:J16-U01 RAS KERNEL FATAL data TLB error interrupt,KERNDTLB,few_shot,1,1,"AS COMPONENT=KERNEL LEVEL=FATAL CONTENT=data TLB error interrupt
Label: 1
Log",0,134.33485099994869
417,TYPE=RAS COMPONENT=KERNEL LEVEL=INFO CONTENT=generating core.18261,0,- 1119725245 2005.06.25 R33-M1-NE-C:J11-U01 2005-06-25-11.47.25.436889 R33-M1-NE-C:J11-U01 RAS KERNEL INFO generating core.18261,-,few_shot,0,1,"ating core.18261
Label: 0
Log",0,134.33485099994869
1910,"TYPE=RAS COMPONENT=KERNEL LEVEL=INFO CONTENT=10676 total interrupts. 0 critical input interrupts. 0 microseconds total spent on critical input interrupts, 0 microseconds max time in a critical input interrupt.",0,"- 1133455467 2005.12.01 R40-M1-NE-C:J10-U11 2005-12-01-08.44.27.738774 R40-M1-NE-C:J10-U11 RAS KERNEL INFO 10676 total interrupts. 0 critical input interrupts. 0 microseconds total spent on critical input interrupts, 0 microseconds max time in a critical input interrupt.",-,few_shot,0,1," 0
Log",0,152.889054750176
969,TYPE=RAS COMPONENT=KERNEL LEVEL=INFO CONTENT=generating core.21016,0,- 1121495532 2005.07.15 R27-M0-NB-C:J16-U01 2005-07-15-23.32.12.622085 R27-M0-NB-C:J16-U01 RAS KERNEL INFO generating core.21016,-,few_shot,0,1," entry: TYPE=RAS COMPONENT=KERNEL LEVEL=INFO CONTENT=generating core.21016
Label: 0
Log",0,152.889054750176
604,TYPE=RAS COMPONENT=KERNEL LEVEL=INFO CONTENT=generating core.2950,0,- 1120772538 2005.07.07 R01-M1-N8-C:J06-U01 2005-07-07-14.42.18.270771 R01-M1-N8-C:J06-U01 RAS KERNEL INFO generating core.2950,-,few_shot,0,1,"

Log entry: TYPE=RAS COMPONENT=KERNEL LEVEL=INFO CONTENT=generating core.2950
Label: 0
Log",0,152.889054750176
1918,"TYPE=RAS COMPONENT=KERNEL LEVEL=INFO CONTENT=10730 total interrupts. 0 critical input interrupts. 0 microseconds total spent on critical input interrupts, 0 microseconds max time in a critical input interrupt.",0,"- 1133455631 2005.12.01 R24-M0-N5-C:J03-U11 2005-12-01-08.47.11.934066 R24-M0-N5-C:J03-U11 RAS KERNEL INFO 10730 total interrupts. 0 critical input interrupts. 0 microseconds total spent on critical input interrupts, 0 microseconds max time in a critical input interrupt.",-,few_shot,0,1," 0
Log",0,152.889054750176
89,"TYPE=RAS COMPONENT=KERNEL LEVEL=INFO CONTENT=CE sym 14, at 0x06047860, mask 0x20",0,"- 1118285722 2005.06.08 R15-M1-N6-C:J04-U11 2005-06-08-19.55.22.798062 R15-M1-N6-C:J04-U11 RAS KERNEL INFO CE sym 14, at 0x06047860, mask 0x20",-,few_shot,0,1," mask 0x20
Label: 0
Log",0,151.4339705004204
848,TYPE=RAS COMPONENT=KERNEL LEVEL=INFO CONTENT=115325776 double-hummer alignment exceptions,0,- 1121252570 2005.07.13 R01-M0-NE-C:J05-U11 2005-07-13-04.02.50.779636 R01-M0-NE-C:J05-U11 RAS KERNEL INFO 115325776 double-hummer alignment exceptions,-,few_shot,0,1,"INFO CONTENT=115325776 double-hummer alignment exceptions
Label: 0
Log",0,151.4339705004204
1519,TYPE=RAS COMPONENT=KERNEL LEVEL=FATAL CONTENT=rts: kernel terminated for reason 1004,1,KERNTERM 1130529580 2005.10.28 R63-M1-NF-C:J15-U11 2005-10-28-12.59.40.203147 R63-M1-NF-C:J15-U11 RAS KERNEL FATAL rts: kernel terminated for reason 1004,KERNTERM,few_shot,1,1,"AS COMPONENT=KERNEL LEVEL=FATAL CONTENT=rts: kernel terminated for reason 1004
Label: 1
Log",0,151.4339705004204
1917,"TYPE=RAS COMPONENT=KERNEL LEVEL=INFO CONTENT=10664 total interrupts. 0 critical input interrupts. 0 microseconds total spent on critical input interrupts, 0 microseconds max time in a critical input interrupt.",0,"- 1133455621 2005.12.01 R26-M0-N9-C:J06-U01 2005-12-01-08.47.01.109678 R26-M0-N9-C:J06-U01 RAS KERNEL INFO 10664 total interrupts. 0 critical input interrupts. 0 microseconds total spent on critical input interrupts, 0 microseconds max time in a critical input interrupt.",-,few_shot,0,1," 0
Log",0,151.4339705004204
753,TYPE=RAS COMPONENT=KERNEL LEVEL=INFO CONTENT=1401390016 double-hummer alignment exceptions,0,- 1120967922 2005.07.09 R14-M0-N9-C:J14-U01 2005-07-09-20.58.42.972274 R14-M0-N9-C:J14-U01 RAS KERNEL INFO 1401390016 double-hummer alignment exceptions,-,few_shot,0,1,"16 double-hummer alignment exceptions
Label: 0
Log",0,153.8611050000327
498,"TYPE=RAS COMPONENT=KERNEL LEVEL=INFO CONTENT=CE sym 22, at 0x049af800, mask 0x02",0,"- 1120201391 2005.07.01 R01-M1-ND-C:J03-U01 2005-07-01-00.03.11.095704 R01-M1-ND-C:J03-U01 RAS KERNEL INFO CE sym 22, at 0x049af800, mask 0x02",-,few_shot,0,1,": 0
Log",0,153.8611050000327
1276,TYPE=RAS COMPONENT=KERNEL LEVEL=INFO CONTENT=ciod: generated 128 core files for program /home/germann2/BGL-demo/SPaSM_mpi,0,- 1124741126 2005.08.22 R65-M0-NC-I:J18-U11 2005-08-22-13.05.26.526291 R65-M0-NC-I:J18-U11 RAS KERNEL INFO ciod: generated 128 core files for program /home/germann2/BGL-demo/SPaSM_mpi,-,few_shot,0,1," 0
Log",0,153.8611050000327
1325,TYPE=RAS COMPONENT=KERNEL LEVEL=INFO CONTENT=iar 003a926c dear 00f2b078,0,- 1125084695 2005.08.26 R64-M0-N1-C:J02-U01 2005-08-26-12.31.35.708190 R64-M0-N1-C:J02-U01 RAS KERNEL INFO iar 003a926c dear 00f2b078,-,few_shot,0,1,"78
Label: 0
Log",0,153.8611050000327
11,TYPE=RAS COMPONENT=KERNEL LEVEL=INFO CONTENT=generating core.2275,0,- 1117955341 2005.06.05 R25-M0-N7-C:J02-U01 2005-06-05-00.09.01.903373 R25-M0-N7-C:J02-U01 RAS KERNEL INFO generating core.2275,-,few_shot,0,1,"2275
Label: 0
Log",0,133.44288600001164
396,TYPE=RAS COMPONENT=KERNEL LEVEL=INFO CONTENT=generating core.50230,0,- 1119715342 2005.06.25 R31-M1-NE-C:J06-U11 2005-06-25-09.02.22.976560 R31-M1-NE-C:J06-U11 RAS KERNEL INFO generating core.50230,-,few_shot,0,1,"230
Label: 0
Log",0,133.44288600001164
284,TYPE=RAS COMPONENT=KERNEL LEVEL=FATAL CONTENT=machine state register: 0x00002000,0,- 1118772070 2005.06.14 R21-M1-N2-C:J10-U11 2005-06-14-11.01.10.339106 R21-M1-N2-C:J10-U11 RAS KERNEL FATAL machine state register: 0x00002000,-,few_shot,0,1," 0
Log",0,133.44288600001164
1066,TYPE=RAS COMPONENT=KERNEL LEVEL=INFO CONTENT=8 floating point alignment exceptions,0,- 1121904574 2005.07.20 R10-M1-ND-C:J17-U11 2005-07-20-17.09.34.845947 R10-M1-ND-C:J17-U11 RAS KERNEL INFO 8 floating point alignment exceptions,-,few_shot,0,1," CONTENT=8 floating point alignment exceptions
Label: 0
Log",0,133.44288600001164
1191,TYPE=RAS COMPONENT=KERNEL LEVEL=INFO CONTENT=generating core.63787,0,- 1122431540 2005.07.26 R14-M0-N9-C:J04-U11 2005-07-26-19.32.20.863604 R14-M0-N9-C:J04-U11 RAS KERNEL INFO generating core.63787,-,few_shot,0,1,"AS COMPONENT=KERNEL LEVEL=INFO CONTENT=generating core.63787
Label: 0
Log",0,152.6899677496658
1744,TYPE=RAS COMPONENT=KERNEL LEVEL=INFO CONTENT=ciod: generated 128 core files for program /bgl/apps/followup/SPaSM_static/SPaSM_mpi.new_comp,0,- 1131712792 2005.11.11 R31-M0-N8-I:J18-U01 2005-11-11-04.39.52.183132 R31-M0-N8-I:J18-U01 RAS KERNEL INFO ciod: generated 128 core files for program /bgl/apps/followup/SPaSM_static/SPaSM_mpi.new_comp,-,few_shot,0,1," 0
Log",0,152.6899677496658
690,TYPE=RAS COMPONENT=KERNEL LEVEL=INFO CONTENT=generating core.50841,0,- 1120938093 2005.07.09 R27-M0-N7-C:J10-U01 2005-07-09-12.41.33.279413 R27-M0-N7-C:J10-U01 RAS KERNEL INFO generating core.50841,-,few_shot,0,1,"AS COMPONENT=KERNEL LEVEL=INFO CONTENT=generating core.50841
Label: 0
Log",0,152.6899677496658
1752,TYPE=RAS COMPONENT=KERNEL LEVEL=INFO CONTENT=ciod: generated 64 core files for program /bgl/apps/followup/hellow/a.out.1111,0,- 1132069983 2005.11.15 R34-M1-N4-I:J18-U01 2005-11-15-07.53.03.697929 R34-M1-N4-I:J18-U01 RAS KERNEL INFO ciod: generated 64 core files for program /bgl/apps/followup/hellow/a.out.1111,-,few_shot,1,0,"1
Label: 0
Log",0,152.6899677496658
1875,"TYPE=RAS COMPONENT=KERNEL LEVEL=INFO CONTENT=10698 total interrupts. 0 critical input interrupts. 0 microseconds total spent on critical input interrupts, 0 microseconds max time in a critical input interrupt.",0,"- 1133454722 2005.12.01 R11-M1-ND-C:J09-U01 2005-12-01-08.32.02.378980 R11-M1-ND-C:J09-U01 RAS KERNEL INFO 10698 total interrupts. 0 critical input interrupts. 0 microseconds total spent on critical input interrupts, 0 microseconds max time in a critical input interrupt.",-,few_shot,0,1," 0
Log",0,151.5964969999004
689,TYPE=RAS COMPONENT=KERNEL LEVEL=INFO CONTENT=generating core.5235,0,- 1120938048 2005.07.09 R30-M0-NB-C:J03-U11 2005-07-09-12.40.48.888712 R30-M0-NB-C:J03-U11 RAS KERNEL INFO generating core.5235,-,few_shot,0,1,"

Log entry: TYPE=RAS COMPONENT=KERNEL LEVEL=INFO CONTENT=generating core.5235
Label: 0
Log",0,151.5964969999004
851,TYPE=RAS COMPONENT=KERNEL LEVEL=INFO CONTENT=115193048 double-hummer alignment exceptions,0,- 1121252628 2005.07.13 R34-M0-N0-C:J17-U11 2005-07-13-04.03.48.756221 R34-M0-N0-C:J17-U11 RAS KERNEL INFO 115193048 double-hummer alignment exceptions,-,few_shot,0,1,"INFO CONTENT=115193048 double-hummer alignment exceptions
Label: 0
Log",0,151.5964969999004
159,TYPE=RAS COMPONENT=KERNEL LEVEL=FATAL CONTENT=data TLB error interrupt,1,KERNDTLB 1118555531 2005.06.11 R30-M0-N9-C:J16-U01 2005-06-11-22.52.11.070355 R30-M0-N9-C:J16-U01 RAS KERNEL FATAL data TLB error interrupt,KERNDTLB,few_shot,1,1," reading message header
Label: 1

Log entry: TYPE=RAS COMPONENT=KERNEL LEVEL=FATAL CONTENT=data TLB error interrupt
Label: 1
Log",0,151.5964969999004
895,TYPE=RAS COMPONENT=KERNEL LEVEL=INFO CONTENT=generating core.17467,0,- 1121311028 2005.07.13 R20-M1-ND-C:J05-U11 2005-07-13-20.17.08.205986 R20-M1-ND-C:J05-U11 RAS KERNEL INFO generating core.17467,-,few_shot,0,1,": 0
Log",0,133.56552875029593
1575,TYPE=RAS COMPONENT=KERNEL LEVEL=INFO CONTENT=487476 floating point alignment exceptions,0,- 1131060130 2005.11.03 R67-M1-NF-C:J10-U01 2005-11-03-15.22.10.405323 R67-M1-NF-C:J10-U01 RAS KERNEL INFO 487476 floating point alignment exceptions,-,few_shot,0,1," 0
Log",0,133.56552875029593
257,TYPE=RAS COMPONENT=KERNEL LEVEL=FATAL CONTENT=floating point instr. enabled.....1,0,- 1118771007 2005.06.14 R27-M0-N2-C:J12-U11 2005-06-14-10.43.27.316459 R27-M0-N2-C:J12-U11 RAS KERNEL FATAL floating point instr. enabled.....1,-,few_shot,1,0,"
Label: 1
Log",0,133.56552875029593
335,TYPE=RAS COMPONENT=KERNEL LEVEL=INFO CONTENT=generating core.8531,0,- 1118911762 2005.06.16 R34-M0-NF-C:J03-U01 2005-06-16-01.49.22.748250 R34-M0-NF-C:J03-U01 RAS KERNEL INFO generating core.8531,-,few_shot,0,1,"Label: 0
Log",0,133.56552875029593
1879,TYPE=RAS COMPONENT=KERNEL LEVEL=INFO CONTENT=0 microseconds spent in the rbs signal handler during 0 calls. 0 microseconds was the maximum time for a single instance of a correctable ddr.,0,- 1133454739 2005.12.01 R05-M1-N2-C:J08-U01 2005-12-01-08.32.19.913638 R05-M1-N2-C:J08-U01 RAS KERNEL INFO 0 microseconds spent in the rbs signal handler during 0 calls. 0 microseconds was the maximum time for a single instance of a correctable ddr.,-,few_shot,0,1," 0
Log",0,151.9700082503732
1039,TYPE=RAS COMPONENT=KERNEL LEVEL=INFO CONTENT=8 floating point alignment exceptions,0,- 1121901046 2005.07.20 R00-M1-NF-C:J04-U11 2005-07-20-16.10.46.120814 R00-M1-NF-C:J04-U11 RAS KERNEL INFO 8 floating point alignment exceptions,-,few_shot,1,0,": 1

Log entry: TYPE=RAS COMPONENT=KERNEL LEVEL=INFO CONTENT=8 floating point alignment exceptions
Label: 0
Log",0,151.9700082503732
515,TYPE=RAS COMPONENT=KERNEL LEVEL=INFO CONTENT=generating core.2210,0,- 1120217052 2005.07.01 R17-M1-N7-C:J08-U01 2005-07-01-04.24.12.881758 R17-M1-N7-C:J08-U01 RAS KERNEL INFO generating core.2210,-,few_shot,0,1,": TYPE=RAS COMPONENT=KERNEL LEVEL=INFO CONTENT=generating core.2210
Label: 0
Log",0,151.9700082503732
1348,TYPE=RAS COMPONENT=KERNEL LEVEL=INFO CONTENT=38029258 double-hummer alignment exceptions,0,- 1125222384 2005.08.28 R50-M1-N1-C:J05-U11 2005-08-28-02.46.24.315745 R50-M1-N1-C:J05-U11 RAS KERNEL INFO 38029258 double-hummer alignment exceptions,-,few_shot,0,1," CONTENT=38029258 double-hummer alignment exceptions
Label: 0
Log",0,151.9700082503732
1015,TYPE=RAS COMPONENT=KERNEL LEVEL=INFO CONTENT=generating core.26734,0,- 1121599560 2005.07.17 R10-M0-NC-C:J09-U11 2005-07-17-04.26.00.533212 R10-M0-NC-C:J09-U11 RAS KERNEL INFO generating core.26734,-,few_shot,0,1,"INFO CONTENT=generating core.26734
Label: 0
Log",0,152.66954699973212
768,TYPE=RAS COMPONENT=KERNEL LEVEL=INFO CONTENT=generating core.5167,0,- 1120968838 2005.07.09 R11-M0-N2-C:J04-U11 2005-07-09-21.13.58.391696 R11-M0-N2-C:J04-U11 RAS KERNEL INFO generating core.5167,-,few_shot,0,1," LEVEL=INFO CONTENT=generating core.5167
Label: 0
Log",0,152.66954699973212
1746,"TYPE=RAS COMPONENT=KERNEL LEVEL=INFO CONTENT=CE sym 25, at 0x12127ee0, mask 0x10",0,"- 1131764302 2005.11.11 R23-M1-N0-C:J08-U11 2005-11-11-18.58.22.474164 R23-M1-N0-C:J08-U11 RAS KERNEL INFO CE sym 25, at 0x12127ee0, mask 0x10",-,few_shot,0,1," 0
Log",0,152.66954699973212
761,TYPE=RAS COMPONENT=KERNEL LEVEL=INFO CONTENT=generating core.23542,0,- 1120968273 2005.07.09 R33-M0-N2-C:J07-U11 2005-07-09-21.04.33.975556 R33-M0-N2-C:J07-U11 RAS KERNEL INFO generating core.23542,-,few_shot,0,1,"INFO CONTENT=generating core.23542
Label: 0
Log",0,152.66954699973212
1246,"TYPE=RAS COMPONENT=APP LEVEL=FATAL CONTENT=ciod: Error loading /bgl/apps/scaletest/performance/MINIBEN/mb_243_0810/allreduce.rts: invalid or missing program image, Exec format error",0,"- 1123914842 2005.08.12 R66-M0-N8-I:J18-U01 2005-08-12-23.34.02.183112 R66-M0-N8-I:J18-U01 RAS APP FATAL ciod: Error loading /bgl/apps/scaletest/performance/MINIBEN/mb_243_0810/allreduce.rts: invalid or missing program image, Exec format error",-,few_shot,1,0,"letest/performance/MINIBEN/mb_243_0810/allreduce.rts: invalid or missing program image, Exec format error
Label: 1
Log",0,160.79299324974272
1203,"TYPE=NULL COMPONENT=DISCOVERY LEVEL=INFO CONTENT=Node card VPD check: U11 node in processor card slot J16 do not match. VPD ecid 04DF80A7942FFFFF0C081AE08CD2, found 0000000000000000000000000000",0,"- 1123030693 2005.08.02 R00-M0-ND 2005-08-02-17.58.13.994269 R00-M0-ND NULL DISCOVERY INFO Node card VPD check: U11 node in processor card slot J16 do not match. VPD ecid 04DF80A7942FFFFF0C081AE08CD2, found 0000000000000000000000000000",-,few_shot,1,0," 1
Log",0,160.79299324974272
1467,TYPE=RAS COMPONENT=KERNEL LEVEL=INFO CONTENT=ciod: generated 64 core files for program /home/spelce1/HPCC_IBM/TomAndJeff/bin/tested_copro/tested_copro.rts,0,- 1127960557 2005.09.28 R12-M1-N4-I:J18-U01 2005-09-28-19.22.37.311035 R12-M1-N4-I:J18-U01 RAS KERNEL INFO ciod: generated 64 core files for program /home/spelce1/HPCC_IBM/TomAndJeff/bin/tested_copro/tested_copro.rts,-,few_shot,0,1,"=INFO CONTENT=ciod: generated 64 core files for program /home/spelce1/HPCC_IBM/TomAndJeff/bin/tested_copro/tested_copro.rts
Label: 0
Log",0,160.79299324974272
1983,TYPE=RAS COMPONENT=KERNEL LEVEL=INFO CONTENT=ciod: pollControlDescriptors: Detected the debugger died.,0,- 1134784680 2005.12.16 R66-M0-N8-I:J18-U01 2005-12-16-17.58.00.577715 R66-M0-N8-I:J18-U01 RAS KERNEL INFO ciod: pollControlDescriptors: Detected the debugger died.,-,few_shot,1,0,"KERNEL LEVEL=FATAL CONTENT=rts: kernel terminated
Label: 1
Log entry: TYPE=RAS COMPONENT=APP LEVEL=FATAL CONTENT=ciod: error reading message header
Label: 1

Log entry: TYPE=RAS COMPONENT=KERNEL LEVEL=INFO CONTENT=ciod: pollControlDescriptors: Detected the debugger died.
Label: 1
Log",0,160.79299324974272
521,TYPE=NULL COMPONENT=DISCOVERY LEVEL=INFO CONTENT=Ido chip status changed: FF:F2:9F:16:E2:23:00:0D:60:E9:1D:DC ip=10.0.0.151 v=9 t=4 status=M Fri Jul 01 08:16:53 PDT 2005,0,- 1120231520 2005.07.01 UNKNOWN_LOCATION 2005-07-01-08.25.20.466953 UNKNOWN_LOCATION NULL DISCOVERY INFO Ido chip status changed: FF:F2:9F:16:E2:23:00:0D:60:E9:1D:DC ip=10.0.0.151 v=9 t=4 status=M Fri Jul 01 08:16:53 PDT 2005,-,few_shot,0,1," 0
Log",0,160.62308549999216
22,TYPE=RAS COMPONENT=KERNEL LEVEL=INFO CONTENT=generating core.1125,0,- 1117974463 2005.06.05 R27-M0-N6-C:J10-U01 2005-06-05-05.27.43.336565 R27-M0-N6-C:J10-U01 RAS KERNEL INFO generating core.1125,-,few_shot,1,0,"=KERNEL LEVEL=FATAL CONTENT=rts: kernel terminated
Label: 1
Log entry: TYPE=RAS COMPONENT=APP LEVEL=FATAL CONTENT=ciod: error reading message header
Label: 1

Log entry: TYPE=RAS COMPONENT=KERNEL LEVEL=INFO CONTENT=generating core.1125
Label: 0
Log",0,160.62308549999216
356,TYPE=RAS COMPONENT=KERNEL LEVEL=INFO CONTENT=generating core.2558,0,- 1119291044 2005.06.20 R12-M1-N2-C:J09-U11 2005-06-20-11.10.44.787932 R12-M1-N2-C:J09-U11 RAS KERNEL INFO generating core.2558,-,few_shot,1,0,"=KERNEL LEVEL=FATAL CONTENT=rts: kernel terminated
Label: 1
Log entry: TYPE=RAS COMPONENT=APP LEVEL=FATAL CONTENT=ciod: error reading message header
Label: 1

Log entry: TYPE=RAS COMPONENT=KERNEL LEVEL=INFO CONTENT=generating core.2558
Label: 0
Log",0,160.62308549999216
1277,TYPE=RAS COMPONENT=KERNEL LEVEL=INFO CONTENT=ciod: generated 128 core files for program /home/germann2/BGL-demo/SPaSM_mpi,0,- 1124741161 2005.08.22 R04-M1-N8-I:J18-U11 2005-08-22-13.06.01.351555 R04-M1-N8-I:J18-U11 RAS KERNEL INFO ciod: generated 128 core files for program /home/germann2/BGL-demo/SPaSM_mpi,-,few_shot,1,0," reading message header
Label: 1

Log entry: TYPE=RAS COMPONENT=KERNEL LEVEL=INFO CONTENT=ciod: generated 128 core files for program /home/germann2/BGL-demo/SPaSM_mpi
Label: 0
Log",0,160.62308549999216
1312,TYPE=RAS COMPONENT=KERNEL LEVEL=INFO CONTENT=iar 003a9260 dear 00ef6c38,0,- 1125084314 2005.08.26 R74-M0-ND-C:J09-U11 2005-08-26-12.25.14.255206 R74-M0-ND-C:J09-U11 RAS KERNEL INFO iar 003a9260 dear 00ef6c38,-,few_shot,0,1," 0
Log",0,135.4047944996637
1682,TYPE=RAS COMPONENT=KERNEL LEVEL=INFO CONTENT=407736 floating point alignment exceptions,0,- 1131148249 2005.11.04 R63-M0-N0-C:J03-U01 2005-11-04-15.50.49.414886 R63-M0-N0-C:J03-U01 RAS KERNEL INFO 407736 floating point alignment exceptions,-,few_shot,0,1,"36 floating point alignment exceptions
Label: 0
Log",0,135.4047944996637
340,TYPE=RAS COMPONENT=KERNEL LEVEL=INFO CONTENT=generating core.2605,0,- 1118916047 2005.06.16 R21-M1-N4-C:J12-U11 2005-06-16-03.00.47.249279 R21-M1-N4-C:J12-U11 RAS KERNEL INFO generating core.2605,-,few_shot,0,1,"generating core.2605
Label: 0
Log",0,135.4047944996637
431,TYPE=RAS COMPONENT=KERNEL LEVEL=INFO CONTENT=generating core.21112,0,- 1119802755 2005.06.26 R03-M0-N9-C:J09-U01 2005-06-26-09.19.15.022089 R03-M0-N9-C:J09-U01 RAS KERNEL INFO generating core.21112,-,few_shot,0,1," core.21112
Label: 0
Log",0,135.4047944996637
473,TYPE=RAS COMPONENT=KERNEL LEVEL=INFO CONTENT=generating core.6040,0,- 1120145227 2005.06.30 R22-M1-N3-C:J14-U01 2005-06-30-08.27.07.043050 R22-M1-N3-C:J14-U01 RAS KERNEL INFO generating core.6040,-,few_shot,0,1,": 0
Log",0,134.1873402498095
217,TYPE=RAS COMPONENT=KERNEL LEVEL=FATAL CONTENT=data storage interrupt,1,KERNSTOR 1118768087 2005.06.14 R16-M0-N4-C:J02-U11 2005-06-14-09.54.47.139055 R16-M0-N4-C:J02-U11 RAS KERNEL FATAL data storage interrupt,KERNSTOR,few_shot,1,1," CONTENT=data storage interrupt
Label: 1
Log",0,134.1873402498095
911,TYPE=RAS COMPONENT=KERNEL LEVEL=INFO CONTENT=generating core.27698,0,- 1121312027 2005.07.13 R31-M1-N9-C:J09-U11 2005-07-13-20.33.47.220912 R31-M1-N9-C:J09-U11 RAS KERNEL INFO generating core.27698,-,few_shot,0,1," 0
Log",0,134.1873402498095
1227,TYPE=NULL COMPONENT=DISCOVERY LEVEL=WARNING CONTENT=Node card is not fully functional,0,- 1123609246 2005.08.09 R51-M1-ND 2005-08-09-10.40.46.749252 R51-M1-ND NULL DISCOVERY WARNING Node card is not fully functional,-,few_shot,0,1,"
Label: 0
Log",0,134.1873402498095
1596,TYPE=RAS COMPONENT=KERNEL LEVEL=INFO CONTENT=iar 00106534 dear 045e145c,0,- 1131061783 2005.11.03 R64-M1-N3-C:J05-U11 2005-11-03-15.49.43.212690 R64-M1-N3-C:J05-U11 RAS KERNEL INFO iar 00106534 dear 045e145c,-,few_shot,0,1,"45e145c
Label: 0
Log",0,151.22393900037423
1011,TYPE=RAS COMPONENT=KERNEL LEVEL=INFO CONTENT=generating core.29025,0,- 1121599282 2005.07.17 R04-M1-NB-C:J13-U11 2005-07-17-04.21.22.640231 R04-M1-NB-C:J13-U11 RAS KERNEL INFO generating core.29025,-,few_shot,0,1,"AS COMPONENT=KERNEL LEVEL=INFO CONTENT=generating core.29025
Label: 0
Log",0,151.22393900037423
1949,"TYPE=RAS COMPONENT=KERNEL LEVEL=INFO CONTENT=critical input interrupt (unit=0x0b bit=0x17): warning for tree C1 wire, suppressing further interrupts of same type",0,"- 1133913870 2005.12.06 R01-M0-N0-C:J04-U01 2005-12-06-16.04.30.188673 R01-M0-N0-C:J04-U01 RAS KERNEL INFO critical input interrupt (unit=0x0b bit=0x17): warning for tree C1 wire, suppressing further interrupts of same type",-,few_shot,0,1," 0
Log",0,151.22393900037423
93,TYPE=RAS COMPONENT=KERNEL LEVEL=INFO CONTENT=generating core.1694,0,- 1118301090 2005.06.09 R21-M1-NA-C:J07-U11 2005-06-09-00.11.30.925676 R21-M1-NA-C:J07-U11 RAS KERNEL INFO generating core.1694,-,few_shot,0,1," TYPE=RAS COMPONENT=KERNEL LEVEL=INFO CONTENT=generating core.1694
Label: 0
Log",0,151.22393900037423
1008,TYPE=RAS COMPONENT=KERNEL LEVEL=INFO CONTENT=generating core.52833,0,- 1121599136 2005.07.17 R07-M1-ND-C:J11-U11 2005-07-17-04.18.56.608263 R07-M1-ND-C:J11-U11 RAS KERNEL INFO generating core.52833,-,few_shot,0,1," entry: TYPE=RAS COMPONENT=KERNEL LEVEL=INFO CONTENT=generating core.52833
Label: 0
Log",0,151.48105600019335
1070,TYPE=RAS COMPONENT=KERNEL LEVEL=INFO CONTENT=generating core.7830,0,- 1122132688 2005.07.23 R16-M0-N8-C:J09-U01 2005-07-23-08.31.28.200982 R16-M0-N8-C:J09-U01 RAS KERNEL INFO generating core.7830,-,few_shot,0,1,"

Log entry: TYPE=RAS COMPONENT=KERNEL LEVEL=INFO CONTENT=generating core.7830
Label: 0
Log",0,151.48105600019335
1092,TYPE=RAS COMPONENT=KERNEL LEVEL=INFO CONTENT=generating core.18632,0,- 1122143971 2005.07.23 R24-M1-N3-C:J16-U01 2005-07-23-11.39.31.111761 R24-M1-N3-C:J16-U01 RAS KERNEL INFO generating core.18632,-,few_shot,0,1," entry: TYPE=RAS COMPONENT=KERNEL LEVEL=INFO CONTENT=generating core.18632
Label: 0
Log",0,151.48105600019335
1914,"TYPE=RAS COMPONENT=KERNEL LEVEL=INFO CONTENT=10712 total interrupts. 0 critical input interrupts. 0 microseconds total spent on critical input interrupts, 0 microseconds max time in a critical input interrupt.",0,"- 1133455498 2005.12.01 R45-M1-NC-C:J07-U01 2005-12-01-08.44.58.904349 R45-M1-NC-C:J07-U01 RAS KERNEL INFO 10712 total interrupts. 0 critical input interrupts. 0 microseconds total spent on critical input interrupts, 0 microseconds max time in a critical input interrupt.",-,few_shot,0,1," 0
Log",0,151.48105600019335
1308,TYPE=RAS COMPONENT=KERNEL LEVEL=INFO CONTENT=iar 003a92a0 dear 013611f8,0,- 1125084172 2005.08.26 R67-M1-N6-C:J02-U11 2005-08-26-12.22.52.773900 R67-M1-N6-C:J02-U11 RAS KERNEL INFO iar 003a92a0 dear 013611f8,-,few_shot,0,1,"0 dear 013611f8
Label: 0
Log",0,152.96767149993684
696,TYPE=RAS COMPONENT=KERNEL LEVEL=INFO CONTENT=generating core.4622,0,- 1120938451 2005.07.09 R16-M1-NA-C:J08-U01 2005-07-09-12.47.31.928637 R16-M1-NA-C:J08-U01 RAS KERNEL INFO generating core.4622,-,few_shot,0,1,"

Log entry: TYPE=RAS COMPONENT=KERNEL LEVEL=INFO CONTENT=generating core.4622
Label: 0
Log",0,152.96767149993684
1827,"TYPE=RAS COMPONENT=KERNEL LEVEL=INFO CONTENT=10660 total interrupts. 0 critical input interrupts. 0 microseconds total spent on critical input interrupts, 0 microseconds max time in a critical input interrupt.",0,"- 1133448110 2005.12.01 R56-M0-N9-C:J08-U01 2005-12-01-06.41.50.888337 R56-M0-N9-C:J08-U01 RAS KERNEL INFO 10660 total interrupts. 0 critical input interrupts. 0 microseconds total spent on critical input interrupts, 0 microseconds max time in a critical input interrupt.",-,few_shot,0,1," 0
Log",0,152.96767149993684
996,TYPE=RAS COMPONENT=KERNEL LEVEL=INFO CONTENT=generating core.21374,0,- 1121598150 2005.07.17 R23-M0-NA-C:J09-U11 2005-07-17-04.02.30.872103 R23-M0-NA-C:J09-U11 RAS KERNEL INFO generating core.21374,-,few_shot,0,1," entry: TYPE=RAS COMPONENT=KERNEL LEVEL=INFO CONTENT=generating core.21374
Label: 0
Log",0,152.96767149993684
153,TYPE=RAS COMPONENT=KERNEL LEVEL=FATAL CONTENT=data TLB error interrupt,1,KERNDTLB 1118553888 2005.06.11 R30-M0-N9-C:J16-U01 2005-06-11-22.24.48.384418 R30-M0-N9-C:J16-U01 RAS KERNEL FATAL data TLB error interrupt,KERNDTLB,few_shot,0,0,"Label: 0
Log entry: TYPE=RAS COMPONENT=KERNEL LEVEL=INFO CONTENT=NFS Mount failed retrying
Label: 0
Log entry: TYPE=RAS COMPONENT=KERNEL LEVEL=FATAL CONTENT=rts: kernel terminated
Label: 1
Log entry: TYPE=RAS COMPONENT=APP LEVEL=FATAL CONTENT=ciod: error reading message header
Label: 1

Log entry: TYPE=RAS COMPONENT=KERNEL LEVEL=FATAL CONTENT=data TLB error interrupt
Label: 1
Log",0,171.7599449998488
1099,TYPE=RAS COMPONENT=KERNEL LEVEL=INFO CONTENT=15 floating point alignment exceptions,0,- 1122147215 2005.07.23 R01-M1-N1-C:J03-U11 2005-07-23-12.33.35.436731 R01-M1-N1-C:J03-U11 RAS KERNEL INFO 15 floating point alignment exceptions,-,few_shot,0,1,"
Log entry: TYPE=RAS COMPONENT=KERNEL LEVEL=INFO CONTENT=NFS Mount failed retrying
Label: 0
Log entry: TYPE=RAS COMPONENT=KERNEL LEVEL=FATAL CONTENT=rts: kernel terminated
Label: 1
Log entry: TYPE=RAS COMPONENT=APP LEVEL=FATAL CONTENT=ciod: error reading message header
Label: 1

Log entry: TYPE=RAS COMPONENT=KERNEL LEVEL=INFO CONTENT=15 floating point alignment exceptions
Label: 0
Log",0,171.7599449998488
1718,"TYPE=RAS COMPONENT=KERNEL LEVEL=FATAL CONTENT=Error receiving packet on tree network, expecting type 57 instead of type 3 (softheader=00589370 90990003 00000002 00000000) PSR0=00001f01 PSR1=00000000 PRXF=00000002 PIXF=00000007",1,"KERNREC 1131499523 2005.11.08 R62-M0-N2-C:J09-U11 2005-11-08-17.25.23.131318 R62-M0-N2-C:J09-U11 RAS KERNEL FATAL Error receiving packet on tree network, expecting type 57 instead of type 3 (softheader=00589370 90990003 00000002 00000000) PSR0=00001f01 PSR1=00000000 PRXF=00000002 PIXF=00000007",KERNREC,few_shot,1,1," 1
Log",0,171.7599449998488
1997,TYPE=RAS COMPONENT=KERNEL LEVEL=INFO CONTENT=instruction cache parity error corrected,0,- 1135669517 2005.12.26 R37-M1-NC-C:J02-U11 2005-12-26-23.45.17.825965 R37-M1-NC-C:J02-U11 RAS KERNEL INFO instruction cache parity error corrected,-,few_shot,0,1," 0
Log entry: TYPE=RAS COMPONENT=KERNEL LEVEL=INFO CONTENT=NFS Mount failed retrying
Label: 0
Log entry: TYPE=RAS COMPONENT=KERNEL LEVEL=FATAL CONTENT=rts: kernel terminated
Label: 1
Log entry: TYPE=RAS COMPONENT=APP LEVEL=FATAL CONTENT=ciod: error reading message header
Label: 1

Log entry: TYPE=RAS COMPONENT=KERNEL LEVEL=INFO CONTENT=instruction cache parity error corrected
Label: 0
Log",0,171.7599449998488
789,TYPE=RAS COMPONENT=KERNEL LEVEL=INFO CONTENT=generating core.22283,0,- 1120969497 2005.07.09 R27-M1-ND-C:J02-U01 2005-07-09-21.24.57.796889 R27-M1-ND-C:J02-U01 RAS KERNEL INFO generating core.22283,-,few_shot,1,0,"=ciod: error reading message header
Label: 1

Log entry: TYPE=RAS COMPONENT=KERNEL LEVEL=INFO CONTENT=generating core.22283
Label: 0
Log",0,155.4650644998219
580,TYPE=RAS COMPONENT=KERNEL LEVEL=INFO CONTENT=generating core.25568,0,- 1120469475 2005.07.04 R33-M1-N7-C:J15-U01 2005-07-04-02.31.15.977001 R33-M1-N7-C:J15-U01 RAS KERNEL INFO generating core.25568,-,few_shot,1,0,"=ciod: error reading message header
Label: 1

Log entry: TYPE=RAS COMPONENT=KERNEL LEVEL=INFO CONTENT=generating core.25568
Label: 0
Log",0,155.4650644998219
703,TYPE=RAS COMPONENT=KERNEL LEVEL=INFO CONTENT=generating core.55384,0,- 1120939508 2005.07.09 R21-M0-N9-C:J17-U01 2005-07-09-13.05.08.134359 R21-M0-N9-C:J17-U01 RAS KERNEL INFO generating core.55384,-,few_shot,1,0,"=ciod: error reading message header
Label: 1

Log entry: TYPE=RAS COMPONENT=KERNEL LEVEL=INFO CONTENT=generating core.55384
Label: 0
Log",0,155.4650644998219
1212,"TYPE=RAS COMPONENT=MMCS LEVEL=ERROR CONTENT=idoproxydb hit ASSERT condition: ASSERT expression=0 Source file=idotransportmgr.cpp Source line=1043 Function=int IdoTransportMgr::SendPacket(IdoUdpMgr*, BglCtlPavTrace*)",0,"- 1123110843 2005.08.03 NULL 2005-08-03-16.14.03.884634 NULL RAS MMCS ERROR idoproxydb hit ASSERT condition: ASSERT expression=0 Source file=idotransportmgr.cpp Source line=1043 Function=int IdoTransportMgr::SendPacket(IdoUdpMgr*, BglCtlPavTrace*)",-,few_shot,1,0," 1
Log",0,155.4650644998219
1295,TYPE=RAS COMPONENT=KERNEL LEVEL=INFO CONTENT=iar 003a92a0 dear 00efd358,0,- 1125083510 2005.08.26 R65-M1-N5-C:J14-U11 2005-08-26-12.11.50.217747 R65-M1-N5-C:J14-U11 RAS KERNEL INFO iar 003a92a0 dear 00efd358,-,few_shot,0,1,"efd358
Label: 0
Log",0,152.49383424998086
1665,TYPE=RAS COMPONENT=KERNEL LEVEL=INFO CONTENT=iar 001069a8 dear 02f7bd7c,0,- 1131131553 2005.11.04 R63-M0-NE-C:J11-U11 2005-11-04-11.12.33.858917 R63-M0-NE-C:J11-U11 RAS KERNEL INFO iar 001069a8 dear 02f7bd7c,-,few_shot,0,1,"bd7c
Label: 0
Log",0,152.49383424998086
1260,"TYPE=RAS COMPONENT=KERNEL LEVEL=INFO CONTENT=CE sym 22, at 0x009c14e0, mask 0x20",0,"- 1124225022 2005.08.16 R06-M0-NB-C:J16-U01 2005-08-16-13.43.42.931133 R06-M0-NB-C:J16-U01 RAS KERNEL INFO CE sym 22, at 0x009c14e0, mask 0x20",-,few_shot,0,1," 0
Log",0,152.49383424998086
487,TYPE=RAS COMPONENT=KERNEL LEVEL=INFO CONTENT=generating core.1916,0,- 1120148424 2005.06.30 R06-M1-N2-C:J15-U11 2005-06-30-09.20.24.416584 R06-M1-N2-C:J15-U11 RAS KERNEL INFO generating core.1916,-,few_shot,0,1,"KERNEL LEVEL=INFO CONTENT=generating core.1916
Label: 0
Log",0,152.49383424998086
559,TYPE=RAS COMPONENT=KERNEL LEVEL=INFO CONTENT=generating core.848,0,- 1120351629 2005.07.02 R04-M0-N9-C:J17-U01 2005-07-02-17.47.09.816142 R04-M0-N9-C:J17-U01 RAS KERNEL INFO generating core.848,-,few_shot,0,1,": 0
Log",0,132.49725449986727
1141,TYPE=RAS COMPONENT=KERNEL LEVEL=INFO CONTENT=685 floating point alignment exceptions,0,- 1122167255 2005.07.23 R16-M1-NB-C:J06-U01 2005-07-23-18.07.35.329193 R16-M1-NB-C:J06-U01 RAS KERNEL INFO 685 floating point alignment exceptions,-,few_shot,0,1,": 0
Log",0,132.49725449986727
1119,TYPE=RAS COMPONENT=KERNEL LEVEL=INFO CONTENT=5 floating point alignment exceptions,0,- 1122165437 2005.07.23 R16-M0-ND-C:J02-U11 2005-07-23-17.37.17.280587 R16-M0-ND-C:J02-U11 RAS KERNEL INFO 5 floating point alignment exceptions,-,few_shot,0,1,"
Label: 0
Log",0,132.49725449986727
801,TYPE=RAS COMPONENT=KERNEL LEVEL=INFO CONTENT=generating core.3959,0,- 1120972589 2005.07.09 R04-M1-N0-C:J05-U01 2005-07-09-22.16.29.497623 R04-M1-N0-C:J05-U01 RAS KERNEL INFO generating core.3959,-,few_shot,0,1," 0
Log",0,132.49725449986727
512,TYPE=RAS COMPONENT=KERNEL LEVEL=INFO CONTENT=generating core.15655,0,- 1120216974 2005.07.01 R10-M0-N2-C:J02-U01 2005-07-01-04.22.54.950859 R10-M0-N2-C:J02-U01 RAS KERNEL INFO generating core.15655,-,few_shot,1,0,"1

Log entry: TYPE=RAS COMPONENT=KERNEL LEVEL=INFO CONTENT=generating core.15655
Label: 0
Log",0,151.55892775010216
633,TYPE=RAS COMPONENT=KERNEL LEVEL=INFO CONTENT=generating core.12012,0,- 1120928349 2005.07.09 R25-M0-N0-C:J15-U01 2005-07-09-09.59.09.533825 R25-M0-N0-C:J15-U01 RAS KERNEL INFO generating core.12012,-,few_shot,1,0,"1

Log entry: TYPE=RAS COMPONENT=KERNEL LEVEL=INFO CONTENT=generating core.12012
Label: 0
Log",0,151.55892775010216
1921,TYPE=RAS COMPONENT=KERNEL LEVEL=INFO CONTENT=0 microseconds spent in the rbs signal handler during 0 calls. 0 microseconds was the maximum time for a single instance of a correctable ddr.,0,- 1133455642 2005.12.01 R23-M0-ND-C:J08-U11 2005-12-01-08.47.22.963148 R23-M0-ND-C:J08-U11 RAS KERNEL INFO 0 microseconds spent in the rbs signal handler during 0 calls. 0 microseconds was the maximum time for a single instance of a correctable ddr.,-,few_shot,0,1,"able ddr.
Label: 0
Log",0,151.55892775010216
1787,"TYPE=RAS COMPONENT=APP LEVEL=FATAL CONTENT=ciod: Error reading message prefix on CioStream socket to 172.16.96.116:41534, Link has been severed",1,"APPSEV 1132853885 2005.11.24 R14-M0-N8-I:J18-U01 2005-11-24-09.38.05.459006 R14-M0-N8-I:J18-U01 RAS APP FATAL ciod: Error reading message prefix on CioStream socket to 172.16.96.116:41534, Link has been severed",APPSEV,few_shot,1,1," 1
Log",0,151.55892775010216
1545,TYPE=RAS COMPONENT=KERNEL LEVEL=INFO CONTENT=iar 001061dc dear 0244c25c,0,- 1131058219 2005.11.03 R60-M0-N1-C:J14-U01 2005-11-03-14.50.19.824448 R60-M0-N1-C:J14-U01 RAS KERNEL INFO iar 001061dc dear 0244c25c,-,few_shot,0,1,"25c
Label: 0
Log",0,151.14032774999941
1150,"TYPE=RAS COMPONENT=KERNEL LEVEL=INFO CONTENT=CE sym 25, at 0x155e28e0, mask 0x08",0,"- 1122244714 2005.07.24 R36-M1-N9-C:J06-U01 2005-07-24-15.38.34.839211 R36-M1-N9-C:J06-U01 RAS KERNEL INFO CE sym 25, at 0x155e28e0, mask 0x08",-,few_shot,0,1," 0
Log",0,151.14032774999941
790,TYPE=RAS COMPONENT=KERNEL LEVEL=INFO CONTENT=generating core.21175,0,- 1120969508 2005.07.09 R35-M0-NE-C:J03-U11 2005-07-09-21.25.08.918888 R35-M0-NE-C:J03-U11 RAS KERNEL INFO generating core.21175,-,few_shot,0,1,"=INFO CONTENT=generating core.21175
Label: 0
Log",0,151.14032774999941
116,TYPE=RAS COMPONENT=KERNEL LEVEL=FATAL CONTENT=data TLB error interrupt,1,KERNDTLB 1118540457 2005.06.11 R30-M0-N9-C:J16-U01 2005-06-11-18.40.57.217361 R30-M0-N9-C:J16-U01 RAS KERNEL FATAL data TLB error interrupt,KERNDTLB,few_shot,1,1,"Log entry: TYPE=RAS COMPONENT=KERNEL LEVEL=FATAL CONTENT=data TLB error interrupt
Label: 1
Log",0,151.14032774999941
740,TYPE=RAS COMPONENT=KERNEL LEVEL=INFO CONTENT=generating core.16095,0,- 1120956704 2005.07.09 R24-M0-N0-C:J02-U11 2005-07-09-17.51.44.447891 R24-M0-N0-C:J02-U11 RAS KERNEL INFO generating core.16095,-,few_shot,0,1,"INFO CONTENT=generating core.16095
Label: 0
Log",0,151.10692899997957
1690,"TYPE=RAS COMPONENT=KERNEL LEVEL=INFO CONTENT=CE sym 34, at 0x11e7ed80, mask 0x80",0,"- 1131206251 2005.11.05 R17-M0-N8-C:J05-U01 2005-11-05-07.57.31.806929 R17-M0-N8-C:J05-U01 RAS KERNEL INFO CE sym 34, at 0x11e7ed80, mask 0x80",-,few_shot,0,1," 0
Log",0,151.10692899997957
1081,TYPE=RAS COMPONENT=KERNEL LEVEL=INFO CONTENT=15 floating point alignment exceptions,0,- 1122139629 2005.07.23 R05-M1-N5-C:J14-U11 2005-07-23-10.27.09.450287 R05-M1-N5-C:J14-U11 RAS KERNEL INFO 15 floating point alignment exceptions,-,few_shot,0,1,"AS COMPONENT=KERNEL LEVEL=INFO CONTENT=15 floating point alignment exceptions
Label: 0
Log",0,151.10692899997957
830,TYPE=RAS COMPONENT=KERNEL LEVEL=INFO CONTENT=generating core.4061,0,- 1121172452 2005.07.12 R22-M1-N0-C:J10-U11 2005-07-12-05.47.32.414558 R22-M1-N0-C:J10-U11 RAS KERNEL INFO generating core.4061,-,few_shot,0,1," LEVEL=INFO CONTENT=generating core.4061
Label: 0
Log",0,151.10692899997957
119,TYPE=RAS COMPONENT=KERNEL LEVEL=FATAL CONTENT=data TLB error interrupt,1,KERNDTLB 1118541965 2005.06.11 R30-M0-N9-C:J16-U01 2005-06-11-19.06.05.431824 R30-M0-N9-C:J16-U01 RAS KERNEL FATAL data TLB error interrupt,KERNDTLB,few_shot,1,1,"
Label: 1

Log entry: TYPE=RAS COMPONENT=KERNEL LEVEL=FATAL CONTENT=data TLB error interrupt
Label: 1
Log",0,151.54056499977742
656,TYPE=RAS COMPONENT=KERNEL LEVEL=INFO CONTENT=generating core.51900,0,- 1120933688 2005.07.09 R27-M0-N4-C:J16-U11 2005-07-09-11.28.08.835803 R27-M0-N4-C:J16-U11 RAS KERNEL INFO generating core.51900,-,few_shot,0,1,"=RAS COMPONENT=KERNEL LEVEL=INFO CONTENT=generating core.51900
Label: 0
Log",0,151.54056499977742
1907,TYPE=RAS COMPONENT=KERNEL LEVEL=INFO CONTENT=0 microseconds spent in the rbs signal handler during 0 calls. 0 microseconds was the maximum time for a single instance of a correctable ddr.,0,- 1133455319 2005.12.01 R40-M0-N8-C:J06-U11 2005-12-01-08.41.59.328614 R40-M0-N8-C:J06-U11 RAS KERNEL INFO 0 microseconds spent in the rbs signal handler during 0 calls. 0 microseconds was the maximum time for a single instance of a correctable ddr.,-,few_shot,0,1," 0
Log",0,151.54056499977742
635,TYPE=RAS COMPONENT=KERNEL LEVEL=INFO CONTENT=generating core.7752,0,- 1120929257 2005.07.09 R14-M0-N9-C:J16-U11 2005-07-09-10.14.17.214294 R14-M0-N9-C:J16-U11 RAS KERNEL INFO generating core.7752,-,few_shot,0,1,": TYPE=RAS COMPONENT=KERNEL LEVEL=INFO CONTENT=generating core.7752
Label: 0
Log",0,151.54056499977742
369,"TYPE=RAS COMPONENT=KERNEL LEVEL=INFO CONTENT=1 ddr errors(s) detected and corrected on rank 0, symbol 17, bit 1",0,"- 1119381883 2005.06.21 R05-M1-N8-C:J13-U01 2005-06-21-12.24.43.265881 R05-M1-N8-C:J13-U01 RAS KERNEL INFO 1 ddr errors(s) detected and corrected on rank 0, symbol 17, bit 1",-,few_shot,0,1," 0
Log",0,132.95416350001688
268,TYPE=RAS COMPONENT=KERNEL LEVEL=FATAL CONTENT=data address space................0,0,- 1118771469 2005.06.14 R27-M1-N9-C:J03-U01 2005-06-14-10.51.09.848118 R27-M1-N9-C:J03-U01 RAS KERNEL FATAL data address space................0,-,few_shot,0,1," TYPE=RAS COMPONENT=KERNEL LEVEL=FATAL CONTENT=data address space................0
Label: 0
Log",0,132.95416350001688
655,TYPE=RAS COMPONENT=KERNEL LEVEL=INFO CONTENT=generating core.36539,0,- 1120932797 2005.07.09 R26-M1-N5-C:J02-U11 2005-07-09-11.13.17.589543 R26-M1-N5-C:J02-U11 RAS KERNEL INFO generating core.36539,-,few_shot,0,1,"=generating core.36539
Label: 0
Log",0,132.95416350001688
935,TYPE=RAS COMPONENT=KERNEL LEVEL=INFO CONTENT=generating core.3980,0,- 1121313927 2005.07.13 R06-M1-N8-C:J16-U11 2005-07-13-21.05.27.499424 R06-M1-N8-C:J16-U11 RAS KERNEL INFO generating core.3980,-,few_shot,0,1,"INFO CONTENT=generating core.3980
Label: 0
Log",0,132.95416350001688
822,TYPE=RAS COMPONENT=KERNEL LEVEL=FATAL CONTENT=rts panic! - stopping execution,1,KERNRTSP 1121115817 2005.07.11 R01-M0-N1-C:J09-U11 2005-07-11-14.03.37.675251 R01-M0-N1-C:J09-U11 RAS KERNEL FATAL rts panic! - stopping execution,KERNRTSP,few_shot,1,1,"=KERNEL LEVEL=FATAL CONTENT=rts panic! - stopping execution
Label: 1
Log",0,134.35710600015227
866,TYPE=RAS COMPONENT=KERNEL LEVEL=INFO CONTENT=generating core.34898,0,- 1121256768 2005.07.13 R30-M0-ND-C:J09-U01 2005-07-13-05.12.48.222029 R30-M0-ND-C:J09-U01 RAS KERNEL INFO generating core.34898,-,few_shot,0,1,"=generating core.34898
Label: 0
Log",0,134.35710600015227
46,TYPE=RAS COMPONENT=KERNEL LEVEL=INFO CONTENT=generating core.2680,0,- 1117989594 2005.06.05 R35-M0-N5-C:J17-U11 2005-06-05-09.39.54.210760 R35-M0-N5-C:J17-U11 RAS KERNEL INFO generating core.2680,-,few_shot,0,1,"INFO CONTENT=generating core.2680
Label: 0
Log",0,134.35710600015227
1373,"TYPE=RAS COMPONENT=KERNEL LEVEL=INFO CONTENT=3 ddr errors(s) detected and corrected on rank 0, symbol 18, bit 0",0,"- 1125248393 2005.08.28 R00-M0-N4-C:J06-U11 2005-08-28-09.59.53.063681 R00-M0-N4-C:J06-U11 RAS KERNEL INFO 3 ddr errors(s) detected and corrected on rank 0, symbol 18, bit 0",-,few_shot,0,1," 0
Log",0,134.35710600015227
1708,TYPE=RAS COMPONENT=KERNEL LEVEL=INFO CONTENT=iar 001061e8 dear 0247018c,0,- 1131474344 2005.11.08 R62-M0-N8-C:J16-U01 2005-11-08-10.25.44.140702 R62-M0-N8-C:J16-U01 RAS KERNEL INFO iar 001061e8 dear 0247018c,-,few_shot,0,1," 0
Log",0,134.22552300016832
991,TYPE=RAS COMPONENT=KERNEL LEVEL=INFO CONTENT=generating core.24337,0,- 1121597978 2005.07.17 R33-M1-N9-C:J10-U01 2005-07-17-03.59.38.285272 R33-M1-N9-C:J10-U01 RAS KERNEL INFO generating core.24337,-,few_shot,0,1,"ating core.24337
Label: 0
Log",0,134.22552300016832
876,TYPE=RAS COMPONENT=KERNEL LEVEL=INFO CONTENT=generating core.26224,0,- 1121308295 2005.07.13 R31-M1-N5-C:J15-U11 2005-07-13-19.31.35.829394 R31-M1-N5-C:J15-U11 RAS KERNEL INFO generating core.26224,-,few_shot,0,1,"ating core.26224
Label: 0
Log",0,134.22552300016832
773,TYPE=RAS COMPONENT=KERNEL LEVEL=INFO CONTENT=generating core.560,0,- 1120969071 2005.07.09 R30-M0-NF-C:J15-U11 2005-07-09-21.17.51.730570 R30-M0-NF-C:J15-U11 RAS KERNEL INFO generating core.560,-,few_shot,0,1,"INFO CONTENT=generating core.560
Label: 0
Log",0,134.22552300016832
1219,TYPE=NULL COMPONENT=DISCOVERY LEVEL=ERROR CONTENT=Node card status: no ALERTs are active. Clock Mode is Low. Clock Select is Midplane. Phy JTAG Reset is asserted. ASIC JTAG Reset is asserted. Temperature Mask is not active. No temperature error. Temperature Limit Error Latch is clear. PGOOD IS NOT ASSERTED. PGOOD ERROR LATCH IS ACTIVE. MPGOOD IS NOT OK. MPGOOD ERROR LATCH IS ACTIVE. The 2.5 volt rail is OK. The 1.5 volt rail is OK.,0,- 1123183618 2005.08.04 R76-M1-N4 2005-08-04-12.26.58.275812 R76-M1-N4 NULL DISCOVERY ERROR Node card status: no ALERTs are active. Clock Mode is Low. Clock Select is Midplane. Phy JTAG Reset is asserted. ASIC JTAG Reset is asserted. Temperature Mask is not active. No temperature error. Temperature Limit Error Latch is clear. PGOOD IS NOT ASSERTED. PGOOD ERROR LATCH IS ACTIVE. MPGOOD IS NOT OK. MPGOOD ERROR LATCH IS ACTIVE. The 2.5 volt rail is OK. The 1.5 volt rail is OK.,-,few_shot,0,1," 0
Log",0,164.10385025028518
1999,TYPE=RAS COMPONENT=KERNEL LEVEL=INFO CONTENT=ciod: generated 128 core files for program /g/g24/germann2/SPaSM_mini/MEAM/r13,0,- 1136301189 2006.01.03 R07-M0-N0-I:J18-U11 2006-01-03-07.13.09.127918 R07-M0-N0-I:J18-U11 RAS KERNEL INFO ciod: generated 128 core files for program /g/g24/germann2/SPaSM_mini/MEAM/r13,-,few_shot,1,0,"=RAS COMPONENT=APP LEVEL=FATAL CONTENT=ciod: error reading message header
Label: 1

Log entry: TYPE=RAS COMPONENT=KERNEL LEVEL=INFO CONTENT=ciod: generated 128 core files for program /g/g24/germann2/SPaSM_mini/MEAM/r13
Label: 0
Log",0,164.10385025028518
4,TYPE=RAS COMPONENT=KERNEL LEVEL=INFO CONTENT=63543 double-hummer alignment exceptions,0,- 1117842440 2005.06.03 R23-M0-NE-C:J05-U01 2005-06-03-16.47.20.730545 R23-M0-NE-C:J05-U01 RAS KERNEL INFO 63543 double-hummer alignment exceptions,-,few_shot,0,1,"INFO CONTENT=NFS Mount failed retrying
Label: 0
Log entry: TYPE=RAS COMPONENT=KERNEL LEVEL=FATAL CONTENT=rts: kernel terminated
Label: 1
Log entry: TYPE=RAS COMPONENT=APP LEVEL=FATAL CONTENT=ciod: error reading message header
Label: 1

Log entry: TYPE=RAS COMPONENT=KERNEL LEVEL=INFO CONTENT=63543 double-hummer alignment exceptions
Label: 0
Log",0,164.10385025028518
1003,TYPE=RAS COMPONENT=KERNEL LEVEL=INFO CONTENT=generating core.237,0,- 1121598678 2005.07.17 R10-M1-N6-C:J13-U11 2005-07-17-04.11.18.510363 R10-M1-N6-C:J13-U11 RAS KERNEL INFO generating core.237,-,few_shot,0,1,"AS COMPONENT=KERNEL LEVEL=INFO CONTENT=NFS Mount failed retrying
Label: 0
Log entry: TYPE=RAS COMPONENT=KERNEL LEVEL=FATAL CONTENT=rts: kernel terminated
Label: 1
Log entry: TYPE=RAS COMPONENT=APP LEVEL=FATAL CONTENT=ciod: error reading message header
Label: 1

Log entry: TYPE=RAS COMPONENT=KERNEL LEVEL=INFO CONTENT=generating core.237
Label: 0
Log",0,164.10385025028518
1723,TYPE=RAS COMPONENT=KERNEL LEVEL=INFO CONTENT=5302707 floating point alignment exceptions,0,- 1131582295 2005.11.09 R63-M0-NA-C:J09-U01 2005-11-09-16.24.55.322546 R63-M0-NA-C:J09-U01 RAS KERNEL INFO 5302707 floating point alignment exceptions,-,few_shot,0,1,"KERNEL LEVEL=INFO CONTENT=5302707 floating point alignment exceptions
Label: 0
Log",0,151.457461749942
263,TYPE=RAS COMPONENT=KERNEL LEVEL=FATAL CONTENT=program interrupt: unimplemented operation..0,0,- 1118771259 2005.06.14 R24-M0-NA-C:J16-U11 2005-06-14-10.47.39.811377 R24-M0-NA-C:J16-U11 RAS KERNEL FATAL program interrupt: unimplemented operation..0,-,few_shot,0,1,": TYPE=RAS COMPONENT=KERNEL LEVEL=FATAL CONTENT=program interrupt: unimplemented operation..0
Label: 1
Log",0,151.457461749942
1569,TYPE=RAS COMPONENT=KERNEL LEVEL=INFO CONTENT=iar 00106210 dear 0244c26c,0,- 1131059658 2005.11.03 R66-M0-N4-C:J16-U01 2005-11-03-15.14.18.909332 R66-M0-N4-C:J16-U01 RAS KERNEL INFO iar 00106210 dear 0244c26c,-,few_shot,0,1,"0244c26c
Label: 0
Log",0,151.457461749942
1830,TYPE=RAS COMPONENT=KERNEL LEVEL=INFO CONTENT=0 microseconds spent in the rbs signal handler during 0 calls. 0 microseconds was the maximum time for a single instance of a correctable ddr.,0,- 1133448168 2005.12.01 R57-M1-N0-C:J02-U01 2005-12-01-06.42.48.326640 R57-M1-N0-C:J02-U01 RAS KERNEL INFO 0 microseconds spent in the rbs signal handler during 0 calls. 0 microseconds was the maximum time for a single instance of a correctable ddr.,-,few_shot,0,1," 0
Log",0,151.457461749942
443,TYPE=RAS COMPONENT=KERNEL LEVEL=INFO CONTENT=program interrupt: unimplemented operation..0,0,- 1119803693 2005.06.26 R00-M1-N3-C:J11-U01 2005-06-26-09.34.53.251232 R00-M1-N3-C:J11-U01 RAS KERNEL INFO program interrupt: unimplemented operation..0,-,few_shot,0,1,"0
Label: 0
Log",0,134.18764299967734
1002,TYPE=RAS COMPONENT=KERNEL LEVEL=INFO CONTENT=generating core.5738,0,- 1121598608 2005.07.17 R16-M1-NB-C:J07-U11 2005-07-17-04.10.08.166749 R16-M1-NB-C:J07-U11 RAS KERNEL INFO generating core.5738,-,few_shot,0,1,"8
Label: 0
Log",0,134.18764299967734
1077,TYPE=RAS COMPONENT=KERNEL LEVEL=INFO CONTENT=generating core.5927,0,- 1122133459 2005.07.23 R37-M0-NC-C:J03-U01 2005-07-23-08.44.19.668771 R37-M0-NC-C:J03-U01 RAS KERNEL INFO generating core.5927,-,few_shot,0,1,"7
Label: 0
Log",0,134.18764299967734
837,TYPE=RAS COMPONENT=KERNEL LEVEL=INFO CONTENT=total of 1 ddr error(s) detected and corrected,0,- 1121238463 2005.07.13 R11-M1-N3-C:J07-U11 2005-07-13-00.07.43.091930 R11-M1-N3-C:J07-U11 RAS KERNEL INFO total of 1 ddr error(s) detected and corrected,-,few_shot,0,1," 0
Log",0,134.18764299967734
1790,"TYPE=RAS COMPONENT=KERNEL LEVEL=INFO CONTENT=ciod: Received signal 15, code=0, errno=0, address=0x000001f8",0,"- 1132969138 2005.11.25 R76-M0-NC-I:J18-U11 2005-11-25-17.38.58.840897 R76-M0-NC-I:J18-U11 RAS KERNEL INFO ciod: Received signal 15, code=0, errno=0, address=0x000001f8",-,few_shot,0,1," 0
Log",0,152.59775825006727
304,TYPE=RAS COMPONENT=KERNEL LEVEL=FATAL CONTENT=core configuration register: 0x00002000,0,- 1118773807 2005.06.14 R20-M1-N5-C:J13-U01 2005-06-14-11.30.07.879884 R20-M1-N5-C:J13-U01 RAS KERNEL FATAL core configuration register: 0x00002000,-,few_shot,0,1,"0x00002000
Label: 0
Log",0,152.59775825006727
1365,TYPE=RAS COMPONENT=KERNEL LEVEL=INFO CONTENT=iar 0014a150 dear 00991c88,0,- 1125224255 2005.08.28 R43-M1-NE-C:J16-U01 2005-08-28-03.17.35.313713 R43-M1-NE-C:J16-U01 RAS KERNEL INFO iar 0014a150 dear 00991c88,-,few_shot,0,1,"91c88
Label: 0
Log",0,152.59775825006727
1557,TYPE=RAS COMPONENT=KERNEL LEVEL=INFO CONTENT=640404 floating point alignment exceptions,0,- 1131059209 2005.11.03 R66-M0-N5-C:J12-U11 2005-11-03-15.06.49.830610 R66-M0-N5-C:J12-U11 RAS KERNEL INFO 640404 floating point alignment exceptions,-,few_shot,0,1," LEVEL=INFO CONTENT=640404 floating point alignment exceptions
Label: 0
Log",0,152.59775825006727
313,TYPE=RAS COMPONENT=KERNEL LEVEL=INFO CONTENT=generating core.42,0,- 1118783531 2005.06.14 R22-M0-N7-C:J08-U11 2005-06-14-14.12.11.357904 R22-M0-N7-C:J08-U11 RAS KERNEL INFO generating core.42,-,few_shot,1,0,"=APP LEVEL=FATAL CONTENT=ciod: error reading message header
Label: 1

Log entry: TYPE=RAS COMPONENT=KERNEL LEVEL=INFO CONTENT=generating core.42
Label: 0
Log",0,155.13347850037462
149,TYPE=RAS COMPONENT=KERNEL LEVEL=FATAL CONTENT=data TLB error interrupt,1,KERNDTLB 1118552691 2005.06.11 R30-M0-N9-C:J16-U01 2005-06-11-22.04.51.794882 R30-M0-N9-C:J16-U01 RAS KERNEL FATAL data TLB error interrupt,KERNDTLB,few_shot,1,1," TYPE=RAS COMPONENT=APP LEVEL=FATAL CONTENT=ciod: error reading message header
Label: 1

Log entry: TYPE=RAS COMPONENT=KERNEL LEVEL=FATAL CONTENT=data TLB error interrupt
Label: 1
Log",0,155.13347850037462
1148,TYPE=RAS COMPONENT=KERNEL LEVEL=INFO CONTENT=1005 floating point alignment exceptions,0,- 1122168756 2005.07.23 R17-M0-N0-C:J10-U01 2005-07-23-18.32.36.821809 R17-M0-N0-C:J10-U01 RAS KERNEL INFO 1005 floating point alignment exceptions,-,few_shot,1,0,"ATAL CONTENT=ciod: error reading message header
Label: 1

Log entry: TYPE=RAS COMPONENT=KERNEL LEVEL=INFO CONTENT=1005 floating point alignment exceptions
Label: 0
Log",0,155.13347850037462
1213,"TYPE=RAS COMPONENT=MMCS LEVEL=ERROR CONTENT=idoproxydb hit ASSERT condition: ASSERT expression=0 Source file=idotransportmgr.cpp Source line=1043 Function=int IdoTransportMgr::SendPacket(IdoUdpMgr*, BglCtlPavTrace*)",0,"- 1123110844 2005.08.03 NULL 2005-08-03-16.14.04.704650 NULL RAS MMCS ERROR idoproxydb hit ASSERT condition: ASSERT expression=0 Source file=idotransportmgr.cpp Source line=1043 Function=int IdoTransportMgr::SendPacket(IdoUdpMgr*, BglCtlPavTrace*)",-,few_shot,1,0," 1
Log",0,155.13347850037462
574,TYPE=RAS COMPONENT=KERNEL LEVEL=INFO CONTENT=generating core.4193,0,- 1120449671 2005.07.03 R31-M0-N7-C:J13-U01 2005-07-03-21.01.11.603590 R31-M0-N7-C:J13-U01 RAS KERNEL INFO generating core.4193,-,few_shot,0,1,"=generating core.4193
Label: 0
Log",0,132.87454874989635
50,TYPE=RAS COMPONENT=KERNEL LEVEL=INFO CONTENT=generating core.4368,0,- 1117990951 2005.06.05 R31-M1-NF-C:J15-U01 2005-06-05-10.02.31.242619 R31-M1-NF-C:J15-U01 RAS KERNEL INFO generating core.4368,-,few_shot,0,1,"=generating core.4368
Label: 0
Log",0,132.87454874989635
1552,TYPE=RAS COMPONENT=KERNEL LEVEL=INFO CONTENT=iar 00105e94 dear 02f5883c,0,- 1131058409 2005.11.03 R60-M1-NF-C:J12-U11 2005-11-03-14.53.29.339977 R60-M1-NF-C:J12-U11 RAS KERNEL INFO iar 00105e94 dear 02f5883c,-,few_shot,0,1," 0
Log",0,132.87454874989635
726,TYPE=RAS COMPONENT=KERNEL LEVEL=INFO CONTENT=generating core.33163,0,- 1120940618 2005.07.09 R14-M1-N7-C:J04-U01 2005-07-09-13.23.38.492029 R14-M1-N7-C:J04-U01 RAS KERNEL INFO generating core.33163,-,few_shot,0,1,"ating core.33163
Label: 0
Log",0,132.87454874989635
833,TYPE=RAS COMPONENT=KERNEL LEVEL=INFO CONTENT=generating core.1715,0,- 1121172822 2005.07.12 R16-M1-N1-C:J05-U01 2005-07-12-05.53.42.889632 R16-M1-N1-C:J05-U01 RAS KERNEL INFO generating core.1715,-,few_shot,0,1," core.1715
Label: 0
Log",0,132.87623900032486
1377,TYPE=RAS COMPONENT=KERNEL LEVEL=FATAL CONTENT=Lustre mount FAILED : bglio344 : point /p/gb1,1,KERNMNTF 1125552643 2005.08.31 R25-M1-N4-I:J18-U01 2005-08-31-22.30.43.752965 R25-M1-N4-I:J18-U01 RAS KERNEL FATAL Lustre mount FAILED : bglio344 : point /p/gb1,KERNMNTF,few_shot,1,1," 1
Log",0,132.87623900032486
1115,TYPE=RAS COMPONENT=KERNEL LEVEL=INFO CONTENT=generating core.15063,0,- 1122165293 2005.07.23 R12-M0-NC-C:J05-U01 2005-07-23-17.34.53.711297 R12-M0-NC-C:J05-U01 RAS KERNEL INFO generating core.15063,-,few_shot,0,1,"15063
Label: 0
Log",0,132.87623900032486
1166,TYPE=RAS COMPONENT=KERNEL LEVEL=INFO CONTENT=generating core.248,0,- 1122403352 2005.07.26 R06-M0-N5-C:J15-U11 2005-07-26-11.42.32.680498 R06-M0-N5-C:J15-U11 RAS KERNEL INFO generating core.248,-,few_shot,0,1,"generating core.248
Label: 0
Log",0,132.87623900032486
470,TYPE=RAS COMPONENT=KERNEL LEVEL=INFO CONTENT=344040 double-hummer alignment exceptions,0,- 1120094724 2005.06.29 R03-M0-N2-C:J02-U01 2005-06-29-18.25.24.062292 R03-M0-N2-C:J02-U01 RAS KERNEL INFO 344040 double-hummer alignment exceptions,-,few_shot,0,1," 0
Log",0,132.56722925007125
971,TYPE=RAS COMPONENT=KERNEL LEVEL=INFO CONTENT=generating core.55352,0,- 1121495754 2005.07.15 R21-M0-N9-C:J16-U11 2005-07-15-23.35.54.639346 R21-M0-N9-C:J16-U11 RAS KERNEL INFO generating core.55352,-,few_shot,0,1,"Label: 0
Log",0,132.56722925007125
653,TYPE=RAS COMPONENT=KERNEL LEVEL=INFO CONTENT=generating core.38077,0,- 1120932709 2005.07.09 R20-M1-N2-C:J10-U11 2005-07-09-11.11.49.090815 R20-M1-N2-C:J10-U11 RAS KERNEL INFO generating core.38077,-,few_shot,0,1,"Label: 0
Log",0,132.56722925007125
399,TYPE=RAS COMPONENT=KERNEL LEVEL=INFO CONTENT=generating core.16830,0,- 1119715413 2005.06.25 R25-M0-N6-C:J08-U11 2005-06-25-09.03.33.373728 R25-M0-N6-C:J08-U11 RAS KERNEL INFO generating core.16830,-,few_shot,0,1,"Label: 0
Log",0,132.56722925007125
511,TYPE=RAS COMPONENT=KERNEL LEVEL=INFO CONTENT=generating core.536,0,- 1120216963 2005.07.01 R10-M1-ND-C:J17-U11 2005-07-01-04.22.43.382322 R10-M1-ND-C:J17-U11 RAS KERNEL INFO generating core.536,-,few_shot,0,1,"Label: 0
Log",0,133.9986782500091
320,TYPE=RAS COMPONENT=KERNEL LEVEL=INFO CONTENT=instruction cache parity error corrected,0,- 1118812716 2005.06.14 R02-M1-N0-C:J12-U11 2005-06-14-22.18.36.751583 R02-M1-N0-C:J12-U11 RAS KERNEL INFO instruction cache parity error corrected,-,few_shot,0,1," corrected
Label: 0
Log",0,133.9986782500091
19,TYPE=RAS COMPONENT=KERNEL LEVEL=INFO CONTENT=generating core.1414,0,- 1117973786 2005.06.05 R36-M0-NA-C:J06-U01 2005-06-05-05.16.26.686603 R36-M0-NA-C:J06-U01 RAS KERNEL INFO generating core.1414,-,few_shot,0,1,": 0
Log",0,133.9986782500091
684,TYPE=RAS COMPONENT=KERNEL LEVEL=INFO CONTENT=generating core.28666,0,- 1120937817 2005.07.09 R22-M0-N5-C:J07-U11 2005-07-09-12.36.57.597431 R22-M0-N5-C:J07-U11 RAS KERNEL INFO generating core.28666,-,few_shot,0,1," 0
Log",0,133.9986782500091
35,TYPE=RAS COMPONENT=KERNEL LEVEL=INFO CONTENT=generating core.6990,0,- 1117985533 2005.06.05 R34-M1-NC-C:J06-U11 2005-06-05-08.32.13.659715 R34-M1-NC-C:J06-U11 RAS KERNEL INFO generating core.6990,-,few_shot,1,0,": 1

Log entry: TYPE=RAS COMPONENT=KERNEL LEVEL=INFO CONTENT=generating core.6990
Label: 0
Log",0,151.53309075003563
902,TYPE=RAS COMPONENT=KERNEL LEVEL=INFO CONTENT=generating core.12212,0,- 1121311410 2005.07.13 R33-M1-N8-C:J15-U11 2005-07-13-20.23.30.263483 R33-M1-N8-C:J15-U11 RAS KERNEL INFO generating core.12212,-,few_shot,1,0,"1

Log entry: TYPE=RAS COMPONENT=KERNEL LEVEL=INFO CONTENT=generating core.12212
Label: 0
Log",0,151.53309075003563
1778,"TYPE=RAS COMPONENT=APP LEVEL=FATAL CONTENT=ciod: Error reading message prefix on CioStream socket to 172.16.96.116:52839, Connection reset by peer",1,"APPRES 1132609258 2005.11.21 R13-M1-N4-I:J18-U11 2005-11-21-13.40.58.052836 R13-M1-N4-I:J18-U11 RAS APP FATAL ciod: Error reading message prefix on CioStream socket to 172.16.96.116:52839, Connection reset by peer",APPRES,few_shot,1,1," 1
Log",0,151.53309075003563
827,TYPE=RAS COMPONENT=KERNEL LEVEL=INFO CONTENT=generating core.6711,0,- 1121172258 2005.07.12 R31-M0-NA-C:J03-U11 2005-07-12-05.44.18.854186 R31-M0-NA-C:J03-U11 RAS KERNEL INFO generating core.6711,-,few_shot,1,0,": 1

Log entry: TYPE=RAS COMPONENT=KERNEL LEVEL=INFO CONTENT=generating core.6711
Label: 0
Log",0,151.53309075003563
1853,"TYPE=RAS COMPONENT=KERNEL LEVEL=INFO CONTENT=10698 total interrupts. 0 critical input interrupts. 0 microseconds total spent on critical input interrupts, 0 microseconds max time in a critical input interrupt.",0,"- 1133448653 2005.12.01 R27-M1-N9-C:J09-U01 2005-12-01-06.50.53.822651 R27-M1-N9-C:J09-U01 RAS KERNEL INFO 10698 total interrupts. 0 critical input interrupts. 0 microseconds total spent on critical input interrupts, 0 microseconds max time in a critical input interrupt.",-,few_shot,0,1," 0
Log",0,154.01411750008265
407,TYPE=RAS COMPONENT=KERNEL LEVEL=INFO CONTENT=generating core.9578,0,- 1119715834 2005.06.25 R15-M1-NF-C:J07-U11 2005-06-25-09.10.34.515707 R15-M1-NF-C:J07-U11 RAS KERNEL INFO generating core.9578,-,few_shot,0,1,"

Log entry: TYPE=RAS COMPONENT=KERNEL LEVEL=INFO CONTENT=generating core.9578
Label: 0
Log",0,154.01411750008265
920,TYPE=RAS COMPONENT=KERNEL LEVEL=INFO CONTENT=generating core.5671,0,- 1121312337 2005.07.13 R31-M0-NC-C:J03-U01 2005-07-13-20.38.57.050498 R31-M0-NC-C:J03-U01 RAS KERNEL INFO generating core.5671,-,few_shot,0,1,"

Log entry: TYPE=RAS COMPONENT=KERNEL LEVEL=INFO CONTENT=generating core.5671
Label: 0
Log",0,154.01411750008265
537,TYPE=RAS COMPONENT=KERNEL LEVEL=INFO CONTENT=1146800 double-hummer alignment exceptions,0,- 1120262332 2005.07.01 R36-M0-N4-C:J15-U01 2005-07-01-16.58.52.572817 R36-M0-N4-C:J15-U01 RAS KERNEL INFO 1146800 double-hummer alignment exceptions,-,few_shot,0,1,"=KERNEL LEVEL=INFO CONTENT=1146800 double-hummer alignment exceptions
Label: 0
Log",0,154.01411750008265
758,TYPE=RAS COMPONENT=KERNEL LEVEL=INFO CONTENT=generating core.18514,0,- 1120968120 2005.07.09 R30-M0-N3-C:J08-U11 2005-07-09-21.02.00.766575 R30-M0-N3-C:J08-U11 RAS KERNEL INFO generating core.18514,-,few_shot,1,0,"=RAS COMPONENT=APP LEVEL=FATAL CONTENT=ciod: error reading message header
Label: 1

Log entry: TYPE=RAS COMPONENT=KERNEL LEVEL=INFO CONTENT=generating core.18514
Label: 0
Log",0,155.69523324984402
1904,"TYPE=RAS COMPONENT=KERNEL LEVEL=INFO CONTENT=10666 total interrupts. 0 critical input interrupts. 0 microseconds total spent on critical input interrupts, 0 microseconds max time in a critical input interrupt.",0,"- 1133455300 2005.12.01 R66-M0-N9-C:J08-U11 2005-12-01-08.41.40.303515 R66-M0-N9-C:J08-U11 RAS KERNEL INFO 10666 total interrupts. 0 critical input interrupts. 0 microseconds total spent on critical input interrupts, 0 microseconds max time in a critical input interrupt.",-,few_shot,0,1," 0 microseconds total spent on critical input interrupts, 0 microseconds max time in a critical input interrupt.
Label: 0
Log",0,155.69523324984402
1062,TYPE=RAS COMPONENT=KERNEL LEVEL=INFO CONTENT=8 floating point alignment exceptions,0,- 1121903856 2005.07.20 R02-M0-N8-C:J12-U01 2005-07-20-16.57.36.030657 R02-M0-N8-C:J12-U01 RAS KERNEL INFO 8 floating point alignment exceptions,-,few_shot,1,0,": 1
Log entry: TYPE=RAS COMPONENT=APP LEVEL=FATAL CONTENT=ciod: error reading message header
Label: 1

Log entry: TYPE=RAS COMPONENT=KERNEL LEVEL=INFO CONTENT=8 floating point alignment exceptions
Label: 0
Log",0,155.69523324984402
1199,TYPE=NULL COMPONENT=DISCOVERY LEVEL=INFO CONTENT=New ido chip inserted into the database: FF:F2:9F:15:1F:72:00:0D:60:EA:E0:8D ip=10.7.0.13 v=9 t=2,0,- 1123021638 2005.08.02 UNKNOWN_LOCATION 2005-08-02-15.27.18.161989 UNKNOWN_LOCATION NULL DISCOVERY INFO New ido chip inserted into the database: FF:F2:9F:15:1F:72:00:0D:60:EA:E0:8D ip=10.7.0.13 v=9 t=2,-,few_shot,0,1," 0
Log",0,155.69523324984402
245,TYPE=RAS COMPONENT=KERNEL LEVEL=FATAL CONTENT=program interrupt: privileged instruction...0,0,- 1118770227 2005.06.14 R25-M1-N6-C:J15-U11 2005-06-14-10.30.27.419268 R25-M1-N6-C:J15-U11 RAS KERNEL FATAL program interrupt: privileged instruction...0,-,few_shot,1,0," LEVEL=FATAL CONTENT=ciod: error reading message header
Label: 1

Log entry: TYPE=RAS COMPONENT=KERNEL LEVEL=FATAL CONTENT=program interrupt: privileged instruction...0
Label: 1
Log",0,153.7930879999294
1416,"TYPE=RAS COMPONENT=MMCS LEVEL=ERROR CONTENT=idoproxydb hit ASSERT condition: ASSERT expression=0 Source file=idotransportmgr.cpp Source line=1043 Function=int IdoTransportMgr::SendPacket(IdoUdpMgr*, BglCtlPavTrace*)",0,"- 1127243214 2005.09.20 NULL 2005-09-20-12.06.54.769367 NULL RAS MMCS ERROR idoproxydb hit ASSERT condition: ASSERT expression=0 Source file=idotransportmgr.cpp Source line=1043 Function=int IdoTransportMgr::SendPacket(IdoUdpMgr*, BglCtlPavTrace*)",-,few_shot,1,0," 1
Log",0,153.7930879999294
1127,TYPE=RAS COMPONENT=KERNEL LEVEL=INFO CONTENT=5 floating point alignment exceptions,0,- 1122165876 2005.07.23 R10-M1-NE-C:J05-U01 2005-07-23-17.44.36.808433 R10-M1-NE-C:J05-U01 RAS KERNEL INFO 5 floating point alignment exceptions,-,few_shot,1,0,"AS COMPONENT=APP LEVEL=FATAL CONTENT=ciod: error reading message header
Label: 1

Log entry: TYPE=RAS COMPONENT=KERNEL LEVEL=INFO CONTENT=5 floating point alignment exceptions
Label: 0
Log",0,153.7930879999294
784,TYPE=RAS COMPONENT=KERNEL LEVEL=INFO CONTENT=generating core.21353,0,- 1120969377 2005.07.09 R27-M1-N7-C:J11-U01 2005-07-09-21.22.57.518045 R27-M1-N7-C:J11-U01 RAS KERNEL INFO generating core.21353,-,few_shot,1,0,"=ciod: error reading message header
Label: 1

Log entry: TYPE=RAS COMPONENT=KERNEL LEVEL=INFO CONTENT=generating core.21353
Label: 0
Log",0,153.7930879999294
1742,TYPE=RAS COMPONENT=KERNEL LEVEL=INFO CONTENT=iar 00106298 dear 02f7a18c,0,- 1131692649 2005.11.10 R63-M0-N3-C:J14-U11 2005-11-10-23.04.09.760063 R63-M0-N3-C:J14-U11 RAS KERNEL INFO iar 00106298 dear 02f7a18c,-,few_shot,0,1," 0
Log",0,132.89687099995717
489,TYPE=RAS COMPONENT=KERNEL LEVEL=INFO CONTENT=generating core.7777,0,- 1120148687 2005.06.30 R14-M0-N1-C:J12-U01 2005-06-30-09.24.47.505143 R14-M0-N1-C:J12-U01 RAS KERNEL INFO generating core.7777,-,few_shot,0,1,"=generating core.7777
Label: 0
Log",0,132.89687099995717
154,TYPE=RAS COMPONENT=KERNEL LEVEL=FATAL CONTENT=data TLB error interrupt,1,KERNDTLB 1118554196 2005.06.11 R30-M0-N9-C:J16-U01 2005-06-11-22.29.56.837444 R30-M0-N9-C:J16-U01 RAS KERNEL FATAL data TLB error interrupt,KERNDTLB,few_shot,1,1,"AS COMPONENT=KERNEL LEVEL=FATAL CONTENT=data TLB error interrupt
Label: 1
Log",0,132.89687099995717
961,TYPE=RAS COMPONENT=KERNEL LEVEL=INFO CONTENT=generating core.42833,0,- 1121494252 2005.07.15 R33-M0-NF-C:J11-U01 2005-07-15-23.10.52.087816 R33-M0-NF-C:J11-U01 RAS KERNEL INFO generating core.42833,-,few_shot,0,1,"ating core.42833
Label: 0
Log",0,132.89687099995717
853,TYPE=RAS COMPONENT=KERNEL LEVEL=INFO CONTENT=112625368 double-hummer alignment exceptions,0,- 1121252775 2005.07.13 R21-M0-N2-C:J07-U01 2005-07-13-04.06.15.639557 R21-M0-N2-C:J07-U01 RAS KERNEL INFO 112625368 double-hummer alignment exceptions,-,few_shot,0,1,"ummer alignment exceptions
Label: 0
Log",0,132.91139024977383
1311,TYPE=RAS COMPONENT=KERNEL LEVEL=INFO CONTENT=iar 003a9254 dear 01299f08,0,- 1125084296 2005.08.26 R67-M0-ND-C:J02-U01 2005-08-26-12.24.56.862775 R67-M0-ND-C:J02-U01 RAS KERNEL INFO iar 003a9254 dear 01299f08,-,few_shot,0,1," 0
Log",0,132.91139024977383
625,TYPE=RAS COMPONENT=KERNEL LEVEL=INFO CONTENT=generating core.7571,0,- 1120923499 2005.07.09 R33-M0-N9-C:J04-U11 2005-07-09-08.38.19.481016 R33-M0-N9-C:J04-U11 RAS KERNEL INFO generating core.7571,-,few_shot,0,1,"=generating core.7571
Label: 0
Log",0,132.91139024977383
685,TYPE=RAS COMPONENT=KERNEL LEVEL=INFO CONTENT=generating core.2481,0,- 1120937836 2005.07.09 R34-M0-N5-C:J12-U11 2005-07-09-12.37.16.494245 R34-M0-N5-C:J12-U11 RAS KERNEL INFO generating core.2481,-,few_shot,0,1,"=generating core.2481
Label: 0
Log",0,132.91139024977383
1561,TYPE=RAS COMPONENT=KERNEL LEVEL=INFO CONTENT=iar 00106210 dear 0244c1dc,0,- 1131059308 2005.11.03 R66-M1-N5-C:J14-U11 2005-11-03-15.08.28.067991 R66-M1-N5-C:J14-U11 RAS KERNEL INFO iar 00106210 dear 0244c1dc,-,few_shot,0,1,"210 dear 0244c1dc
Label: 0
Log",0,152.91189549998307
569,TYPE=RAS COMPONENT=KERNEL LEVEL=INFO CONTENT=generating core.6139,0,- 1120447377 2005.07.03 R23-M1-N5-C:J03-U11 2005-07-03-20.22.57.506170 R23-M1-N5-C:J03-U11 RAS KERNEL INFO generating core.6139,-,few_shot,0,1,"

Log entry: TYPE=RAS COMPONENT=KERNEL LEVEL=INFO CONTENT=generating core.6139
Label: 0
Log",0,152.91189549998307
1908,"TYPE=RAS COMPONENT=KERNEL LEVEL=INFO CONTENT=10684 total interrupts. 0 critical input interrupts. 0 microseconds total spent on critical input interrupts, 0 microseconds max time in a critical input interrupt.",0,"- 1133455322 2005.12.01 R66-M0-NC-C:J04-U11 2005-12-01-08.42.02.759879 R66-M0-NC-C:J04-U11 RAS KERNEL INFO 10684 total interrupts. 0 critical input interrupts. 0 microseconds total spent on critical input interrupts, 0 microseconds max time in a critical input interrupt.",-,few_shot,0,1," 0
Log",0,152.91189549998307
17,TYPE=RAS COMPONENT=KERNEL LEVEL=INFO CONTENT=generating core.3919,0,- 1117959563 2005.06.05 R24-M0-N8-C:J04-U11 2005-06-05-01.19.23.822135 R24-M0-N8-C:J04-U11 RAS KERNEL INFO generating core.3919,-,few_shot,0,1,"

Log entry: TYPE=RAS COMPONENT=KERNEL LEVEL=INFO CONTENT=generating core.3919
Label: 0
Log",0,152.91189549998307
127,TYPE=RAS COMPONENT=KERNEL LEVEL=FATAL CONTENT=data TLB error interrupt,1,KERNDTLB 1118543583 2005.06.11 R30-M0-N9-C:J16-U01 2005-06-11-19.33.03.793426 R30-M0-N9-C:J16-U01 RAS KERNEL FATAL data TLB error interrupt,KERNDTLB,few_shot,1,1,": error reading message header
Label: 1

Log entry: TYPE=RAS COMPONENT=KERNEL LEVEL=FATAL CONTENT=data TLB error interrupt
Label: 1
Log",0,151.63221374996283
1346,TYPE=RAS COMPONENT=KERNEL LEVEL=INFO CONTENT=36833864 double-hummer alignment exceptions,0,- 1125222100 2005.08.28 R47-M0-N5-C:J15-U01 2005-08-28-02.41.40.753192 R47-M0-N5-C:J15-U01 RAS KERNEL INFO 36833864 double-hummer alignment exceptions,-,few_shot,0,1,"=KERNEL LEVEL=INFO CONTENT=36833864 double-hummer alignment exceptions
Label: 0
Log",0,151.63221374996283
1279,TYPE=RAS COMPONENT=KERNEL LEVEL=INFO CONTENT=ciod: generated 128 core files for program /home/germann2/BGL-demo/SPaSM_mpi,0,- 1124818171 2005.08.23 R14-M0-N0-I:J18-U11 2005-08-23-10.29.31.137434 R14-M0-N0-I:J18-U11 RAS KERNEL INFO ciod: generated 128 core files for program /home/germann2/BGL-demo/SPaSM_mpi,-,few_shot,0,1,"/BGL-demo/SPaSM_mpi
Label: 0
Log",0,151.63221374996283
1968,"TYPE=RAS COMPONENT=APP LEVEL=FATAL CONTENT=ciod: Error loading /p/gb1/stella/UMT2K/1369/umt2k_DD: invalid or missing program image, Permission denied",0,"- 1134160697 2005.12.09 R64-M0-N8-I:J18-U11 2005-12-09-12.38.17.827307 R64-M0-N8-I:J18-U11 RAS APP FATAL ciod: Error loading /p/gb1/stella/UMT2K/1369/umt2k_DD: invalid or missing program image, Permission denied",-,few_shot,1,0," 1
Log",0,151.63221374996283
927,TYPE=RAS COMPONENT=KERNEL LEVEL=INFO CONTENT=generating core.23873,0,- 1121313545 2005.07.13 R37-M0-N1-C:J12-U01 2005-07-13-20.59.05.561390 R37-M0-N1-C:J12-U01 RAS KERNEL INFO generating core.23873,-,few_shot,0,1," entry: TYPE=RAS COMPONENT=KERNEL LEVEL=INFO CONTENT=generating core.23873
Label: 0
Log",0,152.91332500009958
980,TYPE=RAS COMPONENT=KERNEL LEVEL=INFO CONTENT=generating core.50988,0,- 1121496335 2005.07.15 R13-M0-NE-C:J14-U11 2005-07-15-23.45.35.927063 R13-M0-NE-C:J14-U11 RAS KERNEL INFO generating core.50988,-,few_shot,0,1," entry: TYPE=RAS COMPONENT=KERNEL LEVEL=INFO CONTENT=generating core.50988
Label: 0
Log",0,152.91332500009958
1964,"TYPE=RAS COMPONENT=APP LEVEL=FATAL CONTENT=ciod: Error loading /bgl/apps/SWL/stability/MDCASK/WORK/1383/inferno: invalid or missing program image, Permission denied",0,"- 1134159495 2005.12.09 R27-M0-N4-I:J18-U11 2005-12-09-12.18.15.322330 R27-M0-N4-I:J18-U11 RAS APP FATAL ciod: Error loading /bgl/apps/SWL/stability/MDCASK/WORK/1383/inferno: invalid or missing program image, Permission denied",-,few_shot,1,0," 1
Log",0,152.91332500009958
190,TYPE=RAS COMPONENT=KERNEL LEVEL=FATAL CONTENT=data storage interrupt,1,KERNSTOR 1118765511 2005.06.14 R06-M0-N7-C:J08-U01 2005-06-14-09.11.51.127157 R06-M0-N7-C:J08-U01 RAS KERNEL FATAL data storage interrupt,KERNSTOR,few_shot,1,1,"=ciod: error reading message header
Label: 1

Log entry: TYPE=RAS COMPONENT=KERNEL LEVEL=FATAL CONTENT=data storage interrupt
Label: 1
Log",0,152.91332500009958
1139,TYPE=RAS COMPONENT=KERNEL LEVEL=INFO CONTENT=5 floating point alignment exceptions,0,- 1122166655 2005.07.23 R13-M0-NB-C:J03-U11 2005-07-23-17.57.35.683632 R13-M0-NB-C:J03-U11 RAS KERNEL INFO 5 floating point alignment exceptions,-,few_shot,0,1,"You are classifying one BGL log entry for anomaly detection.
Return exactly one label: 0 or 1.
0 means normal. 1 means anomalous.
Do not explain your answer.
Do not output any other text.
Judge based mainly on the event content, not severity alone.

Examples:
Log entry: TYPE=RAS COMPONENT=KERNEL LEVEL=INFO CONTENT=ddr error(s) detected and corrected on rank 0
Label: 0
Log entry: TYPE=RAS COMPONENT=KERNEL LEVEL=INFO CONTENT=NFS Mount failed retrying
Label: 0
Log entry: TYPE=RAS COMPONENT=KERNEL LEVEL=FATAL CONTENT=rts: kernel terminated
Label: 1
Log entry: TYPE=RAS COMPONENT=APP LEVEL=FATAL CONTENT=ciod: error reading message header
Label: 1

Log entry: TYPE=RAS COMPONENT=KERNEL LEVEL=INFO CONTENT=5 floating point alignment exceptions
Label: 0
Log",0,189.68110275000072
992,TYPE=RAS COMPONENT=KERNEL LEVEL=INFO CONTENT=generating core.21045,0,- 1121597997 2005.07.17 R37-M1-NA-C:J12-U11 2005-07-17-03.59.57.544786 R37-M1-NA-C:J12-U11 RAS KERNEL INFO generating core.21045,-,few_shot,0,1," BGL log entry for anomaly detection.
Return exactly one label: 0 or 1.
0 means normal. 1 means anomalous.
Do not explain your answer.
Do not output any other text.
Judge based mainly on the event content, not severity alone.

Examples:
Log entry: TYPE=RAS COMPONENT=KERNEL LEVEL=INFO CONTENT=ddr error(s) detected and corrected on rank 0
Label: 0
Log entry: TYPE=RAS COMPONENT=KERNEL LEVEL=INFO CONTENT=NFS Mount failed retrying
Label: 0
Log entry: TYPE=RAS COMPONENT=KERNEL LEVEL=FATAL CONTENT=rts: kernel terminated
Label: 1
Log entry: TYPE=RAS COMPONENT=APP LEVEL=FATAL CONTENT=ciod: error reading message header
Label: 1

Log entry: TYPE=RAS COMPONENT=KERNEL LEVEL=INFO CONTENT=generating core.21045
Label: 0
Log",0,189.68110275000072
1955,"TYPE=RAS COMPONENT=KERNEL LEVEL=INFO CONTENT=Kernel detected 4909176 integer alignment exceptions (4909169) iar 0x00544ea8, dear 0x01fc8a40 (4909170) iar 0x00544eb8, dear 0x01fc8a60 (4909171) iar 0x00544ea8, dear 0x01fc8a80 (4909172) iar 0x00544eb8, dear 0x01fc8aa0 (4909173) iar 0x00544ee0, dear 0x01fc8ac0 (4909174) iar 0x00544ef0, dear 0x01fc8ae0 (4909175) iar 0x00544ee0, dear 0x01fc8b00 (4909176) iar 0x00544ef0, dear 0x01fc8b20",0,"- 1133928278 2005.12.06 R26-M0-N9-C:J11-U01 2005-12-06-20.04.38.539848 R26-M0-N9-C:J11-U01 RAS KERNEL INFO Kernel detected 4909176 integer alignment exceptions (4909169) iar 0x00544ea8, dear 0x01fc8a40 (4909170) iar 0x00544eb8, dear 0x01fc8a60 (4909171) iar 0x00544ea8, dear 0x01fc8a80 (4909172) iar 0x00544eb8, dear 0x01fc8aa0 (4909173) iar 0x00544ee0, dear 0x01fc8ac0 (4909174) iar 0x00544ef0, dear 0x01fc8ae0 (4909175) iar 0x00544ee0, dear 0x01fc8b00 (4909176) iar 0x00544ef0, dear 0x01fc8b20",-,few_shot,0,1,0 (49,0,189.68110275000072
1656,TYPE=RAS COMPONENT=KERNEL LEVEL=INFO CONTENT=iar 00105fd4 dear 0245a09c,0,- 1131128083 2005.11.04 R62-M0-N4-C:J14-U01 2005-11-04-10.14.43.761466 R62-M0-N4-C:J14-U01 RAS KERNEL INFO iar 00105fd4 dear 0245a09c,-,few_shot,1,0," means normal. 1 means anomalous.
Do not explain your answer.
Do not output any other text.
Judge based mainly on the event content, not severity alone.

Examples:
Log entry: TYPE=RAS COMPONENT=KERNEL LEVEL=INFO CONTENT=ddr error(s) detected and corrected on rank 0
Label: 0
Log entry: TYPE=RAS COMPONENT=KERNEL LEVEL=INFO CONTENT=NFS Mount failed retrying
Label: 0
Log entry: TYPE=RAS COMPONENT=KERNEL LEVEL=FATAL CONTENT=rts: kernel terminated
Label: 1
Log entry: TYPE=RAS COMPONENT=APP LEVEL=FATAL CONTENT=ciod: error reading message header
Label: 1

Log entry: TYPE=RAS COMPONENT=KERNEL LEVEL=INFO CONTENT=iar 00105fd4 dear 0245a09c
Label: 0
Log",0,189.68110275000072
606,TYPE=RAS COMPONENT=KERNEL LEVEL=INFO CONTENT=generating core.303,0,- 1120772793 2005.07.07 R00-M0-N4-C:J04-U11 2005-07-07-14.46.33.219615 R00-M0-N4-C:J04-U11 RAS KERNEL INFO generating core.303,-,few_shot,1,0," reading message header
Label: 1

Log entry: TYPE=RAS COMPONENT=KERNEL LEVEL=INFO CONTENT=generating core.303
Label: 0
Log",0,153.48698299976604
180,TYPE=RAS COMPONENT=KERNEL LEVEL=INFO CONTENT=generating core.2522,0,- 1118732642 2005.06.14 R33-M0-NF-C:J07-U11 2005-06-14-00.04.02.552133 R33-M0-NF-C:J07-U11 RAS KERNEL INFO generating core.2522,-,few_shot,1,0," header
Label: 1

Log entry: TYPE=RAS COMPONENT=KERNEL LEVEL=INFO CONTENT=generating core.2522
Label: 0
Log",0,153.48698299976604
301,TYPE=RAS COMPONENT=KERNEL LEVEL=FATAL CONTENT=data address space................0,0,- 1118773741 2005.06.14 R21-M0-N9-C:J08-U01 2005-06-14-11.29.01.258503 R21-M0-N9-C:J08-U01 RAS KERNEL FATAL data address space................0,-,few_shot,1,0,"ATAL CONTENT=ciod: error reading message header
Label: 1

Log entry: TYPE=RAS COMPONENT=KERNEL LEVEL=FATAL CONTENT=data address space................0
Label: 0
Log",0,153.48698299976604
496,TYPE=RAS COMPONENT=APP LEVEL=FATAL CONTENT=ciod: Error creating node map from file /p/gb2/welcome3/32k_128x256x1_8x4x4.map: Bad file descriptor,0,- 1120173883 2005.06.30 R36-M1-N4-I:J18-U01 2005-06-30-16.24.43.164196 R36-M1-N4-I:J18-U01 RAS APP FATAL ciod: Error creating node map from file /p/gb2/welcome3/32k_128x256x1_8x4x4.map: Bad file descriptor,-,few_shot,1,0," 1
Log",0,153.48698299976604
1720,TYPE=RAS COMPONENT=KERNEL LEVEL=INFO CONTENT=iar 00106ba0 dear 0246de3c,0,- 1131579563 2005.11.09 R62-M0-N1-C:J04-U11 2005-11-09-15.39.23.829694 R62-M0-N1-C:J04-U11 RAS KERNEL INFO iar 00106ba0 dear 0246de3c,-,few_shot,0,1,"0 dear 0246de3c
Label: 0
Log",0,152.74383125006352
1709,TYPE=RAS COMPONENT=KERNEL LEVEL=INFO CONTENT=iar 001061e8 dear 0247015c,0,- 1131477523 2005.11.08 R62-M0-N9-C:J09-U11 2005-11-08-11.18.43.884902 R62-M0-N9-C:J09-U11 RAS KERNEL INFO iar 001061e8 dear 0247015c,-,few_shot,0,1,"0247015c
Label: 0
Log",0,152.74383125006352
1887,TYPE=RAS COMPONENT=KERNEL LEVEL=INFO CONTENT=0 microseconds spent in the rbs signal handler during 0 calls. 0 microseconds was the maximum time for a single instance of a correctable ddr.,0,- 1133454968 2005.12.01 R55-M1-NE-C:J16-U01 2005-12-01-08.36.08.709539 R55-M1-NE-C:J16-U01 RAS KERNEL INFO 0 microseconds spent in the rbs signal handler during 0 calls. 0 microseconds was the maximum time for a single instance of a correctable ddr.,-,few_shot,0,1," 0
Log",0,152.74383125006352
1991,TYPE=RAS COMPONENT=KERNEL LEVEL=INFO CONTENT=instruction cache parity error corrected,0,- 1135643288 2005.12.26 R37-M1-NC-C:J02-U11 2005-12-26-16.28.08.716176 R37-M1-NC-C:J02-U11 RAS KERNEL INFO instruction cache parity error corrected,-,few_shot,1,0,": 1

Log entry: TYPE=RAS COMPONENT=KERNEL LEVEL=INFO CONTENT=instruction cache parity error corrected
Label: 0
Log",0,152.74383125006352
517,TYPE=RAS COMPONENT=KERNEL LEVEL=INFO CONTENT=generating core.228,0,- 1120217117 2005.07.01 R12-M1-N6-C:J16-U01 2005-07-01-04.25.17.269721 R12-M1-N6-C:J16-U01 RAS KERNEL INFO generating core.228,-,few_shot,0,1," TYPE=RAS COMPONENT=KERNEL LEVEL=INFO CONTENT=generating core.228
Label: 0
Log",0,151.64043825006956
1984,TYPE=RAS COMPONENT=KERNEL LEVEL=INFO CONTENT=2 L3 EDRAM error(s) (dcr 0x0157) detected and corrected over 282 seconds,0,- 1134929456 2005.12.18 R30-M1-N3-C:J13-U01 2005-12-18-10.10.56.366499 R30-M1-N3-C:J13-U01 RAS KERNEL INFO 2 L3 EDRAM error(s) (dcr 0x0157) detected and corrected over 282 seconds,-,few_shot,0,1," 0
Log",0,151.64043825006956
1069,TYPE=RAS COMPONENT=KERNEL LEVEL=INFO CONTENT=total of 1 ddr error(s) detected and corrected,0,- 1122126854 2005.07.23 R27-M0-N5-C:J11-U11 2005-07-23-06.54.14.284728 R27-M0-N5-C:J11-U11 RAS KERNEL INFO total of 1 ddr error(s) detected and corrected,-,few_shot,1,0,"=total of 1 ddr error(s) detected and corrected
Label: 0
Log",0,151.64043825006956
476,TYPE=RAS COMPONENT=KERNEL LEVEL=INFO CONTENT=generating core.26156,0,- 1120145611 2005.06.30 R16-M0-NE-C:J14-U11 2005-06-30-08.33.31.578264 R16-M0-NE-C:J14-U11 RAS KERNEL INFO generating core.26156,-,few_shot,0,1,"=KERNEL LEVEL=INFO CONTENT=generating core.26156
Label: 0
Log",0,151.64043825006956
157,TYPE=RAS COMPONENT=KERNEL LEVEL=FATAL CONTENT=data TLB error interrupt,1,KERNDTLB 1118555213 2005.06.11 R30-M0-N9-C:J16-U01 2005-06-11-22.46.53.485059 R30-M0-N9-C:J16-U01 RAS KERNEL FATAL data TLB error interrupt,KERNDTLB,few_shot,1,1,"APP LEVEL=FATAL CONTENT=ciod: error reading message header
Label: 1

Log entry: TYPE=RAS COMPONENT=KERNEL LEVEL=FATAL CONTENT=data TLB error interrupt
Label: 1
Log",0,153.56589699968026
1243,"TYPE=RAS COMPONENT=APP LEVEL=FATAL CONTENT=ciod: Error loading /bgl/apps/scaletest/performance/MINIBEN/mb_243_0810/allreduce.rts: invalid or missing program image, Exec format error",0,"- 1123914638 2005.08.12 R24-M0-N0-I:J18-U01 2005-08-12-23.30.38.435583 R24-M0-N0-I:J18-U01 RAS APP FATAL ciod: Error loading /bgl/apps/scaletest/performance/MINIBEN/mb_243_0810/allreduce.rts: invalid or missing program image, Exec format error",-,few_shot,1,0," 1
Log",0,153.56589699968026
1195,TYPE=RAS COMPONENT=KERNEL LEVEL=INFO CONTENT=generating core.306,0,- 1122492307 2005.07.27 R36-M0-N3-C:J09-U01 2005-07-27-12.25.07.297896 R36-M0-N3-C:J09-U01 RAS KERNEL INFO generating core.306,-,few_shot,1,0,"iod: error reading message header
Label: 1

Log entry: TYPE=RAS COMPONENT=KERNEL LEVEL=INFO CONTENT=generating core.306
Label: 0
Log",0,153.56589699968026
16,TYPE=RAS COMPONENT=KERNEL LEVEL=INFO CONTENT=generating core.1717,0,- 1117959513 2005.06.05 R21-M1-N2-C:J11-U01 2005-06-05-01.18.33.830595 R21-M1-N2-C:J11-U01 RAS KERNEL INFO generating core.1717,-,few_shot,1,0," error reading message header
Label: 1

Log entry: TYPE=RAS COMPONENT=KERNEL LEVEL=INFO CONTENT=generating core.1717
Label: 0
Log",0,153.56589699968026
1535,TYPE=RAS COMPONENT=KERNEL LEVEL=INFO CONTENT=iar 00106210 dear 0244c20c,0,- 1131057899 2005.11.03 R61-M0-NC-C:J03-U11 2005-11-03-14.44.59.509719 R61-M0-NC-C:J03-U11 RAS KERNEL INFO iar 00106210 dear 0244c20c,-,few_shot,0,1,"c20c
Label: 0
Log",0,151.1558340002921
1072,TYPE=RAS COMPONENT=KERNEL LEVEL=INFO CONTENT=generating core.8977,0,- 1122132718 2005.07.23 R10-M1-ND-C:J11-U01 2005-07-23-08.31.58.764442 R10-M1-ND-C:J11-U01 RAS KERNEL INFO generating core.8977,-,few_shot,0,1," COMPONENT=KERNEL LEVEL=INFO CONTENT=generating core.8977
Label: 0
Log",0,151.1558340002921
1971,"TYPE=RAS COMPONENT=KERNEL LEVEL=INFO CONTENT=28 ddr error(s) detected and corrected on rank 0, symbol 21 over 11562 seconds",0,"- 1134259774 2005.12.10 R15-M1-NE-C:J06-U01 2005-12-10-16.09.34.106950 R15-M1-NE-C:J06-U01 RAS KERNEL INFO 28 ddr error(s) detected and corrected on rank 0, symbol 21 over 11562 seconds",-,few_shot,0,1," 0
Log",0,151.1558340002921
546,TYPE=RAS COMPONENT=KERNEL LEVEL=INFO CONTENT=458720 double-hummer alignment exceptions,0,- 1120265540 2005.07.01 R24-M1-NA-C:J14-U01 2005-07-01-17.52.20.409124 R24-M1-NA-C:J14-U01 RAS KERNEL INFO 458720 double-hummer alignment exceptions,-,few_shot,0,1," CONTENT=458720 double-hummer alignment exceptions
Label: 0
Log",0,151.1558340002921
1539,TYPE=RAS COMPONENT=KERNEL LEVEL=INFO CONTENT=iar 00106228 dear 0244c1ec,0,- 1131058041 2005.11.03 R65-M1-N6-C:J11-U01 2005-11-03-14.47.21.714965 R65-M1-N6-C:J11-U01 RAS KERNEL INFO iar 00106228 dear 0244c1ec,-,few_shot,0,1," 0
Log",0,134.37161224965166
658,TYPE=RAS COMPONENT=KERNEL LEVEL=INFO CONTENT=generating core.29433,0,- 1120933839 2005.07.09 R26-M0-N3-C:J13-U11 2005-07-09-11.30.39.600360 R26-M0-N3-C:J13-U11 RAS KERNEL INFO generating core.29433,-,few_shot,0,1," core.29433
Label: 0
Log",0,134.37161224965166
1625,TYPE=RAS COMPONENT=KERNEL LEVEL=INFO CONTENT=iar 00106bc0 dear 0245cd7c,0,- 1131126038 2005.11.04 R62-M0-N6-C:J10-U01 2005-11-04-09.40.38.701063 R62-M0-N6-C:J10-U01 RAS KERNEL INFO iar 00106bc0 dear 0245cd7c,-,few_shot,0,1,": 0
Log",0,134.37161224965166
1019,TYPE=RAS COMPONENT=KERNEL LEVEL=INFO CONTENT=generating core.25367,0,- 1121706993 2005.07.18 R37-M1-NE-C:J02-U11 2005-07-18-10.16.33.614707 R37-M1-NE-C:J02-U11 RAS KERNEL INFO generating core.25367,-,few_shot,0,1," core.25367
Label: 0
Log",0,134.37161224965166
1662,TYPE=RAS COMPONENT=KERNEL LEVEL=INFO CONTENT=iar 00106988 dear 02f7bd6c,0,- 1131130552 2005.11.04 R62-M0-NC-C:J05-U01 2005-11-04-10.55.52.550384 R62-M0-NC-C:J05-U01 RAS KERNEL INFO iar 00106988 dear 02f7bd6c,-,few_shot,0,1," dear 02f7bd6c
Label: 0
Log",0,151.392660500278
1504,TYPE=RAS COMPONENT=KERNEL LEVEL=INFO CONTENT=data cache search parity error detected. attempting to correct,0,- 1129551549 2005.10.17 R02-M0-N4-C:J04-U11 2005-10-17-05.19.09.715915 R02-M0-N4-C:J04-U11 RAS KERNEL INFO data cache search parity error detected. attempting to correct,-,few_shot,0,1,"=RAS COMPONENT=KERNEL LEVEL=INFO CONTENT=data cache search parity error detected. attempting to correct
Label: 0
Log",0,151.392660500278
959,TYPE=RAS COMPONENT=KERNEL LEVEL=INFO CONTENT=generating core.11379,0,- 1121494144 2005.07.15 R31-M0-ND-C:J03-U11 2005-07-15-23.09.04.924538 R31-M0-ND-C:J03-U11 RAS KERNEL INFO generating core.11379,-,few_shot,0,1,"=RAS COMPONENT=KERNEL LEVEL=INFO CONTENT=generating core.11379
Label: 0
Log",0,151.392660500278
1881,TYPE=RAS COMPONENT=KERNEL LEVEL=INFO CONTENT=0 microseconds spent in the rbs signal handler during 0 calls. 0 microseconds was the maximum time for a single instance of a correctable ddr.,0,- 1133454756 2005.12.01 R07-M0-NF-C:J13-U11 2005-12-01-08.32.36.360568 R07-M0-NF-C:J13-U11 RAS KERNEL INFO 0 microseconds spent in the rbs signal handler during 0 calls. 0 microseconds was the maximum time for a single instance of a correctable ddr.,-,few_shot,0,1," 0
Log",0,151.392660500278
283,TYPE=RAS COMPONENT=KERNEL LEVEL=FATAL CONTENT=machine state register: 0x00002000,0,- 1118772057 2005.06.14 R24-M0-N2-C:J16-U11 2005-06-14-11.00.57.941787 R24-M0-N2-C:J16-U11 RAS KERNEL FATAL machine state register: 0x00002000,-,few_shot,0,1,"
Label: 0
Log",0,134.23093900019012
797,TYPE=RAS COMPONENT=KERNEL LEVEL=INFO CONTENT=generating core.3292,0,- 1120970168 2005.07.09 R04-M1-NE-C:J15-U11 2005-07-09-21.36.08.377661 R04-M1-NE-C:J15-U11 RAS KERNEL INFO generating core.3292,-,few_shot,0,1,"ating core.3292
Label: 0
Log",0,134.23093900019012
1626,TYPE=RAS COMPONENT=KERNEL LEVEL=INFO CONTENT=iar 00106bd8 dear 0245cd9c,0,- 1131126144 2005.11.04 R62-M0-NB-C:J16-U11 2005-11-04-09.42.24.810298 R62-M0-NB-C:J16-U11 RAS KERNEL INFO iar 00106bd8 dear 0245cd9c,-,few_shot,0,1," 0
Log",0,134.23093900019012
225,TYPE=RAS COMPONENT=KERNEL LEVEL=FATAL CONTENT=data storage interrupt,1,KERNSTOR 1118769323 2005.06.14 R20-M0-ND-C:J15-U11 2005-06-14-10.15.23.940275 R20-M0-ND-C:J15-U11 RAS KERNEL FATAL data storage interrupt,KERNSTOR,few_shot,1,1," TYPE=RAS COMPONENT=KERNEL LEVEL=FATAL CONTENT=data storage interrupt
Label: 1
Log",0,134.23093900019012
26,TYPE=RAS COMPONENT=KERNEL LEVEL=INFO CONTENT=generating core.8275,0,- 1117979227 2005.06.05 R01-M1-N7-C:J04-U11 2005-06-05-06.47.07.157021 R01-M1-N7-C:J04-U11 RAS KERNEL INFO generating core.8275,-,few_shot,1,0,"1

Log entry: TYPE=RAS COMPONENT=KERNEL LEVEL=INFO CONTENT=generating core.8275
Label: 0
Log",0,152.9123889999937
1770,TYPE=RAS COMPONENT=KERNEL LEVEL=INFO CONTENT=MACHINE CHECK DCR read timeout (mc=e08x iar 0x00000000 lr 0xc00045a4),0,- 1132584495 2005.11.21 R26-M0-N0-I:J18-U11 2005-11-21-06.48.15.351050 R26-M0-N0-I:J18-U11 RAS KERNEL INFO MACHINE CHECK DCR read timeout (mc=e08x iar 0x00000000 lr 0xc00045a4),-,few_shot,0,1," 0
Log",0,152.9123889999937
437,TYPE=RAS COMPONENT=KERNEL LEVEL=INFO CONTENT=data store interrupt caused by dcbf.........0,0,- 1119803468 2005.06.26 R36-M1-ND-C:J16-U11 2005-06-26-09.31.08.715435 R36-M1-ND-C:J16-U11 RAS KERNEL INFO data store interrupt caused by dcbf.........0,-,few_shot,0,1,"Log entry: TYPE=RAS COMPONENT=KERNEL LEVEL=INFO CONTENT=data store interrupt caused by dcbf.........0
Label: 0
Log",0,152.9123889999937
1948,TYPE=NULL COMPONENT=DISCOVERY LEVEL=WARNING CONTENT=Node card is not fully functional,0,- 1133892304 2005.12.06 R12-M0-NC 2005-12-06-10.05.04.300635 R12-M0-NC NULL DISCOVERY WARNING Node card is not fully functional,-,few_shot,1,0,"
Label: 1

Log entry: TYPE=NULL COMPONENT=DISCOVERY LEVEL=WARNING CONTENT=Node card is not fully functional
Label: 0
Log",0,152.9123889999937
1388,"TYPE=RAS COMPONENT=KERNEL LEVEL=INFO CONTENT=CE sym 26, at 0x146ad540, mask 0x10",0,"- 1125817576 2005.09.04 R70-M1-NC-C:J09-U11 2005-09-04-00.06.16.089830 R70-M1-NC-C:J09-U11 RAS KERNEL INFO CE sym 26, at 0x146ad540, mask 0x10",-,few_shot,0,1," 0
Log",0,150.96876799998427
229,TYPE=RAS COMPONENT=KERNEL LEVEL=FATAL CONTENT=data address: 0x00000002,0,- 1118769450 2005.06.14 R26-M0-N9-C:J12-U01 2005-06-14-10.17.30.392758 R26-M0-N9-C:J12-U01 RAS KERNEL FATAL data address: 0x00000002,-,few_shot,0,1,"00000002
Label: 0
Log",0,150.96876799998427
37,TYPE=RAS COMPONENT=KERNEL LEVEL=INFO CONTENT=generating core.2218,0,- 1117987420 2005.06.05 R37-M0-N7-C:J08-U11 2005-06-05-09.03.40.673488 R37-M0-N7-C:J08-U11 RAS KERNEL INFO generating core.2218,-,few_shot,0,1," LEVEL=INFO CONTENT=generating core.2218
Label: 0
Log",0,150.96876799998427
749,TYPE=RAS COMPONENT=KERNEL LEVEL=INFO CONTENT=generating core.10842,0,- 1120958403 2005.07.09 R21-M0-N3-C:J06-U11 2005-07-09-18.20.03.745197 R21-M0-N3-C:J06-U11 RAS KERNEL INFO generating core.10842,-,few_shot,0,1,"INFO CONTENT=generating core.10842
Label: 0
Log",0,150.96876799998427
1045,TYPE=RAS COMPONENT=KERNEL LEVEL=INFO CONTENT=8 floating point alignment exceptions,0,- 1121901372 2005.07.20 R35-M1-N4-C:J17-U01 2005-07-20-16.16.12.601313 R35-M1-N4-C:J17-U01 RAS KERNEL INFO 8 floating point alignment exceptions,-,few_shot,1,0,"=ciod: error reading message header
Label: 1

Log entry: TYPE=RAS COMPONENT=KERNEL LEVEL=INFO CONTENT=8 floating point alignment exceptions
Label: 0
Log",0,153.48571150025236
1398,TYPE=RAS COMPONENT=APP LEVEL=FATAL CONTENT=ciod: Error reading message prefix after LOAD_MESSAGE on CioStream socket to 172.16.96.116:45713: Link has been severed,1,APPSEV 1126434160 2005.09.11 R43-M0-N8-I:J18-U11 2005-09-11-03.22.40.852080 R43-M0-N8-I:J18-U11 RAS APP FATAL ciod: Error reading message prefix after LOAD_MESSAGE on CioStream socket to 172.16.96.116:45713: Link has been severed,APPSEV,few_shot,1,1," 1
Log",0,153.48571150025236
469,TYPE=RAS COMPONENT=KERNEL LEVEL=INFO CONTENT=344040 double-hummer alignment exceptions,0,- 1120094424 2005.06.29 R10-M0-N9-C:J05-U01 2005-06-29-18.20.24.553240 R10-M0-N9-C:J05-U01 RAS KERNEL INFO 344040 double-hummer alignment exceptions,-,few_shot,0,1,"

Log entry: TYPE=RAS COMPONENT=KERNEL LEVEL=INFO CONTENT=344040 double-hummer alignment exceptions
Label: 0
Log",0,153.48571150025236
1692,TYPE=RAS COMPONENT=KERNEL LEVEL=INFO CONTENT=instruction cache parity error corrected,0,- 1131347286 2005.11.06 R63-M0-N3-C:J02-U11 2005-11-06-23.08.06.640071 R63-M0-N3-C:J02-U11 RAS KERNEL INFO instruction cache parity error corrected,-,few_shot,1,0,"=ciod: error reading message header
Label: 1

Log entry: TYPE=RAS COMPONENT=KERNEL LEVEL=INFO CONTENT=instruction cache parity error corrected
Label: 0
Log",0,153.48571150025236
1967,"TYPE=RAS COMPONENT=APP LEVEL=FATAL CONTENT=ciod: Error loading /p/gb1/stella/UMT2K/1325/umt2k_DD: invalid or missing program image, Permission denied",0,"- 1134160534 2005.12.09 R61-M1-N8-I:J18-U01 2005-12-09-12.35.34.641975 R61-M1-N8-I:J18-U01 RAS APP FATAL ciod: Error loading /p/gb1/stella/UMT2K/1325/umt2k_DD: invalid or missing program image, Permission denied",-,few_shot,1,0," 1
Log",0,151.6145804998814
687,TYPE=RAS COMPONENT=KERNEL LEVEL=INFO CONTENT=generating core.10930,0,- 1120938041 2005.07.09 R37-M0-N5-C:J08-U11 2005-07-09-12.40.41.552838 R37-M0-N5-C:J08-U11 RAS KERNEL INFO generating core.10930,-,few_shot,0,1,"

Log entry: TYPE=RAS COMPONENT=KERNEL LEVEL=INFO CONTENT=generating core.10930
Label: 0
Log",0,151.6145804998814
1843,"TYPE=RAS COMPONENT=KERNEL LEVEL=INFO CONTENT=10646 total interrupts. 0 critical input interrupts. 0 microseconds total spent on critical input interrupts, 0 microseconds max time in a critical input interrupt.",0,"- 1133448448 2005.12.01 R73-M0-NE-C:J14-U01 2005-12-01-06.47.28.616018 R73-M0-NE-C:J14-U01 RAS KERNEL INFO 10646 total interrupts. 0 critical input interrupts. 0 microseconds total spent on critical input interrupts, 0 microseconds max time in a critical input interrupt.",-,few_shot,0,1,"Label: 0
Log",0,151.6145804998814
639,TYPE=RAS COMPONENT=KERNEL LEVEL=INFO CONTENT=generating core.18129,0,- 1120931244 2005.07.09 R37-M1-N7-C:J11-U01 2005-07-09-10.47.24.204096 R37-M1-N7-C:J11-U01 RAS KERNEL INFO generating core.18129,-,few_shot,0,1,"

Log entry: TYPE=RAS COMPONENT=KERNEL LEVEL=INFO CONTENT=generating core.18129
Label: 0
Log",0,151.6145804998814
1712,TYPE=RAS COMPONENT=KERNEL LEVEL=INFO CONTENT=iar 001061b4 dear 024701ac,0,- 1131477542 2005.11.08 R62-M0-ND-C:J03-U11 2005-11-08-11.19.02.975234 R62-M0-ND-C:J03-U11 RAS KERNEL INFO iar 001061b4 dear 024701ac,-,few_shot,0,1,"=KERNEL LEVEL=INFO CONTENT=iar 001061b4 dear 024701ac
Label: 0
Log",0,153.88166225011446
1218,TYPE=NULL COMPONENT=DISCOVERY LEVEL=WARNING CONTENT=Node card is not fully functional,0,- 1123178302 2005.08.04 R06-M1-ND 2005-08-04-10.58.22.010246 R06-M1-ND NULL DISCOVERY WARNING Node card is not fully functional,-,few_shot,1,0,"=APP LEVEL=FATAL CONTENT=ciod: error reading message header
Label: 1

Log entry: TYPE=NULL COMPONENT=DISCOVERY LEVEL=WARNING CONTENT=Node card is not fully functional
Label: 0
Log",0,153.88166225011446
1158,TYPE=RAS COMPONENT=KERNEL LEVEL=INFO CONTENT=generating core.15977,0,- 1122256784 2005.07.24 R17-M1-N9-C:J11-U11 2005-07-24-18.59.44.109317 R17-M1-N9-C:J11-U11 RAS KERNEL INFO generating core.15977,-,few_shot,1,0,"=ciod: error reading message header
Label: 1

Log entry: TYPE=RAS COMPONENT=KERNEL LEVEL=INFO CONTENT=generating core.15977
Label: 0
Log",0,153.88166225011446
1415,"TYPE=RAS COMPONENT=MMCS LEVEL=ERROR CONTENT=idoproxydb hit ASSERT condition: ASSERT expression=0 Source file=idotransportmgr.cpp Source line=1043 Function=int IdoTransportMgr::SendPacket(IdoUdpMgr*, BglCtlPavTrace*)",0,"- 1127243213 2005.09.20 NULL 2005-09-20-12.06.53.608772 NULL RAS MMCS ERROR idoproxydb hit ASSERT condition: ASSERT expression=0 Source file=idotransportmgr.cpp Source line=1043 Function=int IdoTransportMgr::SendPacket(IdoUdpMgr*, BglCtlPavTrace*)",-,few_shot,1,0," 1
Log",0,153.88166225011446
1527,"TYPE=RAS COMPONENT=KERNEL LEVEL=INFO CONTENT=CE sym 30, at 0x1bd2b700, mask 0x04",0,"- 1131019038 2005.11.03 R27-M1-N8-C:J16-U11 2005-11-03-03.57.18.815377 R27-M1-N8-C:J16-U11 RAS KERNEL INFO CE sym 30, at 0x1bd2b700, mask 0x04",-,few_shot,0,1,", mask 0x04
Label: 0
Log",0,154.0677652501472
1655,TYPE=RAS COMPONENT=KERNEL LEVEL=INFO CONTENT=iar 00105fd4 dear 0245a09c,0,- 1131128074 2005.11.04 R62-M0-N9-C:J08-U11 2005-11-04-10.14.34.823505 R62-M0-N9-C:J08-U11 RAS KERNEL INFO iar 00105fd4 dear 0245a09c,-,few_shot,0,1,"fd4 dear 0245a09c
Label: 0
Log",0,154.0677652501472
1300,TYPE=RAS COMPONENT=KERNEL LEVEL=INFO CONTENT=3095040 double-hummer alignment exceptions,0,- 1125083978 2005.08.26 R66-M1-NC-C:J14-U11 2005-08-26-12.19.38.583415 R66-M1-NC-C:J14-U11 RAS KERNEL INFO 3095040 double-hummer alignment exceptions,-,few_shot,0,1,"=KERNEL LEVEL=INFO CONTENT=3095040 double-hummer alignment exceptions
Label: 0
Log",0,154.0677652501472
1822,"TYPE=RAS COMPONENT=KERNEL LEVEL=INFO CONTENT=10722 total interrupts. 0 critical input interrupts. 0 microseconds total spent on critical input interrupts, 0 microseconds max time in a critical input interrupt.",0,"- 1133448053 2005.12.01 R37-M0-N3-C:J11-U11 2005-12-01-06.40.53.513066 R37-M0-N3-C:J11-U11 RAS KERNEL INFO 10722 total interrupts. 0 critical input interrupts. 0 microseconds total spent on critical input interrupts, 0 microseconds max time in a critical input interrupt.",-,few_shot,0,1," 0
Log",0,154.0677652501472
800,TYPE=RAS COMPONENT=KERNEL LEVEL=INFO CONTENT=generating core.2233,0,- 1120972565 2005.07.09 R01-M1-N7-C:J11-U11 2005-07-09-22.16.05.307549 R01-M1-N7-C:J11-U11 RAS KERNEL INFO generating core.2233,-,few_shot,0,1,"
Label: 0
Log",0,134.181125250052
1603,TYPE=RAS COMPONENT=KERNEL LEVEL=INFO CONTENT=2354412 floating point alignment exceptions,0,- 1131063752 2005.11.03 R41-M0-N9-C:J16-U11 2005-11-03-16.22.32.185151 R41-M0-N9-C:J16-U11 RAS KERNEL INFO 2354412 floating point alignment exceptions,-,few_shot,0,1," 0
Log",0,134.181125250052
160,TYPE=RAS COMPONENT=KERNEL LEVEL=FATAL CONTENT=data TLB error interrupt,1,KERNDTLB 1118556754 2005.06.11 R30-M0-N9-C:J16-U01 2005-06-11-23.12.34.701151 R30-M0-N9-C:J16-U01 RAS KERNEL FATAL data TLB error interrupt,KERNDTLB,few_shot,1,1," TLB error interrupt
Label: 1
Log",0,134.181125250052
956,TYPE=RAS COMPONENT=KERNEL LEVEL=INFO CONTENT=generating core.41718,0,- 1121493913 2005.07.15 R37-M0-N6-C:J09-U11 2005-07-15-23.05.13.065015 R37-M0-N6-C:J09-U11 RAS KERNEL INFO generating core.41718,-,few_shot,0,1,"Label: 0
Log",0,134.181125250052
1186,TYPE=RAS COMPONENT=KERNEL LEVEL=INFO CONTENT=generating core.59977,0,- 1122431319 2005.07.26 R16-M0-ND-C:J13-U01 2005-07-26-19.28.39.863604 R16-M0-ND-C:J13-U01 RAS KERNEL INFO generating core.59977,-,few_shot,1,0,"1

Log entry: TYPE=RAS COMPONENT=KERNEL LEVEL=INFO CONTENT=generating core.59977
Label: 0
Log",0,151.5923759998259
821,"TYPE=RAS COMPONENT=APP LEVEL=FATAL CONTENT=ciod: Error loading /home/greeno/raptor.new.dev.3d.BGL.CXX_XL.MPI.ex: invalid or missing program image, No such file or directory",0,"- 1121111691 2005.07.11 R22-M0-N0-I:J18-U11 2005-07-11-12.54.51.738880 R22-M0-N0-I:J18-U11 RAS APP FATAL ciod: Error loading /home/greeno/raptor.new.dev.3d.BGL.CXX_XL.MPI.ex: invalid or missing program image, No such file or directory",-,few_shot,1,0," 1
Log",0,151.5923759998259
1681,TYPE=RAS COMPONENT=KERNEL LEVEL=INFO CONTENT=iar 0010653c dear 0245a63c,0,- 1131147273 2005.11.04 R63-M0-N4-C:J05-U11 2005-11-04-15.34.33.610222 R63-M0-N4-C:J05-U11 RAS KERNEL INFO iar 0010653c dear 0245a63c,-,few_shot,0,1,"653c dear 0245a63c
Label: 0
Log",0,151.5923759998259
877,TYPE=RAS COMPONENT=KERNEL LEVEL=INFO CONTENT=generating core.25712,0,- 1121308295 2005.07.13 R31-M1-N5-C:J17-U11 2005-07-13-19.31.35.927185 R31-M1-N5-C:J17-U11 RAS KERNEL INFO generating core.25712,-,few_shot,1,0,"1

Log entry: TYPE=RAS COMPONENT=KERNEL LEVEL=INFO CONTENT=generating core.25712
Label: 0
Log",0,151.5923759998259
913,TYPE=RAS COMPONENT=KERNEL LEVEL=INFO CONTENT=generating core.5009,0,- 1121312104 2005.07.13 R33-M0-NF-C:J10-U11 2005-07-13-20.35.04.592115 R33-M0-NF-C:J10-U11 RAS KERNEL INFO generating core.5009,-,few_shot,0,1,"

Log entry: TYPE=RAS COMPONENT=KERNEL LEVEL=INFO CONTENT=generating core.5009
Label: 0
Log",0,151.3920284996857
152,TYPE=RAS COMPONENT=KERNEL LEVEL=FATAL CONTENT=data TLB error interrupt,1,KERNDTLB 1118553263 2005.06.11 R30-M0-N9-C:J16-U01 2005-06-11-22.14.23.973994 R30-M0-N9-C:J16-U01 RAS KERNEL FATAL data TLB error interrupt,KERNDTLB,few_shot,1,1," reading message header
Label: 1

Log entry: TYPE=RAS COMPONENT=KERNEL LEVEL=FATAL CONTENT=data TLB error interrupt
Label: 1
Log",0,151.3920284996857
1870,"TYPE=RAS COMPONENT=KERNEL LEVEL=INFO CONTENT=10698 total interrupts. 0 critical input interrupts. 0 microseconds total spent on critical input interrupts, 0 microseconds max time in a critical input interrupt.",0,"- 1133454611 2005.12.01 R16-M1-ND-C:J05-U11 2005-12-01-08.30.11.278697 R16-M1-ND-C:J05-U11 RAS KERNEL INFO 10698 total interrupts. 0 critical input interrupts. 0 microseconds total spent on critical input interrupts, 0 microseconds max time in a critical input interrupt.",-,few_shot,0,1," 0
Log",0,151.3920284996857
1776,"TYPE=RAS COMPONENT=KERNEL LEVEL=INFO CONTENT=ciod: Received signal 15, code=0, errno=0, address=0x000001b2",0,"- 1132596009 2005.11.21 R16-M0-NC-I:J18-U01 2005-11-21-10.00.09.399765 R16-M0-NC-I:J18-U01 RAS KERNEL INFO ciod: Received signal 15, code=0, errno=0, address=0x000001b2",-,few_shot,0,1,"1b2
Label: 0
Log",0,151.3920284996857
509,TYPE=RAS COMPONENT=KERNEL LEVEL=INFO CONTENT=generating core.28084,0,- 1120216591 2005.07.01 R33-M1-N8-C:J17-U11 2005-07-01-04.16.31.056361 R33-M1-N8-C:J17-U11 RAS KERNEL INFO generating core.28084,-,few_shot,1,0," message header
Label: 1

Log entry: TYPE=RAS COMPONENT=KERNEL LEVEL=INFO CONTENT=generating core.28084
Label: 0
Log",0,155.0012462498671
1135,TYPE=RAS COMPONENT=KERNEL LEVEL=INFO CONTENT=5 floating point alignment exceptions,0,- 1122166538 2005.07.23 R15-M1-N3-C:J11-U11 2005-07-23-17.55.38.692000 R15-M1-N3-C:J11-U11 RAS KERNEL INFO 5 floating point alignment exceptions,-,few_shot,1,0,"=FATAL CONTENT=ciod: error reading message header
Label: 1

Log entry: TYPE=RAS COMPONENT=KERNEL LEVEL=INFO CONTENT=5 floating point alignment exceptions
Label: 0
Log",0,155.0012462498671
1250,"TYPE=RAS COMPONENT=APP LEVEL=FATAL CONTENT=ciod: Error loading /bgl/apps/scaletest/performance/MINIBEN/mb_243_0810/allreduce.rts: invalid or missing program image, Exec format error",0,"- 1123915673 2005.08.12 R66-M1-N4-I:J18-U01 2005-08-12-23.47.53.914235 R66-M1-N4-I:J18-U01 RAS APP FATAL ciod: Error loading /bgl/apps/scaletest/performance/MINIBEN/mb_243_0810/allreduce.rts: invalid or missing program image, Exec format error",-,few_shot,1,0," 1
Log",0,155.0012462498671
1683,TYPE=RAS COMPONENT=KERNEL LEVEL=INFO CONTENT=428412 floating point alignment exceptions,0,- 1131148435 2005.11.04 R63-M0-N7-C:J09-U01 2005-11-04-15.53.55.739224 R63-M0-N7-C:J09-U01 RAS KERNEL INFO 428412 floating point alignment exceptions,-,few_shot,1,0,"
Label: 1

Log entry: TYPE=RAS COMPONENT=KERNEL LEVEL=INFO CONTENT=428412 floating point alignment exceptions
Label: 0
Log",0,155.0012462498671
103,TYPE=RAS COMPONENT=KERNEL LEVEL=FATAL CONTENT=data TLB error interrupt,1,KERNDTLB 1118536327 2005.06.11 R30-M0-N9-C:J16-U01 2005-06-11-17.32.07.581048 R30-M0-N9-C:J16-U01 RAS KERNEL FATAL data TLB error interrupt,KERNDTLB,few_shot,1,1,"1

Log entry: TYPE=RAS COMPONENT=KERNEL LEVEL=FATAL CONTENT=data TLB error interrupt
Label: 1
Log",0,152.5755892498637
1445,"TYPE=RAS COMPONENT=APP LEVEL=FATAL CONTENT=ciod: Error loading /home/yates//torus-latency.rts: invalid or missing program image, No such file or directory",0,"- 1127264397 2005.09.20 R34-M1-N8-I:J18-U01 2005-09-20-17.59.57.105133 R34-M1-N8-I:J18-U01 RAS APP FATAL ciod: Error loading /home/yates//torus-latency.rts: invalid or missing program image, No such file or directory",-,few_shot,1,0," 1
Log",0,152.5755892498637
1443,"TYPE=RAS COMPONENT=APP LEVEL=FATAL CONTENT=ciod: Error loading /home/yates//torus-latency.rts: invalid or missing program image, No such file or directory",0,"- 1127264333 2005.09.20 R45-M0-N0-I:J18-U01 2005-09-20-17.58.53.385609 R45-M0-N0-I:J18-U01 RAS APP FATAL ciod: Error loading /home/yates//torus-latency.rts: invalid or missing program image, No such file or directory",-,few_shot,1,0," 1
Log",0,152.5755892498637
586,TYPE=RAS COMPONENT=KERNEL LEVEL=INFO CONTENT=generating core.9778,0,- 1120486467 2005.07.04 R10-M1-N1-C:J09-U01 2005-07-04-07.14.27.442953 R10-M1-N1-C:J09-U01 RAS KERNEL INFO generating core.9778,-,few_shot,0,1," COMPONENT=KERNEL LEVEL=INFO CONTENT=generating core.9778
Label: 0
Log",0,152.5755892498637
1768,"TYPE=RAS COMPONENT=KERNEL LEVEL=INFO CONTENT=ciod: Received signal 15, code=0, errno=0, address=0x000001b0",0,"- 1132579592 2005.11.21 R10-M1-N0-I:J18-U11 2005-11-21-05.26.32.169664 R10-M1-N0-I:J18-U11 RAS KERNEL INFO ciod: Received signal 15, code=0, errno=0, address=0x000001b0",-,few_shot,0,1," 0
Log",0,152.73698200007857
1143,TYPE=RAS COMPONENT=KERNEL LEVEL=INFO CONTENT=685 floating point alignment exceptions,0,- 1122167432 2005.07.23 R11-M1-N9-C:J07-U11 2005-07-23-18.10.32.223048 R11-M1-N9-C:J07-U11 RAS KERNEL INFO 685 floating point alignment exceptions,-,few_shot,0,1," TYPE=RAS COMPONENT=KERNEL LEVEL=INFO CONTENT=685 floating point alignment exceptions
Label: 0
Log",0,152.73698200007857
53,TYPE=RAS COMPONENT=KERNEL LEVEL=INFO CONTENT=generating core.1588,0,- 1117991046 2005.06.05 R30-M0-N0-C:J17-U01 2005-06-05-10.04.06.326828 R30-M0-N0-C:J17-U01 RAS KERNEL INFO generating core.1588,-,few_shot,0,1,"AS COMPONENT=KERNEL LEVEL=INFO CONTENT=generating core.1588
Label: 0
Log",0,152.73698200007857
151,TYPE=RAS COMPONENT=KERNEL LEVEL=FATAL CONTENT=data TLB error interrupt,1,KERNDTLB 1118552875 2005.06.11 R30-M0-N9-C:J16-U01 2005-06-11-22.07.55.838589 R30-M0-N9-C:J16-U01 RAS KERNEL FATAL data TLB error interrupt,KERNDTLB,few_shot,1,1," 1

Log entry: TYPE=RAS COMPONENT=KERNEL LEVEL=FATAL CONTENT=data TLB error interrupt
Label: 1
Log",0,152.73698200007857
403,TYPE=RAS COMPONENT=KERNEL LEVEL=INFO CONTENT=generating core.9654,0,- 1119715602 2005.06.25 R35-M0-N6-C:J06-U11 2005-06-25-09.06.42.210046 R35-M0-N6-C:J06-U11 RAS KERNEL INFO generating core.9654,-,few_shot,0,1,": TYPE=RAS COMPONENT=KERNEL LEVEL=INFO CONTENT=generating core.9654
Label: 0
Log",0,151.40603249983542
1942,"TYPE=RAS COMPONENT=KERNEL LEVEL=INFO CONTENT=159 ddr error(s) detected and corrected on rank 0, symbol 29 over 2486 seconds",0,"- 1133715641 2005.12.04 R23-M0-NC-C:J05-U01 2005-12-04-09.00.41.190112 R23-M0-NC-C:J05-U01 RAS KERNEL INFO 159 ddr error(s) detected and corrected on rank 0, symbol 29 over 2486 seconds",-,few_shot,0,1," seconds
Label: 0
Log",0,151.40603249983542
207,TYPE=RAS COMPONENT=KERNEL LEVEL=FATAL CONTENT=machine check: i-fetch......................0,0,- 1118767320 2005.06.14 R25-M1-N9-C:J06-U11 2005-06-14-09.42.00.555171 R25-M1-N9-C:J06-U11 RAS KERNEL FATAL machine check: i-fetch......................0,-,few_shot,0,1,": TYPE=RAS COMPONENT=KERNEL LEVEL=FATAL CONTENT=machine check: i-fetch......................0
Label: 0
Log",0,151.40603249983542
1894,TYPE=RAS COMPONENT=KERNEL LEVEL=INFO CONTENT=0 microseconds spent in the rbs signal handler during 0 calls. 0 microseconds was the maximum time for a single instance of a correctable ddr.,0,- 1133455110 2005.12.01 R71-M1-N3-C:J08-U01 2005-12-01-08.38.30.513495 R71-M1-N3-C:J08-U01 RAS KERNEL INFO 0 microseconds spent in the rbs signal handler during 0 calls. 0 microseconds was the maximum time for a single instance of a correctable ddr.,-,few_shot,0,1," 0
Log",0,151.40603249983542
1122,TYPE=RAS COMPONENT=KERNEL LEVEL=INFO CONTENT=5 floating point alignment exceptions,0,- 1122165588 2005.07.23 R17-M0-N4-C:J06-U11 2005-07-23-17.39.48.305148 R17-M0-N4-C:J06-U11 RAS KERNEL INFO 5 floating point alignment exceptions,-,few_shot,1,0," reading message header
Label: 1

Log entry: TYPE=RAS COMPONENT=KERNEL LEVEL=INFO CONTENT=5 floating point alignment exceptions
Label: 0
Log",0,153.99161425011698
1890,"TYPE=RAS COMPONENT=KERNEL LEVEL=INFO CONTENT=10722 total interrupts. 0 critical input interrupts. 0 microseconds total spent on critical input interrupts, 0 microseconds max time in a critical input interrupt.",0,"- 1133455058 2005.12.01 R53-M1-N9-C:J11-U11 2005-12-01-08.37.38.478575 R53-M1-N9-C:J11-U11 RAS KERNEL INFO 10722 total interrupts. 0 critical input interrupts. 0 microseconds total spent on critical input interrupts, 0 microseconds max time in a critical input interrupt.",-,few_shot,0,1,"Label: 0
Log",0,153.99161425011698
8,TYPE=RAS COMPONENT=APP LEVEL=FATAL CONTENT=ciod: failed to read message prefix on control stream (CioStream socket to 172.16.96.116:33569,1,APPREAD 1117869872 2005.06.04 R04-M1-N4-I:J18-U11 2005-06-04-00.24.32.432192 R04-M1-N4-I:J18-U11 RAS APP FATAL ciod: failed to read message prefix on control stream (CioStream socket to 172.16.96.116:33569,APPREAD,few_shot,0,0," 0
Log",0,153.99161425011698
1014,TYPE=RAS COMPONENT=KERNEL LEVEL=INFO CONTENT=generating core.51421,0,- 1121599491 2005.07.17 R21-M0-N4-C:J13-U01 2005-07-17-04.24.51.040618 R21-M0-N4-C:J13-U01 RAS KERNEL INFO generating core.51421,-,few_shot,0,1,"

Log entry: TYPE=RAS COMPONENT=KERNEL LEVEL=INFO CONTENT=generating core.51421
Label: 0
Log",0,153.99161425011698
1906,"TYPE=RAS COMPONENT=KERNEL LEVEL=INFO CONTENT=10722 total interrupts. 0 critical input interrupts. 0 microseconds total spent on critical input interrupts, 0 microseconds max time in a critical input interrupt.",0,"- 1133455305 2005.12.01 R66-M0-N5-C:J13-U11 2005-12-01-08.41.45.677601 R66-M0-N5-C:J13-U11 RAS KERNEL INFO 10722 total interrupts. 0 critical input interrupts. 0 microseconds total spent on critical input interrupts, 0 microseconds max time in a critical input interrupt.",-,few_shot,0,1," 0
Log",0,152.0295834998251
1060,TYPE=RAS COMPONENT=KERNEL LEVEL=INFO CONTENT=8 floating point alignment exceptions,0,- 1121903735 2005.07.20 R12-M1-N5-C:J15-U11 2005-07-20-16.55.35.876056 R12-M1-N5-C:J15-U11 RAS KERNEL INFO 8 floating point alignment exceptions,-,few_shot,1,0," header
Label: 1

Log entry: TYPE=RAS COMPONENT=KERNEL LEVEL=INFO CONTENT=8 floating point alignment exceptions
Label: 0
Log",0,152.0295834998251
452,TYPE=RAS COMPONENT=KERNEL LEVEL=INFO CONTENT=program interrupt: privileged instruction...0,0,- 1119807218 2005.06.26 R35-M1-NF-C:J15-U01 2005-06-26-10.33.38.646025 R35-M1-NF-C:J15-U01 RAS KERNEL INFO program interrupt: privileged instruction...0,-,few_shot,1,0," 1

Log entry: TYPE=RAS COMPONENT=KERNEL LEVEL=INFO CONTENT=program interrupt: privileged instruction...0
Label: 1
Log",0,152.0295834998251
253,"TYPE=RAS COMPONENT=KERNEL LEVEL=FATAL CONTENT=problem state (0=sup,1=usr).......0",0,"- 1118770954 2005.06.14 R26-M0-N4-C:J15-U11 2005-06-14-10.42.34.598602 R26-M0-N4-C:J15-U11 RAS KERNEL FATAL problem state (0=sup,1=usr).......0",-,few_shot,0,1," LEVEL=FATAL CONTENT=problem state (0=sup,1=usr).......0
Label: 0
Log",0,152.0295834998251
1327,"TYPE=RAS COMPONENT=KERNEL LEVEL=INFO CONTENT=1 ddr errors(s) detected and corrected on rank 0, symbol 28, bit 3",0,"- 1125114716 2005.08.26 R74-M1-N0-C:J12-U01 2005-08-26-20.51.56.845739 R74-M1-N0-C:J12-U01 RAS KERNEL INFO 1 ddr errors(s) detected and corrected on rank 0, symbol 28, bit 3",-,few_shot,0,1,"Label: 0
Log",0,152.65185600037512
896,TYPE=RAS COMPONENT=KERNEL LEVEL=INFO CONTENT=generating core.29367,0,- 1121311109 2005.07.13 R34-M1-NE-C:J03-U11 2005-07-13-20.18.29.526143 R34-M1-NE-C:J03-U11 RAS KERNEL INFO generating core.29367,-,few_shot,0,1,"INFO CONTENT=generating core.29367
Label: 0
Log",0,152.65185600037512
1733,"TYPE=RAS COMPONENT=KERNEL LEVEL=INFO CONTENT=CE sym 9, at 0x12870760, mask 0x40",0,"- 1131601592 2005.11.09 R45-M1-NA-C:J10-U01 2005-11-09-21.46.32.491859 R45-M1-NA-C:J10-U01 RAS KERNEL INFO CE sym 9, at 0x12870760, mask 0x40",-,few_shot,0,1," 0
Log",0,152.65185600037512
880,TYPE=RAS COMPONENT=KERNEL LEVEL=INFO CONTENT=generating core.5381,0,- 1121308565 2005.07.13 R01-M0-NC-C:J12-U01 2005-07-13-19.36.05.649243 R01-M0-NC-C:J12-U01 RAS KERNEL INFO generating core.5381,-,few_shot,0,1," LEVEL=INFO CONTENT=generating core.5381
Label: 0
Log",0,152.65185600037512
1595,TYPE=RAS COMPONENT=KERNEL LEVEL=INFO CONTENT=iar 00106580 dear 045e141c,0,- 1131061732 2005.11.03 R65-M0-N8-C:J15-U01 2005-11-03-15.48.52.839931 R65-M0-N8-C:J15-U01 RAS KERNEL INFO iar 00106580 dear 045e141c,-,few_shot,0,1,"580 dear 045e141c
Label: 0
Log",0,151.53963000011572
1888,TYPE=RAS COMPONENT=KERNEL LEVEL=INFO CONTENT=0 microseconds spent in the rbs signal handler during 0 calls. 0 microseconds was the maximum time for a single instance of a correctable ddr.,0,- 1133454977 2005.12.01 R35-M0-NC-C:J15-U11 2005-12-01-08.36.17.734289 R35-M0-NC-C:J15-U11 RAS KERNEL INFO 0 microseconds spent in the rbs signal handler during 0 calls. 0 microseconds was the maximum time for a single instance of a correctable ddr.,-,few_shot,0,1," ddr.
Label: 0
Log",0,151.53963000011572
623,TYPE=RAS COMPONENT=KERNEL LEVEL=INFO CONTENT=generating core.9652,0,- 1120917279 2005.07.09 R16-M1-N2-C:J15-U01 2005-07-09-06.54.39.086324 R16-M1-N2-C:J15-U01 RAS KERNEL INFO generating core.9652,-,few_shot,1,0," 1

Log entry: TYPE=RAS COMPONENT=KERNEL LEVEL=INFO CONTENT=generating core.9652
Label: 0
Log",0,151.53963000011572
345,TYPE=RAS COMPONENT=APP LEVEL=FATAL CONTENT=ciod: failed to read message prefix on control stream (CioStream socket to 172.16.96.116:51706,1,APPREAD 1118958902 2005.06.16 R32-M1-N8-I:J18-U01 2005-06-16-14.55.02.074340 R32-M1-N8-I:J18-U01 RAS APP FATAL ciod: failed to read message prefix on control stream (CioStream socket to 172.16.96.116:51706,APPREAD,few_shot,1,1," 1
Log",0,151.53963000011572
1702,TYPE=RAS COMPONENT=KERNEL LEVEL=INFO CONTENT=iar 001061b4 dear 024701dc,0,- 1131473391 2005.11.08 R62-M0-NE-C:J03-U11 2005-11-08-10.09.51.058276 R62-M0-NE-C:J03-U11 RAS KERNEL INFO iar 001061b4 dear 024701dc,-,few_shot,0,1," 0
Log",0,132.90308149998964
262,TYPE=RAS COMPONENT=KERNEL LEVEL=FATAL CONTENT=floating pt ex mode 0 enable......0,0,- 1118771115 2005.06.14 R26-M0-N5-C:J11-U11 2005-06-14-10.45.15.849740 R26-M0-N5-C:J11-U11 RAS KERNEL FATAL floating pt ex mode 0 enable......0,-,few_shot,0,1," ex mode 0 enable......0
Label: 0
Log",0,132.90308149998964
1634,TYPE=RAS COMPONENT=KERNEL LEVEL=INFO CONTENT=iar 00106bd8 dear 0245cf3c,0,- 1131126736 2005.11.04 R62-M0-N6-C:J15-U11 2005-11-04-09.52.16.767608 R62-M0-N6-C:J15-U11 RAS KERNEL INFO iar 00106bd8 dear 0245cf3c,-,few_shot,0,1,": 0
Log",0,132.90308149998964
1321,TYPE=RAS COMPONENT=KERNEL LEVEL=INFO CONTENT=iar 003a9260 dear 00e24bd8,0,- 1125084517 2005.08.26 R77-M0-N8-C:J09-U01 2005-08-26-12.28.37.922676 R77-M0-N8-C:J09-U01 RAS KERNEL INFO iar 003a9260 dear 00e24bd8,-,few_shot,0,1," 0
Log",0,132.90308149998964
1438,"TYPE=NULL COMPONENT=DISCOVERY LEVEL=INFO CONTENT=Node card VPD check: U11 node in processor card slot J17 do not match. VPD ecid 04D97DB7937BFFFF05071B7054DA, found 04D081A3892FFFFF0D0B1C505AF3",0,"- 1127244289 2005.09.20 R05-M0-N6 2005-09-20-12.24.49.324668 R05-M0-N6 NULL DISCOVERY INFO Node card VPD check: U11 node in processor card slot J17 do not match. VPD ecid 04D97DB7937BFFFF05071B7054DA, found 04D081A3892FFFFF0D0B1C505AF3",-,few_shot,0,1," 0
Log",0,162.9596269999638
150,TYPE=RAS COMPONENT=KERNEL LEVEL=FATAL CONTENT=data TLB error interrupt,1,KERNDTLB 1118552811 2005.06.11 R30-M0-N9-C:J16-U01 2005-06-11-22.06.51.501364 R30-M0-N9-C:J16-U01 RAS KERNEL FATAL data TLB error interrupt,KERNDTLB,few_shot,1,1,"
Log entry: TYPE=RAS COMPONENT=KERNEL LEVEL=FATAL CONTENT=rts: kernel terminated
Label: 1
Log entry: TYPE=RAS COMPONENT=APP LEVEL=FATAL CONTENT=ciod: error reading message header
Label: 1

Log entry: TYPE=RAS COMPONENT=KERNEL LEVEL=FATAL CONTENT=data TLB error interrupt
Label: 1
Log",0,162.9596269999638
472,TYPE=RAS COMPONENT=KERNEL LEVEL=INFO CONTENT=generating core.2586,0,- 1120145216 2005.06.30 R26-M1-ND-C:J08-U01 2005-06-30-08.26.56.428983 R26-M1-ND-C:J08-U01 RAS KERNEL INFO generating core.2586,-,few_shot,1,0,"=KERNEL LEVEL=FATAL CONTENT=rts: kernel terminated
Label: 1
Log entry: TYPE=RAS COMPONENT=APP LEVEL=FATAL CONTENT=ciod: error reading message header
Label: 1

Log entry: TYPE=RAS COMPONENT=KERNEL LEVEL=INFO CONTENT=generating core.2586
Label: 0
Log",0,162.9596269999638
640,TYPE=RAS COMPONENT=KERNEL LEVEL=INFO CONTENT=generating core.47738,0,- 1120931305 2005.07.09 R27-M1-N9-C:J09-U11 2005-07-09-10.48.25.280918 R27-M1-N9-C:J09-U11 RAS KERNEL INFO generating core.47738,-,few_shot,1,0," LEVEL=FATAL CONTENT=rts: kernel terminated
Label: 1
Log entry: TYPE=RAS COMPONENT=APP LEVEL=FATAL CONTENT=ciod: error reading message header
Label: 1

Log entry: TYPE=RAS COMPONENT=KERNEL LEVEL=INFO CONTENT=generating core.47738
Label: 0
Log",0,162.9596269999638
1982,TYPE=RAS COMPONENT=KERNEL LEVEL=INFO CONTENT=total of 20 ddr error(s) detected and corrected over 22070 seconds,0,- 1134748483 2005.12.16 R60-M1-N7-C:J17-U01 2005-12-16-07.54.43.245870 R60-M1-N7-C:J17-U01 RAS KERNEL INFO total of 20 ddr error(s) detected and corrected over 22070 seconds,-,few_shot,0,1," 22070 seconds
Label: 0
Log",0,151.8870724999033
1882,TYPE=RAS COMPONENT=KERNEL LEVEL=INFO CONTENT=0 microseconds spent in the rbs signal handler during 0 calls. 0 microseconds was the maximum time for a single instance of a correctable ddr.,0,- 1133454783 2005.12.01 R05-M0-N5-C:J08-U11 2005-12-01-08.33.03.466525 R05-M0-N5-C:J08-U11 RAS KERNEL INFO 0 microseconds spent in the rbs signal handler during 0 calls. 0 microseconds was the maximum time for a single instance of a correctable ddr.,-,few_shot,0,1," 0
Log",0,151.8870724999033
550,TYPE=RAS COMPONENT=KERNEL LEVEL=INFO CONTENT=458720 double-hummer alignment exceptions,0,- 1120265656 2005.07.01 R23-M0-N6-C:J11-U01 2005-07-01-17.54.16.064998 R23-M0-N6-C:J11-U01 RAS KERNEL INFO 458720 double-hummer alignment exceptions,-,few_shot,0,1,"KERNEL LEVEL=INFO CONTENT=458720 double-hummer alignment exceptions
Label: 0
Log",0,151.8870724999033
1779,"TYPE=RAS COMPONENT=KERNEL LEVEL=INFO CONTENT=ciod: Received signal 15, code=0, errno=0, address=0x0000044a",0,"- 1132609277 2005.11.21 R55-M0-NC-I:J18-U01 2005-11-21-13.41.17.863430 R55-M0-NC-I:J18-U01 RAS KERNEL INFO ciod: Received signal 15, code=0, errno=0, address=0x0000044a",-,few_shot,0,1,"
Label: 0
Log",0,151.8870724999033
928,TYPE=RAS COMPONENT=KERNEL LEVEL=INFO CONTENT=generating core.14603,0,- 1121313580 2005.07.13 R26-M0-NB-C:J04-U01 2005-07-13-20.59.40.239374 R26-M0-NB-C:J04-U01 RAS KERNEL INFO generating core.14603,-,few_shot,0,1," entry: TYPE=RAS COMPONENT=KERNEL LEVEL=INFO CONTENT=generating core.14603
Label: 0
Log",0,153.08228525009326
488,TYPE=RAS COMPONENT=KERNEL LEVEL=INFO CONTENT=generating core.4246,0,- 1120148578 2005.06.30 R17-M0-NE-C:J09-U01 2005-06-30-09.22.58.210658 R17-M0-NE-C:J09-U01 RAS KERNEL INFO generating core.4246,-,few_shot,0,1,"

Log entry: TYPE=RAS COMPONENT=KERNEL LEVEL=INFO CONTENT=generating core.4246
Label: 0
Log",0,153.08228525009326
1811,"TYPE=RAS COMPONENT=KERNEL LEVEL=INFO CONTENT=10744 total interrupts. 0 critical input interrupts. 0 microseconds total spent on critical input interrupts, 0 microseconds max time in a critical input interrupt.",0,"- 1133447761 2005.12.01 R17-M0-N8-C:J09-U11 2005-12-01-06.36.01.057694 R17-M0-N8-C:J09-U11 RAS KERNEL INFO 10744 total interrupts. 0 critical input interrupts. 0 microseconds total spent on critical input interrupts, 0 microseconds max time in a critical input interrupt.",-,few_shot,0,1," 0
Log",0,153.08228525009326
1171,TYPE=RAS COMPONENT=KERNEL LEVEL=INFO CONTENT=generating core.42905,0,- 1122430512 2005.07.26 R23-M1-N7-C:J10-U01 2005-07-26-19.15.12.085226 R23-M1-N7-C:J10-U01 RAS KERNEL INFO generating core.42905,-,few_shot,0,1," entry: TYPE=RAS COMPONENT=KERNEL LEVEL=INFO CONTENT=generating core.42905
Label: 0
Log",0,153.08228525009326
146,TYPE=RAS COMPONENT=KERNEL LEVEL=FATAL CONTENT=data TLB error interrupt,1,KERNDTLB 1118551483 2005.06.11 R30-M0-N9-C:J16-U01 2005-06-11-21.44.43.496547 R30-M0-N9-C:J16-U01 RAS KERNEL FATAL data TLB error interrupt,KERNDTLB,few_shot,1,1," header
Label: 1

Log entry: TYPE=RAS COMPONENT=KERNEL LEVEL=FATAL CONTENT=data TLB error interrupt
Label: 1
Log",0,151.5486145003706
1704,TYPE=RAS COMPONENT=KERNEL LEVEL=INFO CONTENT=iar 00106200 dear 0247019c,0,- 1131473802 2005.11.08 R62-M0-NC-C:J14-U01 2005-11-08-10.16.42.854605 R62-M0-NC-C:J14-U01 RAS KERNEL INFO iar 00106200 dear 0247019c,-,few_shot,0,1," 0247019c
Label: 0
Log",0,151.5486145003706
1928,"TYPE=RAS COMPONENT=KERNEL LEVEL=INFO CONTENT=720 total interrupts. 0 critical input interrupts. 0 microseconds total spent on critical input interrupts, 0 microseconds max time in a critical input interrupt.",0,"- 1133458363 2005.12.01 R00-M0-N8-C:J17-U01 2005-12-01-09.32.43.947020 R00-M0-N8-C:J17-U01 RAS KERNEL INFO 720 total interrupts. 0 critical input interrupts. 0 microseconds total spent on critical input interrupts, 0 microseconds max time in a critical input interrupt.",-,few_shot,0,1," 0
Log",0,151.5486145003706
402,TYPE=RAS COMPONENT=KERNEL LEVEL=INFO CONTENT=generating core.37749,0,- 1119715593 2005.06.25 R32-M0-NA-C:J13-U11 2005-06-25-09.06.33.323216 R32-M0-NA-C:J13-U11 RAS KERNEL INFO generating core.37749,-,few_shot,0,1," TYPE=RAS COMPONENT=KERNEL LEVEL=INFO CONTENT=generating core.37749
Label: 0
Log",0,151.5486145003706
954,TYPE=RAS COMPONENT=KERNEL LEVEL=INFO CONTENT=generating core.59955,0,- 1121493806 2005.07.15 R36-M1-ND-C:J04-U11 2005-07-15-23.03.26.814988 R36-M1-ND-C:J04-U11 RAS KERNEL INFO generating core.59955,-,few_shot,0,1,"=RAS COMPONENT=KERNEL LEVEL=INFO CONTENT=generating core.59955
Label: 0
Log",0,151.35949575005725
1877,TYPE=RAS COMPONENT=KERNEL LEVEL=INFO CONTENT=0 microseconds spent in the rbs signal handler during 0 calls. 0 microseconds was the maximum time for a single instance of a correctable ddr.,0,- 1133454734 2005.12.01 R07-M1-N7-C:J14-U01 2005-12-01-08.32.14.399124 R07-M1-N7-C:J14-U01 RAS KERNEL INFO 0 microseconds spent in the rbs signal handler during 0 calls. 0 microseconds was the maximum time for a single instance of a correctable ddr.,-,few_shot,0,1," 0
Log",0,151.35949575005725
659,TYPE=RAS COMPONENT=KERNEL LEVEL=INFO CONTENT=generating core.36248,0,- 1120934002 2005.07.09 R24-M1-N5-C:J14-U01 2005-07-09-11.33.22.478541 R24-M1-N5-C:J14-U01 RAS KERNEL INFO generating core.36248,-,few_shot,0,1,"=RAS COMPONENT=KERNEL LEVEL=INFO CONTENT=generating core.36248
Label: 0
Log",0,151.35949575005725
1372,"TYPE=RAS COMPONENT=KERNEL LEVEL=INFO CONTENT=CE sym 26, at 0x07a95e80, mask 0x10",0,"- 1125238008 2005.08.28 R30-M0-N7-C:J09-U01 2005-08-28-07.06.48.138974 R30-M0-N7-C:J09-U01 RAS KERNEL INFO CE sym 26, at 0x07a95e80, mask 0x10",-,few_shot,0,1,"x10
Label: 0
Log",0,151.35949575005725
463,TYPE=RAS COMPONENT=KERNEL LEVEL=INFO CONTENT=generating core.179,0,- 1120091979 2005.06.29 R04-M0-N9-C:J15-U11 2005-06-29-17.39.39.542921 R04-M0-N9-C:J15-U11 RAS KERNEL INFO generating core.179,-,few_shot,0,1,"179
Label: 0
Log",0,132.64241225033402
1349,TYPE=RAS COMPONENT=KERNEL LEVEL=INFO CONTENT=39309752 double-hummer alignment exceptions,0,- 1125222491 2005.08.28 R42-M1-NE-C:J15-U11 2005-08-28-02.48.11.570833 R42-M1-NE-C:J15-U11 RAS KERNEL INFO 39309752 double-hummer alignment exceptions,-,few_shot,0,1," 0
Log",0,132.64241225033402
186,TYPE=RAS COMPONENT=KERNEL LEVEL=FATAL CONTENT=data storage interrupt,1,KERNSTOR 1118765277 2005.06.14 R12-M0-N2-C:J11-U01 2005-06-14-09.07.57.162326 R12-M0-N2-C:J11-U01 RAS KERNEL FATAL data storage interrupt,KERNSTOR,few_shot,1,1,"KERNEL LEVEL=FATAL CONTENT=data storage interrupt
Label: 1
Log",0,132.64241225033402
1147,TYPE=RAS COMPONENT=KERNEL LEVEL=INFO CONTENT=1005 floating point alignment exceptions,0,- 1122168668 2005.07.23 R14-M0-N1-C:J12-U11 2005-07-23-18.31.08.281027 R14-M0-N1-C:J12-U11 RAS KERNEL INFO 1005 floating point alignment exceptions,-,few_shot,0,1," alignment exceptions
Label: 0
Log",0,132.64241225033402
1224,TYPE=NULL COMPONENT=DISCOVERY LEVEL=INFO CONTENT=Ido chip status changed: FF:F2:9F:16:DC:81:00:0D:60:E9:23:7E ip=10.6.1.207 v=13 t=4 status=M Tue Aug 09 10:08:23 PDT 2005,0,- 1123607801 2005.08.09 UNKNOWN_LOCATION 2005-08-09-10.16.41.431406 UNKNOWN_LOCATION NULL DISCOVERY INFO Ido chip status changed: FF:F2:9F:16:DC:81:00:0D:60:E9:23:7E ip=10.6.1.207 v=13 t=4 status=M Tue Aug 09 10:08:23 PDT 2005,-,few_shot,0,1," 0
Log",0,162.01167725012056
608,TYPE=RAS COMPONENT=KERNEL LEVEL=INFO CONTENT=632431728 double-hummer alignment exceptions,0,- 1120776001 2005.07.07 R26-M0-N5-C:J12-U01 2005-07-07-15.40.01.608873 R26-M0-N5-C:J12-U01 RAS KERNEL INFO 632431728 double-hummer alignment exceptions,-,few_shot,1,0," terminated
Label: 1
Log entry: TYPE=RAS COMPONENT=APP LEVEL=FATAL CONTENT=ciod: error reading message header
Label: 1

Log entry: TYPE=RAS COMPONENT=KERNEL LEVEL=INFO CONTENT=632431728 double-hummer alignment exceptions
Label: 0
Log",0,162.01167725012056
143,TYPE=RAS COMPONENT=KERNEL LEVEL=FATAL CONTENT=data TLB error interrupt,1,KERNDTLB 1118550590 2005.06.11 R30-M0-N9-C:J16-U01 2005-06-11-21.29.50.731558 R30-M0-N9-C:J16-U01 RAS KERNEL FATAL data TLB error interrupt,KERNDTLB,few_shot,0,0," 0
Log entry: TYPE=RAS COMPONENT=KERNEL LEVEL=FATAL CONTENT=rts: kernel terminated
Label: 1
Log entry: TYPE=RAS COMPONENT=APP LEVEL=FATAL CONTENT=ciod: error reading message header
Label: 1

Log entry: TYPE=RAS COMPONENT=KERNEL LEVEL=FATAL CONTENT=data TLB error interrupt
Label: 1
Log",0,162.01167725012056
751,TYPE=RAS COMPONENT=KERNEL LEVEL=INFO CONTENT=1365301360 double-hummer alignment exceptions,0,- 1120967799 2005.07.09 R17-M0-NF-C:J13-U11 2005-07-09-20.56.39.594043 R17-M0-NF-C:J13-U11 RAS KERNEL INFO 1365301360 double-hummer alignment exceptions,-,few_shot,1,0,"Label: 1
Log entry: TYPE=RAS COMPONENT=APP LEVEL=FATAL CONTENT=ciod: error reading message header
Label: 1

Log entry: TYPE=RAS COMPONENT=KERNEL LEVEL=INFO CONTENT=1365301360 double-hummer alignment exceptions
Label: 0
Log",0,162.01167725012056
1534,TYPE=RAS COMPONENT=KERNEL LEVEL=INFO CONTENT=iar 00106210 dear 0244c1dc,0,- 1131057877 2005.11.03 R60-M1-NC-C:J10-U11 2005-11-03-14.44.37.862831 R60-M1-NC-C:J10-U11 RAS KERNEL INFO iar 00106210 dear 0244c1dc,-,few_shot,0,1," 0
Log",0,132.86125949980487
981,TYPE=RAS COMPONENT=KERNEL LEVEL=INFO CONTENT=generating core.22273,0,- 1121496365 2005.07.15 R03-M1-NB-C:J10-U01 2005-07-15-23.46.05.574350 R03-M1-NB-C:J10-U01 RAS KERNEL INFO generating core.22273,-,few_shot,0,1," core.22273
Label: 0
Log",0,132.86125949980487
197,TYPE=RAS COMPONENT=KERNEL LEVEL=FATAL CONTENT=instruction address: 0x00004ed8,0,- 1118765858 2005.06.14 R11-M0-N7-C:J10-U01 2005-06-14-09.17.38.154403 R11-M0-N7-C:J10-U01 RAS KERNEL FATAL instruction address: 0x00004ed8,-,few_shot,0,1,"4ed8
Label: 0
Log",0,132.86125949980487
1633,TYPE=RAS COMPONENT=KERNEL LEVEL=INFO CONTENT=iar 00106834 dear 0245cd0c,0,- 1131126706 2005.11.04 R62-M0-N6-C:J16-U01 2005-11-04-09.51.46.538961 R62-M0-N6-C:J16-U01 RAS KERNEL INFO iar 00106834 dear 0245cd0c,-,few_shot,0,1," 0
Log",0,132.86125949980487
883,TYPE=RAS COMPONENT=KERNEL LEVEL=INFO CONTENT=generating core.8374,0,- 1121308707 2005.07.13 R35-M1-NE-C:J09-U11 2005-07-13-19.38.27.805883 R35-M1-NE-C:J09-U11 RAS KERNEL INFO generating core.8374,-,few_shot,0,1,": TYPE=RAS COMPONENT=KERNEL LEVEL=INFO CONTENT=generating core.8374
Label: 0
Log",0,152.70726224980535
279,TYPE=RAS COMPONENT=KERNEL LEVEL=FATAL CONTENT=guaranteed data cache block touch........1,0,- 1118771928 2005.06.14 R27-M1-N4-C:J05-U11 2005-06-14-10.58.48.336960 R27-M1-N4-C:J05-U11 RAS KERNEL FATAL guaranteed data cache block touch........1,-,few_shot,1,0,"=RAS COMPONENT=KERNEL LEVEL=FATAL CONTENT=guaranteed data cache block touch........1
Label: 0
Log",0,152.70726224980535
293,TYPE=RAS COMPONENT=KERNEL LEVEL=FATAL CONTENT=special purpose registers:,0,- 1118772810 2005.06.14 R27-M0-N9-C:J12-U01 2005-06-14-11.13.30.870052 R27-M0-N9-C:J12-U01 RAS KERNEL FATAL special purpose registers:,-,few_shot,1,0," message header
Label: 1

Log entry: TYPE=RAS COMPONENT=KERNEL LEVEL=FATAL CONTENT=special purpose registers:
Label: 1
Log",0,152.70726224980535
1823,TYPE=RAS COMPONENT=KERNEL LEVEL=INFO CONTENT=0 microseconds spent in the rbs signal handler during 0 calls. 0 microseconds was the maximum time for a single instance of a correctable ddr.,0,- 1133448074 2005.12.01 R56-M0-NA-C:J12-U11 2005-12-01-06.41.14.286536 R56-M0-NA-C:J12-U11 RAS KERNEL INFO 0 microseconds spent in the rbs signal handler during 0 calls. 0 microseconds was the maximum time for a single instance of a correctable ddr.,-,few_shot,0,1," 0
Log",0,152.70726224980535
400,TYPE=RAS COMPONENT=KERNEL LEVEL=INFO CONTENT=generating core.9369,0,- 1119715453 2005.06.25 R21-M1-N7-C:J10-U01 2005-06-25-09.04.13.083368 R21-M1-N7-C:J10-U01 RAS KERNEL INFO generating core.9369,-,few_shot,1,0,"ATAL CONTENT=ciod: error reading message header
Label: 1

Log entry: TYPE=RAS COMPONENT=KERNEL LEVEL=INFO CONTENT=generating core.9369
Label: 0
Log",0,154.47571875029098
122,TYPE=RAS COMPONENT=KERNEL LEVEL=FATAL CONTENT=data TLB error interrupt,1,KERNDTLB 1118543043 2005.06.11 R30-M0-N9-C:J16-U01 2005-06-11-19.24.03.186547 R30-M0-N9-C:J16-U01 RAS KERNEL FATAL data TLB error interrupt,KERNDTLB,few_shot,1,1," TYPE=RAS COMPONENT=APP LEVEL=FATAL CONTENT=ciod: error reading message header
Label: 1

Log entry: TYPE=RAS COMPONENT=KERNEL LEVEL=FATAL CONTENT=data TLB error interrupt
Label: 1
Log",0,154.47571875029098
1207,"TYPE=RAS COMPONENT=MMCS LEVEL=ERROR CONTENT=idoproxydb hit ASSERT condition: ASSERT expression=0 Source file=idotransportmgr.cpp Source line=1043 Function=int IdoTransportMgr::SendPacket(IdoUdpMgr*, BglCtlPavTrace*)",0,"- 1123110662 2005.08.03 NULL 2005-08-03-16.11.02.839771 NULL RAS MMCS ERROR idoproxydb hit ASSERT condition: ASSERT expression=0 Source file=idotransportmgr.cpp Source line=1043 Function=int IdoTransportMgr::SendPacket(IdoUdpMgr*, BglCtlPavTrace*)",-,few_shot,1,0," 1
Log",0,154.47571875029098
202,TYPE=RAS COMPONENT=KERNEL LEVEL=FATAL CONTENT=instruction address: 0x00004ed8,0,- 1118766833 2005.06.14 R24-M1-ND-C:J11-U11 2005-06-14-09.33.53.107913 R24-M1-ND-C:J11-U11 RAS KERNEL FATAL instruction address: 0x00004ed8,-,few_shot,1,0,"Label: 1

Log entry: TYPE=RAS COMPONENT=KERNEL LEVEL=FATAL CONTENT=instruction address: 0x00004ed8
Label: 0
Log",0,154.47571875029098
1462,"TYPE=RAS COMPONENT=KERNEL LEVEL=INFO CONTENT=CE sym 15, at 0x0bde77e0, mask 0x04",0,"- 1127668543 2005.09.25 R66-M1-N1-C:J09-U11 2005-09-25-10.15.43.266674 R66-M1-N1-C:J09-U11 RAS KERNEL INFO CE sym 15, at 0x0bde77e0, mask 0x04",-,few_shot,1,0,"iod: error reading message header
Label: 1

Log entry: TYPE=RAS COMPONENT=KERNEL LEVEL=INFO CONTENT=CE sym 15, at 0x0bde77e0, mask 0x04
Label: 0
Log",0,161.03683000028468
835,TYPE=RAS COMPONENT=KERNEL LEVEL=INFO CONTENT=generating core.2092,0,- 1121172957 2005.07.12 R11-M1-N6-C:J16-U11 2005-07-12-05.55.57.631026 R11-M1-N6-C:J16-U11 RAS KERNEL INFO generating core.2092,-,few_shot,1,0," COMPONENT=KERNEL LEVEL=FATAL CONTENT=rts: kernel terminated
Label: 1
Log entry: TYPE=RAS COMPONENT=APP LEVEL=FATAL CONTENT=ciod: error reading message header
Label: 1

Log entry: TYPE=RAS COMPONENT=KERNEL LEVEL=INFO CONTENT=generating core.2092
Label: 0
Log",0,161.03683000028468
246,TYPE=RAS COMPONENT=KERNEL LEVEL=FATAL CONTENT=program interrupt: privileged instruction...0,0,- 1118770236 2005.06.14 R25-M1-N3-C:J14-U11 2005-06-14-10.30.36.559680 R25-M1-N3-C:J14-U11 RAS KERNEL FATAL program interrupt: privileged instruction...0,-,few_shot,1,0,"=RAS COMPONENT=KERNEL LEVEL=FATAL CONTENT=rts: kernel terminated
Label: 1
Log entry: TYPE=RAS COMPONENT=APP LEVEL=FATAL CONTENT=ciod: error reading message header
Label: 1

Log entry: TYPE=RAS COMPONENT=KERNEL LEVEL=FATAL CONTENT=program interrupt: privileged instruction...0
Label: 1
Log",0,161.03683000028468
1439,"TYPE=NULL COMPONENT=DISCOVERY LEVEL=INFO CONTENT=Node card VPD check: U01 node in processor card slot J08 do not match. VPD ecid 075F04E8A27BFFFF07021C3096ED, found 04D78137922FFFFF040E1C3052ED",0,"- 1127245515 2005.09.20 R26-M0-N7 2005-09-20-12.45.15.754325 R26-M0-N7 NULL DISCOVERY INFO Node card VPD check: U01 node in processor card slot J08 do not match. VPD ecid 075F04E8A27BFFFF07021C3096ED, found 04D78137922FFFFF040E1C3052ED",-,few_shot,1,0," 1
Log",0,161.03683000028468
1753,TYPE=RAS COMPONENT=KERNEL LEVEL=INFO CONTENT=ciod: generated 64 core files for program /bgl/apps/followup/hellow/a.out.1111,0,- 1132070039 2005.11.15 R15-M0-NC-I:J18-U11 2005-11-15-07.53.59.004294 R15-M0-NC-I:J18-U11 RAS KERNEL INFO ciod: generated 64 core files for program /bgl/apps/followup/hellow/a.out.1111,-,few_shot,0,1,".1111
Label: 0
Log",0,151.46475424990058
1901,"TYPE=RAS COMPONENT=KERNEL LEVEL=INFO CONTENT=10708 total interrupts. 0 critical input interrupts. 0 microseconds total spent on critical input interrupts, 0 microseconds max time in a critical input interrupt.",0,"- 1133455262 2005.12.01 R61-M0-N7-C:J14-U11 2005-12-01-08.41.02.009575 R61-M0-N7-C:J14-U11 RAS KERNEL INFO 10708 total interrupts. 0 critical input interrupts. 0 microseconds total spent on critical input interrupts, 0 microseconds max time in a critical input interrupt.",-,few_shot,0,1," 0
Log",0,151.46475424990058
1707,TYPE=RAS COMPONENT=KERNEL LEVEL=INFO CONTENT=iar 001061e8 dear 0247015c,0,- 1131474292 2005.11.08 R62-M0-NB-C:J12-U01 2005-11-08-10.24.52.743959 R62-M0-NB-C:J12-U01 RAS KERNEL INFO iar 001061e8 dear 0247015c,-,few_shot,0,1,"8 dear 0247015c
Label: 0
Log",0,151.46475424990058
1880,"TYPE=RAS COMPONENT=KERNEL LEVEL=INFO CONTENT=10744 total interrupts. 0 critical input interrupts. 0 microseconds total spent on critical input interrupts, 0 microseconds max time in a critical input interrupt.",0,"- 1133454748 2005.12.01 R36-M1-NA-C:J05-U11 2005-12-01-08.32.28.589350 R36-M1-NA-C:J05-U11 RAS KERNEL INFO 10744 total interrupts. 0 critical input interrupts. 0 microseconds total spent on critical input interrupts, 0 microseconds max time in a critical input interrupt.",-,few_shot,0,1," 0
Log",0,151.46475424990058
1153,TYPE=RAS COMPONENT=KERNEL LEVEL=INFO CONTENT=generating core.33115,0,- 1122256043 2005.07.24 R24-M1-NF-C:J05-U01 2005-07-24-18.47.23.101939 R24-M1-NF-C:J05-U01 RAS KERNEL INFO generating core.33115,-,few_shot,1,0,"=ciod: error reading message header
Label: 1

Log entry: TYPE=RAS COMPONENT=KERNEL LEVEL=INFO CONTENT=generating core.33115
Label: 0
Log",0,154.421751999962
1661,TYPE=RAS COMPONENT=KERNEL LEVEL=INFO CONTENT=iar 0010650c dear 0246a95c,0,- 1131129716 2005.11.04 R62-M0-NC-C:J15-U11 2005-11-04-10.41.56.879911 R62-M0-NC-C:J15-U11 RAS KERNEL INFO iar 0010650c dear 0246a95c,-,few_shot,0,1," LEVEL=INFO CONTENT=iar 0010650c dear 0246a95c
Label: 0
Log",0,154.421751999962
1426,"TYPE=RAS COMPONENT=MMCS LEVEL=ERROR CONTENT=idoproxydb hit ASSERT condition: ASSERT expression=0 Source file=idotransportmgr.cpp Source line=1043 Function=int IdoTransportMgr::SendPacket(IdoUdpMgr*, BglCtlPavTrace*)",0,"- 1127243367 2005.09.20 NULL 2005-09-20-12.09.27.065172 NULL RAS MMCS ERROR idoproxydb hit ASSERT condition: ASSERT expression=0 Source file=idotransportmgr.cpp Source line=1043 Function=int IdoTransportMgr::SendPacket(IdoUdpMgr*, BglCtlPavTrace*)",-,few_shot,1,0," 1
Log",0,154.421751999962
384,"TYPE=RAS COMPONENT=KERNEL LEVEL=INFO CONTENT=CE sym 0, at 0x1b8584e0, mask 0x80",0,"- 1119638161 2005.06.24 R16-M1-N2-C:J17-U01 2005-06-24-11.36.01.774405 R16-M1-N2-C:J17-U01 RAS KERNEL INFO CE sym 0, at 0x1b8584e0, mask 0x80",-,few_shot,0,1,"0, at 0x1b8584e0, mask 0x80
Label: 0
Log",0,154.421751999962
1758,"TYPE=RAS COMPONENT=APP LEVEL=FATAL CONTENT=ciod: Error loading /bgl/apps/followup/SPaSM_static/SPaSM.460-1115: invalid or missing program image, Permission denied",0,"- 1132232535 2005.11.17 R64-M1-N4-I:J18-U01 2005-11-17-05.02.15.807696 R64-M1-N4-I:J18-U01 RAS APP FATAL ciod: Error loading /bgl/apps/followup/SPaSM_static/SPaSM.460-1115: invalid or missing program image, Permission denied",-,few_shot,1,0," 1
Log",0,152.10992049969718
854,TYPE=RAS COMPONENT=KERNEL LEVEL=INFO CONTENT=116249832 double-hummer alignment exceptions,0,- 1121252884 2005.07.13 R30-M1-N6-C:J14-U11 2005-07-13-04.08.04.789912 R30-M1-N6-C:J14-U11 RAS KERNEL INFO 116249832 double-hummer alignment exceptions,-,few_shot,0,1,"=KERNEL LEVEL=INFO CONTENT=116249832 double-hummer alignment exceptions
Label: 0
Log",0,152.10992049969718
1589,TYPE=RAS COMPONENT=KERNEL LEVEL=INFO CONTENT=iar 00106580 dear 02494c2c,0,- 1131060739 2005.11.03 R67-M1-NA-C:J03-U11 2005-11-03-15.32.19.271963 R67-M1-NA-C:J03-U11 RAS KERNEL INFO iar 00106580 dear 02494c2c,-,few_shot,0,1,"06580 dear 02494c2c
Label: 0
Log",0,152.10992049969718
219,TYPE=RAS COMPONENT=KERNEL LEVEL=FATAL CONTENT=data storage interrupt,1,KERNSTOR 1118768121 2005.06.14 R03-M1-N8-C:J13-U11 2005-06-14-09.55.21.391576 R03-M1-N8-C:J13-U11 RAS KERNEL FATAL data storage interrupt,KERNSTOR,few_shot,1,1," LEVEL=FATAL CONTENT=ciod: error reading message header
Label: 1

Log entry: TYPE=RAS COMPONENT=KERNEL LEVEL=FATAL CONTENT=data storage interrupt
Label: 1
Log",0,152.10992049969718
641,TYPE=RAS COMPONENT=KERNEL LEVEL=INFO CONTENT=generating core.42109,0,- 1120931338 2005.07.09 R21-M1-NE-C:J11-U11 2005-07-09-10.48.58.719782 R21-M1-NE-C:J11-U11 RAS KERNEL INFO generating core.42109,-,few_shot,0,1," 0
Log",0,134.13027149999834
1,TYPE=RAS COMPONENT=KERNEL LEVEL=INFO CONTENT=instruction cache parity error corrected,0,- 1117838573 2005.06.03 R02-M1-N0-C:J12-U11 2005-06-03-15.42.53.276129 R02-M1-N0-C:J12-U11 RAS KERNEL INFO instruction cache parity error corrected,-,few_shot,0,1," corrected
Label: 0
Log",0,134.13027149999834
112,TYPE=RAS COMPONENT=KERNEL LEVEL=FATAL CONTENT=data TLB error interrupt,1,KERNDTLB 1118539141 2005.06.11 R30-M0-N9-C:J16-U01 2005-06-11-18.19.01.277745 R30-M0-N9-C:J16-U01 RAS KERNEL FATAL data TLB error interrupt,KERNDTLB,few_shot,1,1," error interrupt
Label: 1
Log",0,134.13027149999834
698,TYPE=RAS COMPONENT=KERNEL LEVEL=INFO CONTENT=generating core.9158,0,- 1120938585 2005.07.09 R03-M0-N6-C:J09-U01 2005-07-09-12.49.45.827456 R03-M0-N6-C:J09-U01 RAS KERNEL INFO generating core.9158,-,few_shot,0,1,": 0
Log",0,134.13027149999834
1915,TYPE=RAS COMPONENT=KERNEL LEVEL=INFO CONTENT=0 microseconds spent in the rbs signal handler during 0 calls. 0 microseconds was the maximum time for a single instance of a correctable ddr.,0,- 1133455511 2005.12.01 R25-M1-ND-C:J08-U01 2005-12-01-08.45.11.599274 R25-M1-ND-C:J08-U01 RAS KERNEL INFO 0 microseconds spent in the rbs signal handler during 0 calls. 0 microseconds was the maximum time for a single instance of a correctable ddr.,-,few_shot,0,1," 0
Log",0,151.34392724985446
951,TYPE=RAS COMPONENT=KERNEL LEVEL=INFO CONTENT=generating core.84,0,- 1121442124 2005.07.15 R04-M0-NE-C:J17-U01 2005-07-15-08.42.04.042901 R04-M0-NE-C:J17-U01 RAS KERNEL INFO generating core.84,-,few_shot,1,0,"1

Log entry: TYPE=RAS COMPONENT=KERNEL LEVEL=INFO CONTENT=generating core.84
Label: 0
Log",0,151.34392724985446
1648,TYPE=RAS COMPONENT=KERNEL LEVEL=INFO CONTENT=iar 00106704 dear 0245b6bc,0,- 1131127565 2005.11.04 R62-M0-N0-C:J13-U11 2005-11-04-10.06.05.176180 R62-M0-N0-C:J13-U11 RAS KERNEL INFO iar 00106704 dear 0245b6bc,-,few_shot,0,1," dear 0245b6bc
Label: 0
Log",0,151.34392724985446
1636,TYPE=RAS COMPONENT=KERNEL LEVEL=INFO CONTENT=iar 0010686c dear 02f6951c,0,- 1131126747 2005.11.04 R62-M0-NC-C:J04-U01 2005-11-04-09.52.27.280593 R62-M0-NC-C:J04-U01 RAS KERNEL INFO iar 0010686c dear 02f6951c,-,few_shot,0,1,"02f6951c
Label: 0
Log",0,151.34392724985446
1885,TYPE=RAS COMPONENT=KERNEL LEVEL=INFO CONTENT=0 microseconds spent in the rbs signal handler during 0 calls. 0 microseconds was the maximum time for a single instance of a correctable ddr.,0,- 1133454908 2005.12.01 R32-M1-N7-C:J02-U01 2005-12-01-08.35.08.088826 R32-M1-N7-C:J02-U01 RAS KERNEL INFO 0 microseconds spent in the rbs signal handler during 0 calls. 0 microseconds was the maximum time for a single instance of a correctable ddr.,-,few_shot,0,1," instance of a correctable ddr.
Label: 0
Log",0,153.47944850009299
1410,TYPE=RAS COMPONENT=APP LEVEL=FATAL CONTENT=ciod: LOGIN chdir(/home/spelce1/UMT2K/umt2k/ckpt_umt2k_src/TEST/NEW_TEST) failed: No such file or directory,0,- 1127147540 2005.09.19 R77-M0-NC-I:J18-U11 2005-09-19-09.32.20.314194 R77-M0-NC-I:J18-U11 RAS APP FATAL ciod: LOGIN chdir(/home/spelce1/UMT2K/umt2k/ckpt_umt2k_src/TEST/NEW_TEST) failed: No such file or directory,-,few_shot,1,0," 1
Log",0,153.47944850009299
1409,TYPE=RAS COMPONENT=APP LEVEL=FATAL CONTENT=ciod: LOGIN chdir(/home/spelce1/UMT2K/umt2k/ckpt_umt2k_src/TEST/NEW_TEST) failed: No such file or directory,0,- 1127147534 2005.09.19 R01-M0-NC-I:J18-U01 2005-09-19-09.32.14.136187 R01-M0-NC-I:J18-U01 RAS APP FATAL ciod: LOGIN chdir(/home/spelce1/UMT2K/umt2k/ckpt_umt2k_src/TEST/NEW_TEST) failed: No such file or directory,-,few_shot,1,0," 1
Log",0,153.47944850009299
1533,TYPE=RAS COMPONENT=KERNEL LEVEL=INFO CONTENT=640404 floating point alignment exceptions,0,- 1131057860 2005.11.03 R61-M0-N3-C:J12-U11 2005-11-03-14.44.20.274649 R61-M0-N3-C:J12-U11 RAS KERNEL INFO 640404 floating point alignment exceptions,-,few_shot,1,0,": 1

Log entry: TYPE=RAS COMPONENT=KERNEL LEVEL=INFO CONTENT=640404 floating point alignment exceptions
Label: 0
Log",0,153.47944850009299
1291,TYPE=RAS COMPONENT=KERNEL LEVEL=INFO CONTENT=iar 003a9260 dear 00efe838,0,- 1125083293 2005.08.26 R60-M1-N1-C:J11-U11 2005-08-26-12.08.13.538298 R60-M1-N1-C:J11-U11 RAS KERNEL INFO iar 003a9260 dear 00efe838,-,few_shot,1,0,"Log entry: TYPE=RAS COMPONENT=KERNEL LEVEL=FATAL CONTENT=rts: kernel terminated
Label: 1
Log entry: TYPE=RAS COMPONENT=APP LEVEL=FATAL CONTENT=ciod: error reading message header
Label: 1

Log entry: TYPE=RAS COMPONENT=KERNEL LEVEL=INFO CONTENT=iar 003a9260 dear 00efe838
Label: 0
Log",0,168.74053250012366
1808,TYPE=RAS COMPONENT=KERNEL LEVEL=INFO CONTENT=0 microseconds spent in the rbs signal handler during 0 calls. 0 microseconds was the maximum time for a single instance of a correctable ddr.,0,- 1133447722 2005.12.01 R11-M1-NF-C:J07-U01 2005-12-01-06.35.22.172118 R11-M1-NF-C:J07-U01 RAS KERNEL INFO 0 microseconds spent in the rbs signal handler during 0 calls. 0 microseconds was the maximum time for a single instance of a correctable ddr.,-,few_shot,1,0,": TYPE=RAS COMPONENT=APP LEVEL=FATAL CONTENT=ciod: error reading message header
Label: 1

Log entry: TYPE=RAS COMPONENT=KERNEL LEVEL=INFO CONTENT=0 microseconds spent in the rbs signal handler during 0 calls. 0 microseconds was the maximum time for a single instance of a correctable ddr.
Label: 0
Log",0,168.74053250012366
441,TYPE=RAS COMPONENT=KERNEL LEVEL=INFO CONTENT=auxiliary processor.........................0,0,- 1119803602 2005.06.26 R00-M0-NB-C:J09-U01 2005-06-26-09.33.22.839312 R00-M0-NB-C:J09-U01 RAS KERNEL INFO auxiliary processor.........................0,-,few_shot,0,1," entry: TYPE=RAS COMPONENT=KERNEL LEVEL=INFO CONTENT=NFS Mount failed retrying
Label: 0
Log entry: TYPE=RAS COMPONENT=KERNEL LEVEL=FATAL CONTENT=rts: kernel terminated
Label: 1
Log entry: TYPE=RAS COMPONENT=APP LEVEL=FATAL CONTENT=ciod: error reading message header
Label: 1

Log entry: TYPE=RAS COMPONENT=KERNEL LEVEL=INFO CONTENT=auxiliary processor.........................0
Label: 0
Log",0,168.74053250012366
1520,"TYPE=RAS COMPONENT=KERNEL LEVEL=FATAL CONTENT=Error receiving packet on tree network, expecting type 57 instead of type 3 (softheader=0064588e 8aff0003 00000002 00000000) PSR0=00001f01 PSR1=00000000 PRXF=00000002 PIXF=00000007",1,"KERNREC 1130529611 2005.10.28 R63-M1-N5-C:J17-U01 2005-10-28-13.00.11.719498 R63-M1-N5-C:J17-U01 RAS KERNEL FATAL Error receiving packet on tree network, expecting type 57 instead of type 3 (softheader=0064588e 8aff0003 00000002 00000000) PSR0=00001f01 PSR1=00000000 PRXF=00000002 PIXF=00000007",KERNREC,few_shot,1,1," 1
Log",0,168.74053250012366
1136,TYPE=RAS COMPONENT=KERNEL LEVEL=INFO CONTENT=5 floating point alignment exceptions,0,- 1122166574 2005.07.23 R14-M1-ND-C:J17-U01 2005-07-23-17.56.14.409667 R14-M1-ND-C:J17-U01 RAS KERNEL INFO 5 floating point alignment exceptions,-,few_shot,1,0,"=ciod: error reading message header
Label: 1

Log entry: TYPE=RAS COMPONENT=KERNEL LEVEL=INFO CONTENT=5 floating point alignment exceptions
Label: 0
Log",0,153.43101574990214
1715,TYPE=RAS COMPONENT=KERNEL LEVEL=INFO CONTENT=iar 001061e8 dear 0247015c,0,- 1131478044 2005.11.08 R63-M0-N3-C:J02-U11 2005-11-08-11.27.24.415997 R63-M0-N3-C:J02-U11 RAS KERNEL INFO iar 001061e8 dear 0247015c,-,few_shot,0,1,"01061e8 dear 0247015c
Label: 0
Log",0,153.43101574990214
1256,TYPE=RAS COMPONENT=APP LEVEL=FATAL CONTENT=ciod: Error reading message prefix after LOAD_MESSAGE on CioStream socket to 172.16.96.116:42213: Link has been severed,1,APPSEV 1124071359 2005.08.14 R21-M0-N8-I:J18-U11 2005-08-14-19.02.39.467287 R21-M0-N8-I:J18-U11 RAS APP FATAL ciod: Error reading message prefix after LOAD_MESSAGE on CioStream socket to 172.16.96.116:42213: Link has been severed,APPSEV,few_shot,1,1," 1
Log",0,153.43101574990214
1863,TYPE=RAS COMPONENT=KERNEL LEVEL=INFO CONTENT=0 microseconds spent in the rbs signal handler during 0 calls. 0 microseconds was the maximum time for a single instance of a correctable ddr.,0,- 1133454553 2005.12.01 R16-M0-N2-C:J07-U11 2005-12-01-08.29.13.906911 R16-M0-N2-C:J07-U11 RAS KERNEL INFO 0 microseconds spent in the rbs signal handler during 0 calls. 0 microseconds was the maximum time for a single instance of a correctable ddr.,-,few_shot,0,1," of a correctable ddr.
Label: 0
Log",0,153.43101574990214
1631,TYPE=RAS COMPONENT=KERNEL LEVEL=INFO CONTENT=iar 00106600 dear 0245ccfc,0,- 1131126633 2005.11.04 R62-M0-N2-C:J14-U01 2005-11-04-09.50.33.808350 R62-M0-N2-C:J14-U01 RAS KERNEL INFO iar 00106600 dear 0245ccfc,-,few_shot,0,1,": TYPE=RAS COMPONENT=KERNEL LEVEL=INFO CONTENT=iar 00106600 dear 0245ccfc
Label: 0
Log",0,153.92565499996635
1695,TYPE=RAS COMPONENT=KERNEL LEVEL=INFO CONTENT=iar 00105e88 dear 02f6436c,0,- 1131408782 2005.11.07 R63-M0-N6-C:J15-U01 2005-11-07-16.13.02.108416 R63-M0-N6-C:J15-U01 RAS KERNEL INFO iar 00105e88 dear 02f6436c,-,few_shot,0,1," COMPONENT=KERNEL LEVEL=INFO CONTENT=iar 00105e88 dear 02f6436c
Label: 0
Log",0,153.92565499996635
1397,"TYPE=RAS COMPONENT=APP LEVEL=FATAL CONTENT=ciod: Error loading /bgl/apps/swl-prep/rky-swl/MPI-PERF/IMB/perf_tests/IMB-MPI1.5124KB: invalid or missing program image, No such file or directory",0,"- 1126421175 2005.09.10 R16-M0-NC-I:J18-U01 2005-09-10-23.46.15.250215 R16-M0-NC-I:J18-U01 RAS APP FATAL ciod: Error loading /bgl/apps/swl-prep/rky-swl/MPI-PERF/IMB/perf_tests/IMB-MPI1.5124KB: invalid or missing program image, No such file or directory",-,few_shot,1,0," 1
Log",0,153.92565499996635
663,TYPE=RAS COMPONENT=KERNEL LEVEL=INFO CONTENT=generating core.2315,0,- 1120934665 2005.07.09 R14-M1-ND-C:J04-U01 2005-07-09-11.44.25.948722 R14-M1-ND-C:J04-U01 RAS KERNEL INFO generating core.2315,-,few_shot,1,0,"APP LEVEL=FATAL CONTENT=ciod: error reading message header
Label: 1

Log entry: TYPE=RAS COMPONENT=KERNEL LEVEL=INFO CONTENT=generating core.2315
Label: 0
Log",0,153.92565499996635
1835,"TYPE=RAS COMPONENT=KERNEL LEVEL=INFO CONTENT=10712 total interrupts. 0 critical input interrupts. 0 microseconds total spent on critical input interrupts, 0 microseconds max time in a critical input interrupt.",0,"- 1133448298 2005.12.01 R73-M1-N7-C:J04-U01 2005-12-01-06.44.58.829439 R73-M1-N7-C:J04-U01 RAS KERNEL INFO 10712 total interrupts. 0 critical input interrupts. 0 microseconds total spent on critical input interrupts, 0 microseconds max time in a critical input interrupt.",-,few_shot,0,1,": 0
Log",0,151.60288149991175
1257,TYPE=RAS COMPONENT=KERNEL LEVEL=INFO CONTENT=ciod: Missing or invalid fields on line 1 of node map file /home/auselton/bgl/mapfiles/bgl.128mps.f64.map,0,- 1124131896 2005.08.15 R40-M1-N0-I:J18-U11 2005-08-15-11.51.36.375271 R40-M1-N0-I:J18-U11 RAS KERNEL INFO ciod: Missing or invalid fields on line 1 of node map file /home/auselton/bgl/mapfiles/bgl.128mps.f64.map,-,few_shot,1,0," 1
Log",0,151.60288149991175
1773,TYPE=RAS COMPONENT=KERNEL LEVEL=INFO CONTENT=MACHINE CHECK DCR read timeout (mc=e08x iar 0x00000000 lr 0xc00045a4),0,- 1132585230 2005.11.21 R26-M0-N0-I:J18-U11 2005-11-21-07.00.30.773283 R26-M0-N0-I:J18-U11 RAS KERNEL INFO MACHINE CHECK DCR read timeout (mc=e08x iar 0x00000000 lr 0xc00045a4),-,few_shot,0,1," 0
Log",0,151.60288149991175
1700,TYPE=RAS COMPONENT=KERNEL LEVEL=INFO CONTENT=iar 001061e8 dear 0247015c,0,- 1131473377 2005.11.08 R62-M0-NA-C:J04-U11 2005-11-08-10.09.37.180669 R62-M0-NA-C:J04-U11 RAS KERNEL INFO iar 001061e8 dear 0247015c,-,few_shot,0,1,"e8 dear 0247015c
Label: 0
Log",0,151.60288149991175
317,TYPE=RAS COMPONENT=KERNEL LEVEL=INFO CONTENT=instruction cache parity error corrected,0,- 1118810502 2005.06.14 R02-M1-N0-C:J12-U11 2005-06-14-21.41.42.351016 R02-M1-N0-C:J12-U11 RAS KERNEL INFO instruction cache parity error corrected,-,few_shot,1,0,"AS COMPONENT=APP LEVEL=FATAL CONTENT=ciod: error reading message header
Label: 1

Log entry: TYPE=RAS COMPONENT=KERNEL LEVEL=INFO CONTENT=instruction cache parity error corrected
Label: 0
Log",0,155.1025687499532
648,TYPE=RAS COMPONENT=KERNEL LEVEL=INFO CONTENT=generating core.6553,0,- 1120932589 2005.07.09 R24-M1-N1-C:J12-U01 2005-07-09-11.09.49.772584 R24-M1-N1-C:J12-U01 RAS KERNEL INFO generating core.6553,-,few_shot,1,0,"ATAL CONTENT=ciod: error reading message header
Label: 1

Log entry: TYPE=RAS COMPONENT=KERNEL LEVEL=INFO CONTENT=generating core.6553
Label: 0
Log",0,155.1025687499532
1434,"TYPE=RAS COMPONENT=MMCS LEVEL=ERROR CONTENT=idoproxydb hit ASSERT condition: ASSERT expression=0 Source file=idotransportmgr.cpp Source line=1043 Function=int IdoTransportMgr::SendPacket(IdoUdpMgr*, BglCtlPavTrace*)",0,"- 1127243528 2005.09.20 NULL 2005-09-20-12.12.08.547906 NULL RAS MMCS ERROR idoproxydb hit ASSERT condition: ASSERT expression=0 Source file=idotransportmgr.cpp Source line=1043 Function=int IdoTransportMgr::SendPacket(IdoUdpMgr*, BglCtlPavTrace*)",-,few_shot,1,0," 1
Log",0,155.1025687499532
1479,TYPE=RAS COMPONENT=APP LEVEL=FATAL CONTENT=ciod: Error reading message prefix after LOAD_MESSAGE on CioStream socket to 172.16.96.116:53591: Link has been severed,1,APPSEV 1128597888 2005.10.06 R56-M0-N0-I:J18-U01 2005-10-06-04.24.48.021229 R56-M0-N0-I:J18-U01 RAS APP FATAL ciod: Error reading message prefix after LOAD_MESSAGE on CioStream socket to 172.16.96.116:53591: Link has been severed,APPSEV,few_shot,1,1,": Link has been severed
Label: 1
Log",0,155.1025687499532
709,TYPE=RAS COMPONENT=KERNEL LEVEL=INFO CONTENT=generating core.34015,0,- 1120939783 2005.07.09 R20-M1-N6-C:J03-U01 2005-07-09-13.09.43.917357 R20-M1-N6-C:J03-U01 RAS KERNEL INFO generating core.34015,-,few_shot,0,1," core.34015
Label: 0
Log",0,132.83818500030975
1382,TYPE=RAS COMPONENT=KERNEL LEVEL=FATAL CONTENT=Lustre mount FAILED : bglio75 : point /p/gb1,1,KERNMNTF 1125694345 2005.09.02 R04-M0-NC-I:J18-U11 2005-09-02-13.52.25.806989 R04-M0-NC-I:J18-U11 RAS KERNEL FATAL Lustre mount FAILED : bglio75 : point /p/gb1,KERNMNTF,few_shot,1,1,"
Label: 1
Log",0,132.83818500030975
1282,TYPE=RAS COMPONENT=KERNEL LEVEL=INFO CONTENT=iar 003a90fc dear 00b360e8,0,- 1125082053 2005.08.26 R62-M1-N3-C:J04-U01 2005-08-26-11.47.33.903841 R62-M1-N3-C:J04-U01 RAS KERNEL INFO iar 003a90fc dear 00b360e8,-,few_shot,0,1," 0
Log",0,132.83818500030975
972,TYPE=RAS COMPONENT=KERNEL LEVEL=INFO CONTENT=generating core.44723,0,- 1121495798 2005.07.15 R37-M0-N5-C:J02-U11 2005-07-15-23.36.38.092419 R37-M0-N5-C:J02-U11 RAS KERNEL INFO generating core.44723,-,few_shot,0,1," core.44723
Label: 0
Log",0,132.83818500030975
627,TYPE=RAS COMPONENT=KERNEL LEVEL=INFO CONTENT=generating core.13817,0,- 1120924431 2005.07.09 R22-M0-N5-C:J13-U11 2005-07-09-08.53.51.797283 R22-M0-N5-C:J13-U11 RAS KERNEL INFO generating core.13817,-,few_shot,1,0,"Label: 1

Log entry: TYPE=RAS COMPONENT=KERNEL LEVEL=INFO CONTENT=generating core.13817
Label: 0
Log",0,154.74592600003234
632,TYPE=RAS COMPONENT=KERNEL LEVEL=INFO CONTENT=generating core.9949,0,- 1120928332 2005.07.09 R25-M0-N4-C:J10-U11 2005-07-09-09.58.52.758252 R25-M0-N4-C:J10-U11 RAS KERNEL INFO generating core.9949,-,few_shot,1,0," header
Label: 1

Log entry: TYPE=RAS COMPONENT=KERNEL LEVEL=INFO CONTENT=generating core.9949
Label: 0
Log",0,154.74592600003234
1306,TYPE=RAS COMPONENT=KERNEL LEVEL=INFO CONTENT=iar 003a929c dear 01291228,0,- 1125084127 2005.08.26 R66-M1-ND-C:J15-U01 2005-08-26-12.22.07.689504 R66-M1-ND-C:J15-U01 RAS KERNEL INFO iar 003a929c dear 01291228,-,few_shot,0,1,"03a929c dear 01291228
Label: 0
Log",0,154.74592600003234
1400,TYPE=RAS COMPONENT=APP LEVEL=FATAL CONTENT=ciod: Error reading message prefix after LOAD_MESSAGE on CioStream socket to 172.16.96.116:41304: Link has been severed,1,APPSEV 1126539103 2005.09.12 R41-M1-N4-I:J18-U11 2005-09-12-08.31.43.214677 R41-M1-N4-I:J18-U11 RAS APP FATAL ciod: Error reading message prefix after LOAD_MESSAGE on CioStream socket to 172.16.96.116:41304: Link has been severed,APPSEV,few_shot,1,1," 1
Log",0,154.74592600003234
1408,"TYPE=RAS COMPONENT=KERNEL LEVEL=INFO CONTENT=CE sym 9, at 0x123b6ca0, mask 0x20",0,"- 1127078365 2005.09.18 R71-M1-N8-C:J17-U11 2005-09-18-14.19.25.940731 R71-M1-N8-C:J17-U11 RAS KERNEL INFO CE sym 9, at 0x123b6ca0, mask 0x20",-,few_shot,0,1,".
Do not explain your answer.
Do not output any other text.
Judge based mainly on the event content, not severity alone.

Examples:
Log entry: TYPE=RAS COMPONENT=KERNEL LEVEL=INFO CONTENT=ddr error(s) detected and corrected on rank 0
Label: 0
Log entry: TYPE=RAS COMPONENT=KERNEL LEVEL=INFO CONTENT=NFS Mount failed retrying
Label: 0
Log entry: TYPE=RAS COMPONENT=KERNEL LEVEL=FATAL CONTENT=rts: kernel terminated
Label: 1
Log entry: TYPE=RAS COMPONENT=APP LEVEL=FATAL CONTENT=ciod: error reading message header
Label: 1

Log entry: TYPE=RAS COMPONENT=KERNEL LEVEL=INFO CONTENT=CE sym 9, at 0x123b6ca0, mask 0x20
Label: 0
Log",0,191.47398125005566
1248,"TYPE=RAS COMPONENT=APP LEVEL=FATAL CONTENT=ciod: Error loading /bgl/apps/scaletest/performance/MINIBEN/mb_243_0810/allreduce.rts: invalid or missing program image, Exec format error",0,"- 1123914895 2005.08.12 R16-M1-N0-I:J18-U11 2005-08-12-23.34.55.201666 R16-M1-N0-I:J18-U11 RAS APP FATAL ciod: Error loading /bgl/apps/scaletest/performance/MINIBEN/mb_243_0810/allreduce.rts: invalid or missing program image, Exec format error",-,few_shot,0,1," CONTENT=ddr error(s) detected and corrected on rank 0
Label: 0
Log entry: TYPE=RAS COMPONENT=KERNEL LEVEL=INFO CONTENT=NFS Mount failed retrying
Label: 0
Log entry: TYPE=RAS COMPONENT=KERNEL LEVEL=FATAL CONTENT=rts: kernel terminated
Label: 1
Log entry: TYPE=RAS COMPONENT=APP LEVEL=FATAL CONTENT=ciod: error reading message header
Label: 1

Log entry: TYPE=RAS COMPONENT=APP LEVEL=FATAL CONTENT=ciod: Error loading /bgl/apps/scaletest/performance/MINIBEN/mb_243_0810/allreduce.rts: invalid or missing program image, Exec format error
Label: 1
Log",0,191.47398125005566
1952,"TYPE=RAS COMPONENT=KERNEL LEVEL=INFO CONTENT=Kernel detected 3853444 integer alignment exceptions (3853437) iar 0x00544ea8, dear 0x01ef5e20 (3853438) iar 0x00544eb8, dear 0x01ef5e40 (3853439) iar 0x00544ea8, dear 0x01ef5e60 (3853440) iar 0x00544eb8, dear 0x01ef5e80 (3853441) iar 0x00544ee0, dear 0x01ef5ea0 (3853442) iar 0x00544ef0, dear 0x01ef5ec0 (3853443) iar 0x00544ee0, dear 0x01ef5ee0 (3853444) iar 0x00544ef0, dear 0x01ef5f00",0,"- 1133926478 2005.12.06 R27-M0-NB-C:J08-U01 2005-12-06-19.34.38.822749 R27-M0-NB-C:J08-U01 RAS KERNEL INFO Kernel detected 3853444 integer alignment exceptions (3853437) iar 0x00544ea8, dear 0x01ef5e20 (3853438) iar 0x00544eb8, dear 0x01ef5e40 (3853439) iar 0x00544ea8, dear 0x01ef5e60 (3853440) iar 0x00544eb8, dear 0x01ef5e80 (3853441) iar 0x00544ee0, dear 0x01ef5ea0 (3853442) iar 0x00544ef0, dear 0x01ef5ec0 (3853443) iar 0x00544ee0, dear 0x01ef5ee0 (3853444) iar 0x00544ef0, dear 0x01ef5f00",-,few_shot,0,1,e80 (,1,191.47398125005566
1254,TYPE=RAS COMPONENT=APP LEVEL=FATAL CONTENT=ciod: LOGIN chdir(pwd) failed: No such file or directory,0,- 1123966497 2005.08.13 R61-M1-NC-I:J18-U01 2005-08-13-13.54.57.564471 R61-M1-NC-I:J18-U01 RAS APP FATAL ciod: LOGIN chdir(pwd) failed: No such file or directory,-,few_shot,0,1," one label: 0 or 1.
0 means normal. 1 means anomalous.
Do not explain your answer.
Do not output any other text.
Judge based mainly on the event content, not severity alone.

Examples:
Log entry: TYPE=RAS COMPONENT=KERNEL LEVEL=INFO CONTENT=ddr error(s) detected and corrected on rank 0
Label: 0
Log entry: TYPE=RAS COMPONENT=KERNEL LEVEL=INFO CONTENT=NFS Mount failed retrying
Label: 0
Log entry: TYPE=RAS COMPONENT=KERNEL LEVEL=FATAL CONTENT=rts: kernel terminated
Label: 1
Log entry: TYPE=RAS COMPONENT=APP LEVEL=FATAL CONTENT=ciod: error reading message header
Label: 1

Log entry: TYPE=RAS COMPONENT=APP LEVEL=FATAL CONTENT=ciod: LOGIN chdir(pwd) failed: No such file or directory
Label: 1
Log",0,191.47398125005566
1496,TYPE=RAS COMPONENT=KERNEL LEVEL=INFO CONTENT=4 tree receiver 2 in re-synch state event(s) (dcr 0x019a) detected,0,- 1129273482 2005.10.14 R53-M1-N0-C:J04-U11 2005-10-14-00.04.42.389631 R53-M1-N0-C:J04-U11 RAS KERNEL INFO 4 tree receiver 2 in re-synch state event(s) (dcr 0x019a) detected,-,few_shot,0,1,"(s) (dcr 0x019a) detected
Label: 0
Log",0,154.89691474977008
1371,"TYPE=RAS COMPONENT=KERNEL LEVEL=INFO CONTENT=NFS Mount failed on bglio91, slept 15 seconds, retrying (1)",0,"- 1125225361 2005.08.28 R05-M0-NC-I:J18-U11 2005-08-28-03.36.01.417658 R05-M0-NC-I:J18-U11 RAS KERNEL INFO NFS Mount failed on bglio91, slept 15 seconds, retrying (1)",-,few_shot,1,0,"=NFS Mount failed on bglio91, slept 15 seconds, retrying (1)
Label: 0
Log",0,154.89691474977008
1529,"TYPE=RAS COMPONENT=APP LEVEL=FATAL CONTENT=ciod: Error loading /home.old/glosli/src/ddcMD/ddcMD1.1.17/bin/ddcMDGbglV: invalid or missing program image, No such file or directory",0,"- 1131036240 2005.11.03 R06-M0-NC-I:J18-U11 2005-11-03-08.44.00.733074 R06-M0-NC-I:J18-U11 RAS APP FATAL ciod: Error loading /home.old/glosli/src/ddcMD/ddcMD1.1.17/bin/ddcMDGbglV: invalid or missing program image, No such file or directory",-,few_shot,1,0," 1
Log",0,154.89691474977008
1663,TYPE=RAS COMPONENT=KERNEL LEVEL=INFO CONTENT=iar 00106cf8 dear 0246f9fc,0,- 1131130593 2005.11.04 R62-M0-N0-C:J15-U01 2005-11-04-10.56.33.280199 R62-M0-N0-C:J15-U01 RAS KERNEL INFO iar 00106cf8 dear 0246f9fc,-,few_shot,0,1,"INFO CONTENT=iar 00106cf8 dear 0246f9fc
Label: 0
Log",0,154.89691474977008
1354,TYPE=RAS COMPONENT=KERNEL LEVEL=INFO CONTENT=iar 0014a150 dear 0098d458,0,- 1125223076 2005.08.28 R41-M1-N3-C:J15-U11 2005-08-28-02.57.56.219310 R41-M1-N3-C:J15-U11 RAS KERNEL INFO iar 0014a150 dear 0098d458,-,few_shot,0,1,"0 dear 0098d458
Label: 0
Log",0,152.8551142496326
1925,TYPE=RAS COMPONENT=KERNEL LEVEL=INFO CONTENT=0 microseconds spent in the rbs signal handler during 0 calls. 0 microseconds was the maximum time for a single instance of a correctable ddr.,0,- 1133455654 2005.12.01 R24-M0-N6-C:J05-U11 2005-12-01-08.47.34.385432 R24-M0-N6-C:J05-U11 RAS KERNEL INFO 0 microseconds spent in the rbs signal handler during 0 calls. 0 microseconds was the maximum time for a single instance of a correctable ddr.,-,few_shot,0,1,".
Label: 0
Log",0,152.8551142496326
1900,"TYPE=RAS COMPONENT=KERNEL LEVEL=INFO CONTENT=10668 total interrupts. 0 critical input interrupts. 0 microseconds total spent on critical input interrupts, 0 microseconds max time in a critical input interrupt.",0,"- 1133455159 2005.12.01 R60-M0-N4-C:J05-U11 2005-12-01-08.39.19.744712 R60-M0-N4-C:J05-U11 RAS KERNEL INFO 10668 total interrupts. 0 critical input interrupts. 0 microseconds total spent on critical input interrupts, 0 microseconds max time in a critical input interrupt.",-,few_shot,0,1," 0
Log",0,152.8551142496326
1643,TYPE=RAS COMPONENT=KERNEL LEVEL=INFO CONTENT=iar 001064fc dear 0245b64c,0,- 1131127313 2005.11.04 R62-M0-ND-C:J12-U11 2005-11-04-10.01.53.184425 R62-M0-ND-C:J12-U11 RAS KERNEL INFO iar 001064fc dear 0245b64c,-,few_shot,0,1,"4fc dear 0245b64c
Label: 0
Log",0,152.8551142496326
1848,"TYPE=RAS COMPONENT=KERNEL LEVEL=INFO CONTENT=10706 total interrupts. 0 critical input interrupts. 0 microseconds total spent on critical input interrupts, 0 microseconds max time in a critical input interrupt.",0,"- 1133448491 2005.12.01 R45-M0-N4-C:J13-U01 2005-12-01-06.48.11.378453 R45-M0-N4-C:J13-U01 RAS KERNEL INFO 10706 total interrupts. 0 critical input interrupts. 0 microseconds total spent on critical input interrupts, 0 microseconds max time in a critical input interrupt.",-,few_shot,0,1," 0
Log",0,151.48462625029424
795,TYPE=RAS COMPONENT=KERNEL LEVEL=INFO CONTENT=generating core.7623,0,- 1120969793 2005.07.09 R33-M0-N0-C:J04-U01 2005-07-09-21.29.53.355653 R33-M0-N0-C:J04-U01 RAS KERNEL INFO generating core.7623,-,few_shot,0,1,"

Log entry: TYPE=RAS COMPONENT=KERNEL LEVEL=INFO CONTENT=generating core.7623
Label: 0
Log",0,151.48462625029424
645,TYPE=RAS COMPONENT=KERNEL LEVEL=INFO CONTENT=generating core.17493,0,- 1120931504 2005.07.09 R31-M1-NE-C:J11-U01 2005-07-09-10.51.44.555371 R31-M1-NE-C:J11-U01 RAS KERNEL INFO generating core.17493,-,few_shot,0,1," entry: TYPE=RAS COMPONENT=KERNEL LEVEL=INFO CONTENT=generating core.17493
Label: 0
Log",0,151.48462625029424
1012,TYPE=RAS COMPONENT=KERNEL LEVEL=INFO CONTENT=generating core.7682,0,- 1121599303 2005.07.17 R06-M0-N9-C:J06-U01 2005-07-17-04.21.43.559173 R06-M0-N9-C:J06-U01 RAS KERNEL INFO generating core.7682,-,few_shot,0,1,"

Log entry: TYPE=RAS COMPONENT=KERNEL LEVEL=INFO CONTENT=generating core.7682
Label: 0
Log",0,151.48462625029424
1839,TYPE=RAS COMPONENT=KERNEL LEVEL=INFO CONTENT=0 microseconds spent in the rbs signal handler during 0 calls. 0 microseconds was the maximum time for a single instance of a correctable ddr.,0,- 1133448393 2005.12.01 R66-M0-N2-C:J17-U11 2005-12-01-06.46.33.760675 R66-M0-N2-C:J17-U11 RAS KERNEL INFO 0 microseconds spent in the rbs signal handler during 0 calls. 0 microseconds was the maximum time for a single instance of a correctable ddr.,-,few_shot,0,1," 0
Log",0,151.3652097501108
556,TYPE=RAS COMPONENT=KERNEL LEVEL=INFO CONTENT=1146800 double-hummer alignment exceptions,0,- 1120266974 2005.07.01 R32-M0-NF-C:J17-U11 2005-07-01-18.16.14.553770 R32-M0-NF-C:J17-U11 RAS KERNEL INFO 1146800 double-hummer alignment exceptions,-,few_shot,0,1,"=INFO CONTENT=1146800 double-hummer alignment exceptions
Label: 0
Log",0,151.3652097501108
681,TYPE=RAS COMPONENT=KERNEL LEVEL=INFO CONTENT=generating core.10247,0,- 1120935660 2005.07.09 R01-M0-NC-C:J04-U01 2005-07-09-12.01.00.789241 R01-M0-NC-C:J04-U01 RAS KERNEL INFO generating core.10247,-,few_shot,0,1,"=RAS COMPONENT=KERNEL LEVEL=INFO CONTENT=generating core.10247
Label: 0
Log",0,151.3652097501108
577,TYPE=RAS COMPONENT=KERNEL LEVEL=INFO CONTENT=generating core.22905,0,- 1120449840 2005.07.03 R27-M1-N3-C:J13-U11 2005-07-03-21.04.00.795038 R27-M1-N3-C:J13-U11 RAS KERNEL INFO generating core.22905,-,few_shot,0,1,"=RAS COMPONENT=KERNEL LEVEL=INFO CONTENT=generating core.22905
Label: 0
Log",0,151.3652097501108
1109,TYPE=RAS COMPONENT=KERNEL LEVEL=INFO CONTENT=15 floating point alignment exceptions,0,- 1122164972 2005.07.23 R13-M1-N2-C:J06-U11 2005-07-23-17.29.32.058080 R13-M1-N2-C:J06-U11 RAS KERNEL INFO 15 floating point alignment exceptions,-,few_shot,0,1,"=KERNEL LEVEL=INFO CONTENT=15 floating point alignment exceptions
Label: 0
Log",0,134.41182574979393
1266,"TYPE=RAS COMPONENT=KERNEL LEVEL=INFO CONTENT=1 ddr errors(s) detected and corrected on rank 0, symbol 10, bit 0",0,"- 1124519271 2005.08.19 R60-M1-N7-C:J16-U11 2005-08-19-23.27.51.734783 R60-M1-N7-C:J16-U11 RAS KERNEL INFO 1 ddr errors(s) detected and corrected on rank 0, symbol 10, bit 0",-,few_shot,0,1," 0
Log",0,134.41182574979393
1722,TYPE=RAS COMPONENT=KERNEL LEVEL=INFO CONTENT=iar 00106c0c dear 0246de1c,0,- 1131579963 2005.11.09 R62-M0-NC-C:J05-U11 2005-11-09-15.46.03.437898 R62-M0-NC-C:J05-U11 RAS KERNEL INFO iar 00106c0c dear 0246de1c,-,few_shot,0,1,"
Label: 0
Log",0,134.41182574979393
1183,TYPE=RAS COMPONENT=KERNEL LEVEL=INFO CONTENT=generating core.45674,0,- 1122431178 2005.07.26 R17-M1-NB-C:J09-U11 2005-07-26-19.26.18.003421 R17-M1-NB-C:J09-U11 RAS KERNEL INFO generating core.45674,-,few_shot,0,1,"=generating core.45674
Label: 0
Log",0,134.41182574979393
524,TYPE=RAS COMPONENT=KERNEL LEVEL=INFO CONTENT=1146800 double-hummer alignment exceptions,0,- 1120259762 2005.07.01 R37-M0-NE-C:J10-U01 2005-07-01-16.16.02.658866 R37-M0-NE-C:J10-U01 RAS KERNEL INFO 1146800 double-hummer alignment exceptions,-,few_shot,0,1," 0
Log",0,132.48238924961697
1059,TYPE=RAS COMPONENT=KERNEL LEVEL=INFO CONTENT=8 floating point alignment exceptions,0,- 1121903679 2005.07.20 R32-M0-N3-C:J08-U11 2005-07-20-16.54.39.433528 R32-M0-N3-C:J08-U11 RAS KERNEL INFO 8 floating point alignment exceptions,-,few_shot,0,1," floating point alignment exceptions
Label: 0
Log",0,132.48238924961697
540,TYPE=RAS COMPONENT=KERNEL LEVEL=INFO CONTENT=1146800 double-hummer alignment exceptions,0,- 1120263061 2005.07.01 R31-M1-N2-C:J14-U01 2005-07-01-17.11.01.016985 R31-M1-N2-C:J14-U01 RAS KERNEL INFO 1146800 double-hummer alignment exceptions,-,few_shot,0,1," 0
Log",0,132.48238924961697
1194,TYPE=RAS COMPONENT=KERNEL LEVEL=INFO CONTENT=generating core.2105,0,- 1122492300 2005.07.27 R36-M0-N7-C:J13-U11 2005-07-27-12.25.00.990788 R36-M0-N7-C:J13-U11 RAS KERNEL INFO generating core.2105,-,few_shot,0,1,"5
Label: 0
Log",0,132.48238924961697
1678,TYPE=RAS COMPONENT=KERNEL LEVEL=INFO CONTENT=2667384 floating point alignment exceptions,0,- 1131147217 2005.11.04 R63-M0-NF-C:J05-U01 2005-11-04-15.33.37.855786 R63-M0-NF-C:J05-U01 RAS KERNEL INFO 2667384 floating point alignment exceptions,-,few_shot,1,0," reading message header
Label: 1

Log entry: TYPE=RAS COMPONENT=KERNEL LEVEL=INFO CONTENT=2667384 floating point alignment exceptions
Label: 0
Log",0,153.84110850027355
748,TYPE=RAS COMPONENT=KERNEL LEVEL=INFO CONTENT=generating core.10019,0,- 1120958385 2005.07.09 R37-M1-ND-C:J03-U01 2005-07-09-18.19.45.976122 R37-M1-ND-C:J03-U01 RAS KERNEL INFO generating core.10019,-,few_shot,1,0,"=ciod: error reading message header
Label: 1

Log entry: TYPE=RAS COMPONENT=KERNEL LEVEL=INFO CONTENT=generating core.10019
Label: 0
Log",0,153.84110850027355
1851,"TYPE=RAS COMPONENT=KERNEL LEVEL=INFO CONTENT=10765 total interrupts. 0 critical input interrupts. 0 microseconds total spent on critical input interrupts, 0 microseconds max time in a critical input interrupt.",0,"- 1133448588 2005.12.01 R46-M1-N5-C:J16-U01 2005-12-01-06.49.48.883198 R46-M1-N5-C:J16-U01 RAS KERNEL INFO 10765 total interrupts. 0 critical input interrupts. 0 microseconds total spent on critical input interrupts, 0 microseconds max time in a critical input interrupt.",-,few_shot,0,1,", 0 microseconds max time in a critical input interrupt.
Label: 0
Log",0,153.84110850027355
1430,"TYPE=RAS COMPONENT=MMCS LEVEL=ERROR CONTENT=idoproxydb hit ASSERT condition: ASSERT expression=0 Source file=idotransportmgr.cpp Source line=1043 Function=int IdoTransportMgr::SendPacket(IdoUdpMgr*, BglCtlPavTrace*)",0,"- 1127243412 2005.09.20 NULL 2005-09-20-12.10.12.752571 NULL RAS MMCS ERROR idoproxydb hit ASSERT condition: ASSERT expression=0 Source file=idotransportmgr.cpp Source line=1043 Function=int IdoTransportMgr::SendPacket(IdoUdpMgr*, BglCtlPavTrace*)",-,few_shot,1,0," 1
Log",0,153.84110850027355
484,TYPE=RAS COMPONENT=KERNEL LEVEL=INFO CONTENT=generating core.8021,0,- 1120146085 2005.06.30 R32-M0-N8-C:J11-U01 2005-06-30-08.41.25.502105 R32-M0-N8-C:J11-U01 RAS KERNEL INFO generating core.8021,-,few_shot,0,1,"=RAS COMPONENT=KERNEL LEVEL=INFO CONTENT=NFS Mount failed retrying
Label: 0
Log entry: TYPE=RAS COMPONENT=KERNEL LEVEL=FATAL CONTENT=rts: kernel terminated
Label: 1
Log entry: TYPE=RAS COMPONENT=APP LEVEL=FATAL CONTENT=ciod: error reading message header
Label: 1

Log entry: TYPE=RAS COMPONENT=KERNEL LEVEL=INFO CONTENT=generating core.8021
Label: 0
Log",0,169.19783074990846
1757,"TYPE=RAS COMPONENT=KERNEL LEVEL=FATAL CONTENT=Error receiving packet on tree network, expecting type 57 instead of type 3 (softheader=009756d5 8bfa0003 00000002 00000000) PSR0=20021f01 PSR1=00000000 PRXF=00000002 PIXF=00000007",1,"KERNREC 1132111278 2005.11.15 R57-M0-N8-C:J12-U01 2005-11-15-19.21.18.471861 R57-M0-N8-C:J12-U01 RAS KERNEL FATAL Error receiving packet on tree network, expecting type 57 instead of type 3 (softheader=009756d5 8bfa0003 00000002 00000000) PSR0=20021f01 PSR1=00000000 PRXF=00000002 PIXF=00000007",KERNREC,few_shot,1,1," 1
Log",0,169.19783074990846
95,TYPE=RAS COMPONENT=KERNEL LEVEL=INFO CONTENT=generating core.25350,0,- 1118343816 2005.06.09 R07-M1-NE-C:J06-U01 2005-06-09-12.03.36.113136 R07-M1-NE-C:J06-U01 RAS KERNEL INFO generating core.25350,-,few_shot,0,1," COMPONENT=KERNEL LEVEL=INFO CONTENT=NFS Mount failed retrying
Label: 0
Log entry: TYPE=RAS COMPONENT=KERNEL LEVEL=FATAL CONTENT=rts: kernel terminated
Label: 1
Log entry: TYPE=RAS COMPONENT=APP LEVEL=FATAL CONTENT=ciod: error reading message header
Label: 1

Log entry: TYPE=RAS COMPONENT=KERNEL LEVEL=INFO CONTENT=generating core.25350
Label: 0
Log",0,169.19783074990846
1020,TYPE=RAS COMPONENT=KERNEL LEVEL=INFO CONTENT=generating core.23150,0,- 1121707096 2005.07.18 R21-M1-N2-C:J07-U01 2005-07-18-10.18.16.381095 R21-M1-N2-C:J07-U01 RAS KERNEL INFO generating core.23150,-,few_shot,0,1," COMPONENT=KERNEL LEVEL=INFO CONTENT=NFS Mount failed retrying
Label: 0
Log entry: TYPE=RAS COMPONENT=KERNEL LEVEL=FATAL CONTENT=rts: kernel terminated
Label: 1
Log entry: TYPE=RAS COMPONENT=APP LEVEL=FATAL CONTENT=ciod: error reading message header
Label: 1

Log entry: TYPE=RAS COMPONENT=KERNEL LEVEL=INFO CONTENT=generating core.23150
Label: 0
Log",0,169.19783074990846
563,TYPE=RAS COMPONENT=KERNEL LEVEL=INFO CONTENT=generating core.17222,0,- 1120446972 2005.07.03 R36-M0-N6-C:J06-U01 2005-07-03-20.16.12.324256 R36-M0-N6-C:J06-U01 RAS KERNEL INFO generating core.17222,-,few_shot,0,1," entry: TYPE=RAS COMPONENT=KERNEL LEVEL=INFO CONTENT=generating core.17222
Label: 0
Log",0,151.5775772500092
1264,TYPE=RAS COMPONENT=KERNEL LEVEL=INFO CONTENT=ciod: generated 64 core files for program /bgl/apps/swl-prep/ibm-swl/functional/sppm_chkpt/run/sppm,0,- 1124394227 2005.08.18 R71-M1-N8-I:J18-U01 2005-08-18-12.43.47.536288 R71-M1-N8-I:J18-U01 RAS KERNEL INFO ciod: generated 64 core files for program /bgl/apps/swl-prep/ibm-swl/functional/sppm_chkpt/run/sppm,-,few_shot,0,1," 0
Log",0,151.5775772500092
742,TYPE=RAS COMPONENT=KERNEL LEVEL=INFO CONTENT=generating core.1988,0,- 1120956863 2005.07.09 R06-M1-N8-C:J14-U01 2005-07-09-17.54.23.740575 R06-M1-N8-C:J14-U01 RAS KERNEL INFO generating core.1988,-,few_shot,0,1,"

Log entry: TYPE=RAS COMPONENT=KERNEL LEVEL=INFO CONTENT=generating core.1988
Label: 0
Log",0,151.5775772500092
863,TYPE=RAS COMPONENT=KERNEL LEVEL=INFO CONTENT=generating core.47314,0,- 1121256538 2005.07.13 R31-M0-N1-C:J09-U01 2005-07-13-05.08.58.429347 R31-M0-N1-C:J09-U01 RAS KERNEL INFO generating core.47314,-,few_shot,0,1," entry: TYPE=RAS COMPONENT=KERNEL LEVEL=INFO CONTENT=generating core.47314
Label: 0
Log",0,151.5775772500092
1598,TYPE=RAS COMPONENT=KERNEL LEVEL=INFO CONTENT=iar 00106580 dear 045e148c,0,- 1131061838 2005.11.03 R62-M0-N9-C:J12-U01 2005-11-03-15.50.38.592985 R62-M0-N9-C:J12-U01 RAS KERNEL INFO iar 00106580 dear 045e148c,-,few_shot,0,1,"Label: 0
Log",0,132.9782827501731
1714,TYPE=RAS COMPONENT=KERNEL LEVEL=INFO CONTENT=iar 00106200 dear 0247019c,0,- 1131477559 2005.11.08 R62-M0-ND-C:J05-U01 2005-11-08-11.19.19.457791 R62-M0-ND-C:J05-U01 RAS KERNEL INFO iar 00106200 dear 0247019c,-,few_shot,0,1,"Label: 0
Log",0,132.9782827501731
1484,"TYPE=RAS COMPONENT=KERNEL LEVEL=INFO CONTENT=1 ddr errors(s) detected and corrected on rank 0, symbol 28, bit 0",0,"- 1128844166 2005.10.09 R43-M0-N9-C:J08-U11 2005-10-09-00.49.26.875181 R43-M0-N9-C:J08-U11 RAS KERNEL INFO 1 ddr errors(s) detected and corrected on rank 0, symbol 28, bit 0",-,few_shot,0,1," 0
Log",0,132.9782827501731
891,TYPE=RAS COMPONENT=KERNEL LEVEL=INFO CONTENT=generating core.9651,0,- 1121310909 2005.07.13 R33-M1-ND-C:J05-U11 2005-07-13-20.15.09.106661 R33-M1-ND-C:J05-U11 RAS KERNEL INFO generating core.9651,-,few_shot,0,1,"INFO CONTENT=generating core.9651
Label: 0
Log",0,132.9782827501731
1577,TYPE=RAS COMPONENT=KERNEL LEVEL=INFO CONTENT=iar 00106580 dear 02494bcc,0,- 1131060196 2005.11.03 R67-M1-NA-C:J03-U11 2005-11-03-15.23.16.963770 R67-M1-NA-C:J03-U11 RAS KERNEL INFO iar 00106580 dear 02494bcc,-,few_shot,0,1," 0
Log",0,132.85143150005752
1038,TYPE=RAS COMPONENT=KERNEL LEVEL=INFO CONTENT=8 floating point alignment exceptions,0,- 1121901038 2005.07.20 R16-M0-N3-C:J11-U01 2005-07-20-16.10.38.843234 R16-M0-N3-C:J11-U01 RAS KERNEL INFO 8 floating point alignment exceptions,-,few_shot,0,1," LEVEL=INFO CONTENT=8 floating point alignment exceptions
Label: 0
Log",0,132.85143150005752
206,TYPE=RAS COMPONENT=KERNEL LEVEL=FATAL CONTENT=machine check: i-fetch......................0,0,- 1118767283 2005.06.14 R20-M1-N3-C:J14-U01 2005-06-14-09.41.23.815131 R20-M1-N3-C:J14-U01 RAS KERNEL FATAL machine check: i-fetch......................0,-,few_shot,0,1," check: i-fetch......................0
Label: 0
Log",0,132.85143150005752
392,TYPE=RAS COMPONENT=KERNEL LEVEL=INFO CONTENT=generating core.58109,0,- 1119715100 2005.06.25 R26-M0-N6-C:J13-U11 2005-06-25-08.58.20.635863 R26-M0-N6-C:J13-U11 RAS KERNEL INFO generating core.58109,-,few_shot,0,1,".58109
Label: 0
Log",0,132.85143150005752
794,TYPE=RAS COMPONENT=KERNEL LEVEL=INFO CONTENT=generating core.16300,0,- 1120969709 2005.07.09 R22-M0-N8-C:J15-U01 2005-07-09-21.28.29.361442 R22-M0-N8-C:J15-U01 RAS KERNEL INFO generating core.16300,-,few_shot,0,1,"INFO CONTENT=generating core.16300
Label: 0
Log",0,151.05352349974055
870,"TYPE=RAS COMPONENT=KERNEL LEVEL=INFO CONTENT=CE sym 16, at 0x0456cd40, mask 0x04",0,"- 1121268169 2005.07.13 R32-M1-N8-C:J05-U01 2005-07-13-08.22.49.590817 R32-M1-N8-C:J05-U01 RAS KERNEL INFO CE sym 16, at 0x0456cd40, mask 0x04",-,few_shot,0,1," 0
Log",0,151.05352349974055
397,TYPE=RAS COMPONENT=KERNEL LEVEL=INFO CONTENT=generating core.62516,0,- 1119715346 2005.06.25 R30-M1-NA-C:J14-U11 2005-06-25-09.02.26.738118 R30-M1-NA-C:J14-U11 RAS KERNEL INFO generating core.62516,-,few_shot,0,1,"INFO CONTENT=generating core.62516
Label: 0
Log",0,151.05352349974055
766,TYPE=RAS COMPONENT=KERNEL LEVEL=INFO CONTENT=generating core.11564,0,- 1120968609 2005.07.09 R27-M0-N8-C:J17-U01 2005-07-09-21.10.09.468130 R27-M0-N8-C:J17-U01 RAS KERNEL INFO generating core.11564,-,few_shot,0,1,"INFO CONTENT=generating core.11564
Label: 0
Log",0,151.05352349974055
1841,TYPE=RAS COMPONENT=KERNEL LEVEL=INFO CONTENT=0 microseconds spent in the rbs signal handler during 0 calls. 0 microseconds was the maximum time for a single instance of a correctable ddr.,0,- 1133448410 2005.12.01 R41-M0-NB-C:J05-U11 2005-12-01-06.46.50.571631 R41-M0-NB-C:J05-U11 RAS KERNEL INFO 0 microseconds spent in the rbs signal handler during 0 calls. 0 microseconds was the maximum time for a single instance of a correctable ddr.,-,few_shot,0,1," a single instance of a correctable ddr.
Label: 0
Log",0,155.13391875037996
1241,"TYPE=RAS COMPONENT=APP LEVEL=FATAL CONTENT=ciod: Error loading /bgl/apps/scaletest/performance/MINIBEN/mb_243_0810/allreduce.rts: invalid or missing program image, Exec format error",0,"- 1123914551 2005.08.12 R57-M1-N0-I:J18-U01 2005-08-12-23.29.11.430269 R57-M1-N0-I:J18-U01 RAS APP FATAL ciod: Error loading /bgl/apps/scaletest/performance/MINIBEN/mb_243_0810/allreduce.rts: invalid or missing program image, Exec format error",-,few_shot,1,0," 1
Log",0,155.13391875037996
1028,TYPE=RAS COMPONENT=KERNEL LEVEL=INFO CONTENT=generating core.7663,0,- 1121707460 2005.07.18 R23-M1-N0-C:J05-U01 2005-07-18-10.24.20.440509 R23-M1-N0-C:J05-U01 RAS KERNEL INFO generating core.7663,-,few_shot,1,0," error reading message header
Label: 1

Log entry: TYPE=RAS COMPONENT=KERNEL LEVEL=INFO CONTENT=generating core.7663
Label: 0
Log",0,155.13391875037996
1792,"TYPE=RAS COMPONENT=KERNEL LEVEL=INFO CONTENT=ciod: Received signal 15, code=0, errno=0, address=0x000001f5",0,"- 1133011728 2005.11.26 R72-M1-NC-I:J18-U11 2005-11-26-05.28.48.120288 R72-M1-NC-I:J18-U11 RAS KERNEL INFO ciod: Received signal 15, code=0, errno=0, address=0x000001f5",-,few_shot,0,1," address=0x000001f5
Label: 0
Log",0,155.13391875037996
642,TYPE=RAS COMPONENT=KERNEL LEVEL=INFO CONTENT=generating core.6682,0,- 1120931379 2005.07.09 R26-M1-N9-C:J08-U01 2005-07-09-10.49.39.479084 R26-M1-N9-C:J08-U01 RAS KERNEL INFO generating core.6682,-,few_shot,0,1,"

Log entry: TYPE=RAS COMPONENT=KERNEL LEVEL=INFO CONTENT=generating core.6682
Label: 0
Log",0,151.5105057501387
1891,"TYPE=RAS COMPONENT=KERNEL LEVEL=INFO CONTENT=10680 total interrupts. 0 critical input interrupts. 0 microseconds total spent on critical input interrupts, 0 microseconds max time in a critical input interrupt.",0,"- 1133455064 2005.12.01 R52-M0-N5-C:J04-U01 2005-12-01-08.37.44.951513 R52-M0-N5-C:J04-U01 RAS KERNEL INFO 10680 total interrupts. 0 critical input interrupts. 0 microseconds total spent on critical input interrupts, 0 microseconds max time in a critical input interrupt.",-,few_shot,0,1," 0
Log",0,151.5105057501387
612,TYPE=RAS COMPONENT=KERNEL LEVEL=INFO CONTENT=generating core.841,0,- 1120786826 2005.07.07 R12-M1-NF-C:J13-U01 2005-07-07-18.40.26.584600 R12-M1-NF-C:J13-U01 RAS KERNEL INFO generating core.841,-,few_shot,1,0," 1

Log entry: TYPE=RAS COMPONENT=KERNEL LEVEL=INFO CONTENT=generating core.841
Label: 0
Log",0,151.5105057501387
1762,"TYPE=RAS COMPONENT=KERNEL LEVEL=INFO CONTENT=ciod: Received signal 15, code=0, errno=0, address=0x000001b0",0,"- 1132326853 2005.11.18 R63-M1-N4-I:J18-U01 2005-11-18-07.14.13.952254 R63-M1-N4-I:J18-U01 RAS KERNEL INFO ciod: Received signal 15, code=0, errno=0, address=0x000001b0",-,few_shot,0,1,"1b0
Label: 0
Log",0,151.5105057501387
960,TYPE=RAS COMPONENT=KERNEL LEVEL=INFO CONTENT=generating core.36339,0,- 1121494164 2005.07.15 R34-M0-N5-C:J03-U11 2005-07-15-23.09.24.725815 R34-M0-N5-C:J03-U11 RAS KERNEL INFO generating core.36339,-,few_shot,0,1,"ating core.36339
Label: 0
Log",0,134.37879625007554
1570,TYPE=RAS COMPONENT=KERNEL LEVEL=INFO CONTENT=iar 00106228 dear 0244c24c,0,- 1131059703 2005.11.03 R67-M0-N2-C:J07-U11 2005-11-03-15.15.03.617956 R67-M0-N2-C:J07-U11 RAS KERNEL INFO iar 00106228 dear 0244c24c,-,few_shot,0,1," 0
Log",0,134.37879625007554
725,TYPE=RAS COMPONENT=KERNEL LEVEL=INFO CONTENT=generating core.61963,0,- 1120940599 2005.07.09 R16-M0-NB-C:J04-U01 2005-07-09-13.23.19.130183 R16-M0-NB-C:J04-U01 RAS KERNEL INFO generating core.61963,-,few_shot,0,1,"ating core.61963
Label: 0
Log",0,134.37879625007554
683,TYPE=RAS COMPONENT=KERNEL LEVEL=INFO CONTENT=generating core.2299,0,- 1120937630 2005.07.09 R20-M1-N5-C:J05-U11 2005-07-09-12.33.50.353460 R20-M1-N5-C:J05-U11 RAS KERNEL INFO generating core.2299,-,few_shot,0,1,"=generating core.2299
Label: 0
Log",0,134.37879625007554
98,TYPE=RAS COMPONENT=KERNEL LEVEL=INFO CONTENT=generating core.254,0,- 1118354046 2005.06.09 R24-M1-N6-C:J07-U11 2005-06-09-14.54.06.957120 R24-M1-N6-C:J07-U11 RAS KERNEL INFO generating core.254,-,few_shot,0,1," entry: TYPE=RAS COMPONENT=KERNEL LEVEL=INFO CONTENT=generating core.254
Label: 0
Log",0,151.76334950001547
804,TYPE=RAS COMPONENT=KERNEL LEVEL=INFO CONTENT=generating core.2971,0,- 1120974004 2005.07.09 R01-M1-N9-C:J03-U11 2005-07-09-22.40.04.247442 R01-M1-N9-C:J03-U11 RAS KERNEL INFO generating core.2971,-,few_shot,0,1," TYPE=RAS COMPONENT=KERNEL LEVEL=INFO CONTENT=generating core.2971
Label: 0
Log",0,151.76334950001547
1751,TYPE=RAS COMPONENT=KERNEL LEVEL=INFO CONTENT=ciod: generated 128 core files for program /bgl/apps/followup/SPaSM_static/SPaSM_mpi.rel2,0,- 1132067079 2005.11.15 R17-M1-N0-I:J18-U01 2005-11-15-07.04.39.066903 R17-M1-N0-I:J18-U01 RAS KERNEL INFO ciod: generated 128 core files for program /bgl/apps/followup/SPaSM_static/SPaSM_mpi.rel2,-,few_shot,0,1," 0
Log",0,151.76334950001547
1597,TYPE=RAS COMPONENT=KERNEL LEVEL=INFO CONTENT=iar 00106568 dear 045e147c,0,- 1131061828 2005.11.03 R62-M0-N3-C:J14-U01 2005-11-03-15.50.28.449895 R62-M0-N3-C:J14-U01 RAS KERNEL INFO iar 00106568 dear 045e147c,-,few_shot,0,1,"45e147c
Label: 0
Log",0,151.76334950001547
406,TYPE=RAS COMPONENT=KERNEL LEVEL=INFO CONTENT=generating core.45353,0,- 1119715819 2005.06.25 R15-M1-NB-C:J12-U11 2005-06-25-09.10.19.844956 R15-M1-NB-C:J12-U11 RAS KERNEL INFO generating core.45353,-,few_shot,0,1," 0
Log",0,133.92382399979397
502,TYPE=RAS COMPONENT=KERNEL LEVEL=INFO CONTENT=generating core.1626,0,- 1120216148 2005.07.01 R20-M1-N5-C:J06-U11 2005-07-01-04.09.08.743891 R20-M1-N5-C:J06-U11 RAS KERNEL INFO generating core.1626,-,few_shot,0,1,": 0
Log",0,133.92382399979397
1071,TYPE=RAS COMPONENT=KERNEL LEVEL=INFO CONTENT=generating core.1781,0,- 1122132705 2005.07.23 R12-M1-N0-C:J13-U01 2005-07-23-08.31.45.382020 R12-M1-N0-C:J13-U01 RAS KERNEL INFO generating core.1781,-,few_shot,0,1,": 0
Log",0,133.92382399979397
1056,TYPE=RAS COMPONENT=KERNEL LEVEL=INFO CONTENT=8 floating point alignment exceptions,0,- 1121902868 2005.07.20 R00-M0-N4-C:J17-U01 2005-07-20-16.41.08.898577 R00-M0-N4-C:J17-U01 RAS KERNEL INFO 8 floating point alignment exceptions,-,few_shot,0,1," exceptions
Label: 0
Log",0,133.92382399979397
929,TYPE=RAS COMPONENT=KERNEL LEVEL=INFO CONTENT=generating core.15737,0,- 1121313655 2005.07.13 R26-M0-N1-C:J13-U11 2005-07-13-21.00.55.502877 R26-M0-N1-C:J13-U11 RAS KERNEL INFO generating core.15737,-,few_shot,0,1,"7
Label: 0
Log",0,132.64226174987925
779,TYPE=RAS COMPONENT=KERNEL LEVEL=INFO CONTENT=generating core.8803,0,- 1120969179 2005.07.09 R31-M1-N7-C:J03-U01 2005-07-09-21.19.39.649600 R31-M1-N7-C:J03-U01 RAS KERNEL INFO generating core.8803,-,few_shot,0,1,"03
Label: 0
Log",0,132.64226174987925
200,TYPE=RAS COMPONENT=KERNEL LEVEL=FATAL CONTENT=instruction address: 0x00004ed8,0,- 1118766139 2005.06.14 R07-M0-NC-C:J10-U01 2005-06-14-09.22.19.720208 R07-M0-NC-C:J10-U01 RAS KERNEL FATAL instruction address: 0x00004ed8,-,few_shot,0,1," 0
Log",0,132.64226174987925
134,TYPE=RAS COMPONENT=KERNEL LEVEL=FATAL CONTENT=data TLB error interrupt,1,KERNDTLB 1118545623 2005.06.11 R30-M0-N9-C:J16-U01 2005-06-11-20.07.03.218292 R30-M0-N9-C:J16-U01 RAS KERNEL FATAL data TLB error interrupt,KERNDTLB,few_shot,1,1," CONTENT=data TLB error interrupt
Label: 1
Log",0,132.64226174987925
1051,TYPE=RAS COMPONENT=KERNEL LEVEL=INFO CONTENT=8 floating point alignment exceptions,0,- 1121902788 2005.07.20 R31-M0-NC-C:J14-U11 2005-07-20-16.39.48.713007 R31-M0-NC-C:J14-U11 RAS KERNEL INFO 8 floating point alignment exceptions,-,few_shot,0,1,"8 floating point alignment exceptions
Label: 0
Log",0,132.62591400007295
40,TYPE=RAS COMPONENT=KERNEL LEVEL=INFO CONTENT=generating core.7457,0,- 1117988416 2005.06.05 R30-M1-N3-C:J10-U01 2005-06-05-09.20.16.681318 R30-M1-N3-C:J10-U01 RAS KERNEL INFO generating core.7457,-,few_shot,0,1,"57
Label: 0
Log",0,132.62591400007295
1017,TYPE=RAS COMPONENT=KERNEL LEVEL=INFO CONTENT=generating core.30886,0,- 1121599612 2005.07.17 R00-M1-N0-C:J08-U11 2005-07-17-04.26.52.789085 R00-M1-N0-C:J08-U11 RAS KERNEL INFO generating core.30886,-,few_shot,0,1,"6
Label: 0
Log",0,132.62591400007295
230,TYPE=RAS COMPONENT=KERNEL LEVEL=FATAL CONTENT=instruction address: 0x00004ed8,0,- 1118769489 2005.06.14 R20-M0-N3-C:J06-U01 2005-06-14-10.18.09.061481 R20-M0-N3-C:J06-U01 RAS KERNEL FATAL instruction address: 0x00004ed8,-,few_shot,0,1," 0
Log",0,132.62591400007295
1513,TYPE=RAS COMPONENT=KERNEL LEVEL=INFO CONTENT=ciod: generated 64 core files for program /home/rfisher/sodscaling/flash2,0,- 1129864798 2005.10.20 R04-M0-NC-I:J18-U11 2005-10-20-20.19.58.037602 R04-M0-NC-I:J18-U11 RAS KERNEL INFO ciod: generated 64 core files for program /home/rfisher/sodscaling/flash2,-,few_shot,0,1,"scaling/flash2
Label: 0
Log",0,151.22596550008893
1796,"TYPE=RAS COMPONENT=KERNEL LEVEL=INFO CONTENT=ciod: Received signal 15, code=0, errno=0, address=0x000001f2",0,"- 1133052171 2005.11.26 R14-M1-NC-I:J18-U01 2005-11-26-16.42.51.171566 R14-M1-NC-I:J18-U01 RAS KERNEL INFO ciod: Received signal 15, code=0, errno=0, address=0x000001f2",-,few_shot,0,1," 0
Log",0,151.22596550008893
378,TYPE=RAS COMPONENT=KERNEL LEVEL=INFO CONTENT=6182400 double-hummer alignment exceptions,0,- 1119545636 2005.06.23 R23-M1-N7-C:J02-U01 2005-06-23-09.53.56.123342 R23-M1-N7-C:J02-U01 RAS KERNEL INFO 6182400 double-hummer alignment exceptions,-,few_shot,0,1,"=6182400 double-hummer alignment exceptions
Label: 0
Log",0,151.22596550008893
288,TYPE=RAS COMPONENT=KERNEL LEVEL=FATAL CONTENT=wait state enable.................0,0,- 1118772188 2005.06.14 R20-M0-N3-C:J06-U11 2005-06-14-11.03.08.491655 R20-M0-N3-C:J06-U11 RAS KERNEL FATAL wait state enable.................0,-,few_shot,0,1," entry: TYPE=RAS COMPONENT=KERNEL LEVEL=FATAL CONTENT=wait state enable.................0
Label: 0
Log",0,151.22596550008893
418,TYPE=RAS COMPONENT=KERNEL LEVEL=INFO CONTENT=generating core.58616,0,- 1119725280 2005.06.25 R20-M0-N7-C:J15-U11 2005-06-25-11.48.00.361268 R20-M0-N7-C:J15-U11 RAS KERNEL INFO generating core.58616,-,few_shot,0,1,"=KERNEL LEVEL=INFO CONTENT=generating core.58616
Label: 0
Log",0,151.12030525006048
1698,TYPE=RAS COMPONENT=KERNEL LEVEL=INFO CONTENT=ciod: generated 128 core files for program /g/g24/germann2/BGL-demo/SPaSM_mpi,0,- 1131470027 2005.11.08 R27-M0-N0-I:J18-U11 2005-11-08-09.13.47.353261 R27-M0-N0-I:J18-U11 RAS KERNEL INFO ciod: generated 128 core files for program /g/g24/germann2/BGL-demo/SPaSM_mpi,-,few_shot,0,1," 0
Log",0,151.12030525006048
391,TYPE=RAS COMPONENT=KERNEL LEVEL=INFO CONTENT=generating core.4184,0,- 1119714992 2005.06.25 R20-M1-NB-C:J17-U01 2005-06-25-08.56.32.658269 R20-M1-NB-C:J17-U01 RAS KERNEL INFO generating core.4184,-,few_shot,0,1,"AS COMPONENT=KERNEL LEVEL=INFO CONTENT=generating core.4184
Label: 0
Log",0,151.12030525006048
592,TYPE=RAS COMPONENT=KERNEL LEVEL=INFO CONTENT=generating core.1219,0,- 1120487466 2005.07.04 R34-M0-N5-C:J04-U01 2005-07-04-07.31.06.190628 R34-M0-N5-C:J04-U01 RAS KERNEL INFO generating core.1219,-,few_shot,0,1,"AS COMPONENT=KERNEL LEVEL=INFO CONTENT=generating core.1219
Label: 0
Log",0,151.12030525006048
1522,"TYPE=RAS COMPONENT=KERNEL LEVEL=INFO CONTENT=CE sym 27, at 0x1b70b860, mask 0x80",0,"- 1130675804 2005.10.30 R65-M1-NA-C:J14-U01 2005-10-30-04.36.44.005858 R65-M1-NA-C:J14-U01 RAS KERNEL INFO CE sym 27, at 0x1b70b860, mask 0x80",-,few_shot,0,1," 0
Log",0,151.0314925003513
1162,TYPE=RAS COMPONENT=KERNEL LEVEL=INFO CONTENT=generating core.50,0,- 1122334241 2005.07.25 R00-M0-N7-C:J09-U01 2005-07-25-16.30.41.390181 R00-M0-N7-C:J09-U01 RAS KERNEL INFO generating core.50,-,few_shot,0,1,"=RAS COMPONENT=KERNEL LEVEL=INFO CONTENT=generating core.50
Label: 0
Log",0,151.0314925003513
1086,TYPE=RAS COMPONENT=KERNEL LEVEL=INFO CONTENT=generating core.2241,0,- 1122143084 2005.07.23 R13-M1-NF-C:J12-U01 2005-07-23-11.24.44.659166 R13-M1-NF-C:J12-U01 RAS KERNEL INFO generating core.2241,-,few_shot,0,1,"KERNEL LEVEL=INFO CONTENT=generating core.2241
Label: 0
Log",0,151.0314925003513
1495,"TYPE=RAS COMPONENT=KERNEL LEVEL=INFO CONTENT=4 ddr errors(s) detected and corrected on rank 0, symbol 13, bit 5",0,"- 1129273479 2005.10.14 R07-M1-NA-C:J09-U01 2005-10-14-00.04.39.329001 R07-M1-NA-C:J09-U01 RAS KERNEL INFO 4 ddr errors(s) detected and corrected on rank 0, symbol 13, bit 5",-,few_shot,0,1,"
Label: 0
Log",0,151.0314925003513
647,TYPE=RAS COMPONENT=KERNEL LEVEL=INFO CONTENT=generating core.19296,0,- 1120932577 2005.07.09 R03-M1-ND-C:J17-U11 2005-07-09-11.09.37.100403 R03-M1-ND-C:J17-U11 RAS KERNEL INFO generating core.19296,-,few_shot,0,1,"ating core.19296
Label: 0
Log",0,134.29242775009698
1152,TYPE=RAS COMPONENT=KERNEL LEVEL=INFO CONTENT=generating core.45168,0,- 1122255994 2005.07.24 R31-M0-NB-C:J17-U11 2005-07-24-18.46.34.093592 R31-M0-NB-C:J17-U11 RAS KERNEL INFO generating core.45168,-,few_shot,0,1,"ating core.45168
Label: 0
Log",0,134.29242775009698
1367,TYPE=RAS COMPONENT=KERNEL LEVEL=INFO CONTENT=iar 00149f88 dear 00996f88,0,- 1125224445 2005.08.28 R45-M0-N6-C:J14-U01 2005-08-28-03.20.45.069861 R45-M0-N6-C:J14-U01 RAS KERNEL INFO iar 00149f88 dear 00996f88,-,few_shot,0,1," 0
Log",0,134.29242775009698
520,TYPE=RAS COMPONENT=KERNEL LEVEL=INFO CONTENT=generating core.3389,0,- 1120217184 2005.07.01 R11-M1-N2-C:J11-U11 2005-07-01-04.26.24.856056 R11-M1-N2-C:J11-U11 RAS KERNEL INFO generating core.3389,-,few_shot,0,1,"=generating core.3389
Label: 0
Log",0,134.29242775009698
1862,"TYPE=RAS COMPONENT=KERNEL LEVEL=INFO CONTENT=1966 total interrupts. 0 critical input interrupts. 0 microseconds total spent on critical input interrupts, 0 microseconds max time in a critical input interrupt.",0,"- 1133449350 2005.12.01 R20-M1-N5-C:J04-U01 2005-12-01-07.02.30.989473 R20-M1-N5-C:J04-U01 RAS KERNEL INFO 1966 total interrupts. 0 critical input interrupts. 0 microseconds total spent on critical input interrupts, 0 microseconds max time in a critical input interrupt.",-,few_shot,0,1,": 0
Log",0,151.4478092499303
64,TYPE=RAS COMPONENT=KERNEL LEVEL=INFO CONTENT=instruction cache parity error corrected,0,- 1118081391 2005.06.06 R02-M1-N0-C:J12-U11 2005-06-06-11.09.51.751862 R02-M1-N0-C:J12-U11 RAS KERNEL INFO instruction cache parity error corrected,-,few_shot,1,0," header
Label: 1

Log entry: TYPE=RAS COMPONENT=KERNEL LEVEL=INFO CONTENT=instruction cache parity error corrected
Label: 0
Log",0,151.4478092499303
1836,"TYPE=RAS COMPONENT=KERNEL LEVEL=INFO CONTENT=10718 total interrupts. 0 critical input interrupts. 0 microseconds total spent on critical input interrupts, 0 microseconds max time in a critical input interrupt.",0,"- 1133448302 2005.12.01 R75-M0-N4-C:J12-U01 2005-12-01-06.45.02.528716 R75-M0-N4-C:J12-U01 RAS KERNEL INFO 10718 total interrupts. 0 critical input interrupts. 0 microseconds total spent on critical input interrupts, 0 microseconds max time in a critical input interrupt.",-,few_shot,0,1," 0
Log",0,151.4478092499303
14,TYPE=RAS COMPONENT=KERNEL LEVEL=INFO CONTENT=generating core.775,0,- 1117957045 2005.06.05 R20-M1-N8-C:J04-U01 2005-06-05-00.37.25.012681 R20-M1-N8-C:J04-U01 RAS KERNEL INFO generating core.775,-,few_shot,1,0," 1

Log entry: TYPE=RAS COMPONENT=KERNEL LEVEL=INFO CONTENT=generating core.775
Label: 0
Log",0,151.4478092499303
1180,TYPE=RAS COMPONENT=KERNEL LEVEL=INFO CONTENT=generating core.9997,0,- 1122431105 2005.07.26 R13-M1-NE-C:J10-U01 2005-07-26-19.25.05.763740 R13-M1-NE-C:J10-U01 RAS KERNEL INFO generating core.9997,-,few_shot,0,1,"7
Label: 0
Log",0,132.50066299997343
1064,TYPE=RAS COMPONENT=KERNEL LEVEL=INFO CONTENT=8 floating point alignment exceptions,0,- 1121904541 2005.07.20 R24-M1-N5-C:J03-U01 2005-07-20-17.09.01.109294 R24-M1-N5-C:J03-U01 RAS KERNEL INFO 8 floating point alignment exceptions,-,few_shot,0,1," floating point alignment exceptions
Label: 0
Log",0,132.50066299997343
492,TYPE=RAS COMPONENT=KERNEL LEVEL=INFO CONTENT=generating core.5512,0,- 1120149021 2005.06.30 R23-M1-ND-C:J16-U01 2005-06-30-09.30.21.891142 R23-M1-ND-C:J16-U01 RAS KERNEL INFO generating core.5512,-,few_shot,0,1,"2
Label: 0
Log",0,132.50066299997343
379,TYPE=RAS COMPONENT=KERNEL LEVEL=INFO CONTENT=6182400 double-hummer alignment exceptions,0,- 1119569236 2005.06.23 R22-M0-N6-C:J12-U11 2005-06-23-16.27.16.266001 R22-M0-N6-C:J12-U11 RAS KERNEL INFO 6182400 double-hummer alignment exceptions,-,few_shot,0,1," 0
Log",0,132.50066299997343
187,TYPE=RAS COMPONENT=KERNEL LEVEL=FATAL CONTENT=data storage interrupt,1,KERNSTOR 1118765328 2005.06.14 R14-M0-N2-C:J02-U01 2005-06-14-09.08.48.339582 R14-M0-N2-C:J02-U01 RAS KERNEL FATAL data storage interrupt,KERNSTOR,few_shot,1,1,"KERNEL LEVEL=FATAL CONTENT=data storage interrupt
Label: 1
Log",0,132.6116622499285
763,TYPE=RAS COMPONENT=KERNEL LEVEL=INFO CONTENT=generating core.21145,0,- 1120968439 2005.07.09 R25-M1-NF-C:J10-U11 2005-07-09-21.07.19.074851 R25-M1-NF-C:J10-U11 RAS KERNEL INFO generating core.21145,-,few_shot,0,1,"5
Label: 0
Log",0,132.6116622499285
216,TYPE=RAS COMPONENT=KERNEL LEVEL=FATAL CONTENT=instruction address: 0x00004ed8,0,- 1118768070 2005.06.14 R24-M1-N7-C:J08-U01 2005-06-14-09.54.30.228119 R24-M1-N7-C:J08-U01 RAS KERNEL FATAL instruction address: 0x00004ed8,-,few_shot,0,1," 0
Log",0,132.6116622499285
791,TYPE=RAS COMPONENT=KERNEL LEVEL=INFO CONTENT=generating core.28329,0,- 1120969527 2005.07.09 R25-M0-N9-C:J11-U01 2005-07-09-21.25.27.506107 R25-M0-N9-C:J11-U01 RAS KERNEL INFO generating core.28329,-,few_shot,0,1,"9
Label: 0
Log",0,132.6116622499285
1076,TYPE=RAS COMPONENT=KERNEL LEVEL=INFO CONTENT=generating core.9021,0,- 1122133251 2005.07.23 R27-M0-NE-C:J11-U11 2005-07-23-08.40.51.684790 R27-M0-NE-C:J11-U11 RAS KERNEL INFO generating core.9021,-,few_shot,1,0,"1

Log entry: TYPE=RAS COMPONENT=KERNEL LEVEL=INFO CONTENT=generating core.9021
Label: 0
Log",0,152.93166175024453
878,TYPE=RAS COMPONENT=KERNEL LEVEL=INFO CONTENT=generating core.22807,0,- 1121308306 2005.07.13 R37-M0-NA-C:J04-U11 2005-07-13-19.31.46.716108 R37-M0-NA-C:J04-U11 RAS KERNEL INFO generating core.22807,-,few_shot,0,1,"Log entry: TYPE=RAS COMPONENT=KERNEL LEVEL=INFO CONTENT=generating core.22807
Label: 0
Log",0,152.93166175024453
337,TYPE=RAS COMPONENT=KERNEL LEVEL=INFO CONTENT=generating core.15966,0,- 1118911796 2005.06.16 R04-M1-N8-C:J09-U11 2005-06-16-01.49.56.966924 R04-M1-N8-C:J09-U11 RAS KERNEL INFO generating core.15966,-,few_shot,0,1,"Log entry: TYPE=RAS COMPONENT=KERNEL LEVEL=INFO CONTENT=generating core.15966
Label: 0
Log",0,152.93166175024453
1772,TYPE=RAS COMPONENT=KERNEL LEVEL=INFO CONTENT=MACHINE CHECK DCR read timeout (mc=e08x iar 0x00000000 lr 0xc00045a4),0,- 1132585070 2005.11.21 R26-M0-N0-I:J18-U11 2005-11-21-06.57.50.899596 R26-M0-N0-I:J18-U11 RAS KERNEL INFO MACHINE CHECK DCR read timeout (mc=e08x iar 0x00000000 lr 0xc00045a4),-,few_shot,0,1," 0
Log",0,152.93166175024453
719,TYPE=RAS COMPONENT=KERNEL LEVEL=INFO CONTENT=generating core.24538,0,- 1120940300 2005.07.09 R23-M0-N1-C:J07-U01 2005-07-09-13.18.20.009738 R23-M0-N1-C:J07-U01 RAS KERNEL INFO generating core.24538,-,few_shot,0,1,"=KERNEL LEVEL=INFO CONTENT=NFS Mount failed retrying
Label: 0
Log entry: TYPE=RAS COMPONENT=KERNEL LEVEL=FATAL CONTENT=rts: kernel terminated
Label: 1
Log entry: TYPE=RAS COMPONENT=APP LEVEL=FATAL CONTENT=ciod: error reading message header
Label: 1

Log entry: TYPE=RAS COMPONENT=KERNEL LEVEL=INFO CONTENT=generating core.24538
Label: 0
Log",0,169.45655474955856
1748,"TYPE=RAS COMPONENT=KERNEL LEVEL=FATAL CONTENT=Error receiving packet on tree network, expecting type 57 instead of type 3 (softheader=00ce22e8 e6200003 00000002 00000000) PSR0=00001f01 PSR1=00000000 PRXF=00000002 PIXF=00000007",1,"KERNREC 1132021541 2005.11.14 R46-M1-NF-C:J11-U01 2005-11-14-18.25.41.161796 R46-M1-NF-C:J11-U01 RAS KERNEL FATAL Error receiving packet on tree network, expecting type 57 instead of type 3 (softheader=00ce22e8 e6200003 00000002 00000000) PSR0=00001f01 PSR1=00000000 PRXF=00000002 PIXF=00000007",KERNREC,few_shot,1,1," 1
Log",0,169.45655474955856
295,TYPE=RAS COMPONENT=KERNEL LEVEL=FATAL CONTENT=rts internal error,0,- 1118772927 2005.06.14 R27-M0-N6-C:J02-U11 2005-06-14-11.15.27.823191 R27-M0-N6-C:J02-U11 RAS KERNEL FATAL rts internal error,-,few_shot,0,1,"Label: 0
Log entry: TYPE=RAS COMPONENT=KERNEL LEVEL=INFO CONTENT=NFS Mount failed retrying
Label: 0
Log entry: TYPE=RAS COMPONENT=KERNEL LEVEL=FATAL CONTENT=rts: kernel terminated
Label: 1
Log entry: TYPE=RAS COMPONENT=APP LEVEL=FATAL CONTENT=ciod: error reading message header
Label: 1

Log entry: TYPE=RAS COMPONENT=KERNEL LEVEL=FATAL CONTENT=rts internal error
Label: 1
Log",0,169.45655474955856
1725,TYPE=RAS COMPONENT=KERNEL LEVEL=INFO CONTENT=iar 00106448 dear 0246db5c,0,- 1131582345 2005.11.09 R63-M0-N5-C:J05-U11 2005-11-09-16.25.45.329267 R63-M0-N5-C:J05-U11 RAS KERNEL INFO iar 00106448 dear 0246db5c,-,few_shot,1,0,": TYPE=RAS COMPONENT=KERNEL LEVEL=FATAL CONTENT=rts: kernel terminated
Label: 1
Log entry: TYPE=RAS COMPONENT=APP LEVEL=FATAL CONTENT=ciod: error reading message header
Label: 1

Log entry: TYPE=RAS COMPONENT=KERNEL LEVEL=INFO CONTENT=iar 00106448 dear 0246db5c
Label: 0
Log",0,169.45655474955856
1016,TYPE=RAS COMPONENT=KERNEL LEVEL=INFO CONTENT=generating core.39406,0,- 1121599608 2005.07.17 R14-M1-N0-C:J09-U11 2005-07-17-04.26.48.055689 R14-M1-N0-C:J09-U11 RAS KERNEL INFO generating core.39406,-,few_shot,1,0,"Label: 1

Log entry: TYPE=RAS COMPONENT=KERNEL LEVEL=INFO CONTENT=generating core.39406
Label: 0
Log",0,153.41245499985234
1275,TYPE=RAS COMPONENT=KERNEL LEVEL=INFO CONTENT=ciod: generated 128 core files for program /home/germann2/BGL-demo/SPaSM_mpi,0,- 1124741118 2005.08.22 R21-M1-NC-I:J18-U01 2005-08-22-13.05.18.840938 R21-M1-NC-I:J18-U01 RAS KERNEL INFO ciod: generated 128 core files for program /home/germann2/BGL-demo/SPaSM_mpi,-,few_shot,0,1,"/germann2/BGL-demo/SPaSM_mpi
Label: 0
Log",0,153.41245499985234
1750,"TYPE=RAS COMPONENT=KERNEL LEVEL=INFO CONTENT=critical input interrupt (unit=0x0b bit=0x0a): warning for torus z+ wire, suppressing further interrupts of same type",0,"- 1132062083 2005.11.15 R05-M0-NC-C:J04-U11 2005-11-15-05.41.23.201247 R05-M0-NC-C:J04-U11 RAS KERNEL INFO critical input interrupt (unit=0x0b bit=0x0a): warning for torus z+ wire, suppressing further interrupts of same type",-,few_shot,0,1," suppressing further interrupts of same type
Label: 0
Log",0,153.41245499985234
1485,TYPE=RAS COMPONENT=APP LEVEL=FATAL CONTENT=ciod: Error reading message prefix after LOAD_MESSAGE on CioStream socket to 172.16.96.116:57673: Link has been severed,1,APPSEV 1128970806 2005.10.10 R05-M0-N8-I:J18-U11 2005-10-10-12.00.06.181123 R05-M0-N8-I:J18-U11 RAS APP FATAL ciod: Error reading message prefix after LOAD_MESSAGE on CioStream socket to 172.16.96.116:57673: Link has been severed,APPSEV,few_shot,1,1," 1
Log",0,153.41245499985234
455,TYPE=RAS COMPONENT=KERNEL LEVEL=INFO CONTENT=auxiliary processor.........................0,0,- 1119807588 2005.06.26 R33-M1-N3-C:J16-U11 2005-06-26-10.39.48.944209 R33-M1-N3-C:J16-U11 RAS KERNEL INFO auxiliary processor.........................0,-,few_shot,1,0,"1

Log entry: TYPE=RAS COMPONENT=KERNEL LEVEL=INFO CONTENT=auxiliary processor.........................0
Label: 0
Log",0,152.8171167497021
1996,TYPE=RAS COMPONENT=KERNEL LEVEL=INFO CONTENT=instruction cache parity error corrected,0,- 1135669430 2005.12.26 R37-M1-NC-C:J02-U11 2005-12-26-23.43.50.733716 R37-M1-NC-C:J02-U11 RAS KERNEL INFO instruction cache parity error corrected,-,few_shot,1,0,": 1

Log entry: TYPE=RAS COMPONENT=KERNEL LEVEL=INFO CONTENT=instruction cache parity error corrected
Label: 0
Log",0,152.8171167497021
815,TYPE=RAS COMPONENT=KERNEL LEVEL=INFO CONTENT=generating core.15313,0,- 1121006882 2005.07.10 R32-M1-N3-C:J10-U11 2005-07-10-07.48.02.079501 R32-M1-N3-C:J10-U11 RAS KERNEL INFO generating core.15313,-,few_shot,0,1,"=RAS COMPONENT=KERNEL LEVEL=INFO CONTENT=generating core.15313
Label: 0
Log",0,152.8171167497021
1886,TYPE=RAS COMPONENT=KERNEL LEVEL=INFO CONTENT=0 microseconds spent in the rbs signal handler during 0 calls. 0 microseconds was the maximum time for a single instance of a correctable ddr.,0,- 1133454956 2005.12.01 R56-M1-NE-C:J11-U01 2005-12-01-08.35.56.512508 R56-M1-NE-C:J11-U01 RAS KERNEL INFO 0 microseconds spent in the rbs signal handler during 0 calls. 0 microseconds was the maximum time for a single instance of a correctable ddr.,-,few_shot,0,1," 0
Log",0,152.8171167497021
269,TYPE=RAS COMPONENT=KERNEL LEVEL=FATAL CONTENT=data address space................0,0,- 1118771475 2005.06.14 R26-M1-NA-C:J06-U01 2005-06-14-10.51.15.744393 R26-M1-NA-C:J06-U01 RAS KERNEL FATAL data address space................0,-,few_shot,0,1,"................0
Label: 0
Log",0,133.9913459996751
995,TYPE=RAS COMPONENT=KERNEL LEVEL=INFO CONTENT=generating core.46654,0,- 1121598051 2005.07.17 R27-M1-NA-C:J06-U11 2005-07-17-04.00.51.583517 R27-M1-NA-C:J06-U11 RAS KERNEL INFO generating core.46654,-,few_shot,0,1," 0
Log",0,133.9913459996751
201,TYPE=RAS COMPONENT=KERNEL LEVEL=FATAL CONTENT=data storage interrupt,1,KERNSTOR 1118766804 2005.06.14 R24-M1-N0-C:J16-U01 2005-06-14-09.33.24.217741 R24-M1-N0-C:J16-U01 RAS KERNEL FATAL data storage interrupt,KERNSTOR,few_shot,1,1," CONTENT=data storage interrupt
Label: 1
Log",0,133.9913459996751
161,TYPE=RAS COMPONENT=KERNEL LEVEL=FATAL CONTENT=data TLB error interrupt,1,KERNDTLB 1118557291 2005.06.11 R30-M0-N9-C:J16-U01 2005-06-11-23.21.31.495365 R30-M0-N9-C:J16-U01 RAS KERNEL FATAL data TLB error interrupt,KERNDTLB,few_shot,1,1," error interrupt
Label: 1
Log",0,133.9913459996751
1579,TYPE=RAS COMPONENT=KERNEL LEVEL=INFO CONTENT=iar 00106580 dear 02494bcc,0,- 1131060268 2005.11.03 R67-M0-N1-C:J11-U01 2005-11-03-15.24.28.446530 R67-M0-N1-C:J11-U01 RAS KERNEL INFO iar 00106580 dear 02494bcc,-,few_shot,0,1," 0
Log",0,132.78248950018678
729,TYPE=RAS COMPONENT=KERNEL LEVEL=INFO CONTENT=generating core.7362,0,- 1120940700 2005.07.09 R00-M0-N1-C:J07-U01 2005-07-09-13.25.00.218073 R00-M0-N1-C:J07-U01 RAS KERNEL INFO generating core.7362,-,few_shot,0,1,"ating core.7362
Label: 0
Log",0,132.78248950018678
401,TYPE=RAS COMPONENT=KERNEL LEVEL=INFO CONTENT=generating core.10140,0,- 1119715567 2005.06.25 R23-M1-N6-C:J14-U01 2005-06-25-09.06.07.234215 R23-M1-N6-C:J14-U01 RAS KERNEL INFO generating core.10140,-,few_shot,0,1,".10140
Label: 0
Log",0,132.78248950018678
702,TYPE=RAS COMPONENT=KERNEL LEVEL=INFO CONTENT=generating core.15459,0,- 1120938682 2005.07.09 R01-M0-N9-C:J03-U11 2005-07-09-12.51.22.917676 R01-M0-N9-C:J03-U11 RAS KERNEL INFO generating core.15459,-,few_shot,0,1,".15459
Label: 0
Log",0,132.78248950018678
1500,TYPE=RAS COMPONENT=KERNEL LEVEL=INFO CONTENT=ciod: generated 58 core files for program /home/spelce1/HPCC_IBM/Urgent/COP/64K/opt_co_dc.rts,0,- 1129456912 2005.10.16 R24-M0-N4-I:J18-U01 2005-10-16-03.01.52.266920 R24-M0-N4-I:J18-U01 RAS KERNEL INFO ciod: generated 58 core files for program /home/spelce1/HPCC_IBM/Urgent/COP/64K/opt_co_dc.rts,-,few_shot,0,1,"/COP/64K/opt_co_dc.rts
Label: 0
Log",0,153.9970535000066
1845,"TYPE=RAS COMPONENT=KERNEL LEVEL=INFO CONTENT=10710 total interrupts. 0 critical input interrupts. 0 microseconds total spent on critical input interrupts, 0 microseconds max time in a critical input interrupt.",0,"- 1133448468 2005.12.01 R77-M0-N5-C:J04-U11 2005-12-01-06.47.48.847938 R77-M0-N5-C:J04-U11 RAS KERNEL INFO 10710 total interrupts. 0 critical input interrupts. 0 microseconds total spent on critical input interrupts, 0 microseconds max time in a critical input interrupt.",-,few_shot,0,1," interrupts, 0 microseconds max time in a critical input interrupt.
Label: 0
Log",0,153.9970535000066
1795,TYPE=RAS COMPONENT=KERNEL LEVEL=FATAL CONTENT=r24=0x0ffea4c8 r25=0x00000003 r26=0x0000000f r27=0xffffd000,0,- 1133051996 2005.11.26 R03-M1-NF-C:J07-U01 2005-11-26-16.39.56.330868 R03-M1-NF-C:J07-U01 RAS KERNEL FATAL r24=0x0ffea4c8 r25=0x00000003 r26=0x0000000f r27=0xffffd000,-,few_shot,0,1," 0
Log",0,153.9970535000066
1129,TYPE=RAS COMPONENT=KERNEL LEVEL=INFO CONTENT=generating core.12630,0,- 1122165888 2005.07.23 R15-M0-NE-C:J07-U01 2005-07-23-17.44.48.654569 R15-M0-NE-C:J07-U01 RAS KERNEL INFO generating core.12630,-,few_shot,1,0," CONTENT=ciod: error reading message header
Label: 1

Log entry: TYPE=RAS COMPONENT=KERNEL LEVEL=INFO CONTENT=generating core.12630
Label: 0
Log",0,153.9970535000066
565,TYPE=RAS COMPONENT=KERNEL LEVEL=INFO CONTENT=generating core.31006,0,- 1120447005 2005.07.03 R26-M0-NA-C:J08-U11 2005-07-03-20.16.45.820915 R26-M0-NA-C:J08-U11 RAS KERNEL INFO generating core.31006,-,few_shot,1,0,"=FATAL CONTENT=rts: kernel terminated
Label: 1
Log entry: TYPE=RAS COMPONENT=APP LEVEL=FATAL CONTENT=ciod: error reading message header
Label: 1

Log entry: TYPE=RAS COMPONENT=KERNEL LEVEL=INFO CONTENT=generating core.31006
Label: 0
Log",0,162.11385099995823
1413,"TYPE=NULL COMPONENT=DISCOVERY LEVEL=INFO CONTENT=Node card VPD check: U01 node in processor card slot J15 do not match. VPD ecid 04DE7DB80D7BFFFF04051B70D8D9, found 04DE7DF2D37BFFFF09081B6088D9",0,"- 1127242650 2005.09.20 R05-M0-NA 2005-09-20-11.57.30.636832 R05-M0-NA NULL DISCOVERY INFO Node card VPD check: U01 node in processor card slot J15 do not match. VPD ecid 04DE7DB80D7BFFFF04051B70D8D9, found 04DE7DF2D37BFFFF09081B6088D9",-,few_shot,0,1," 0
Log",0,162.11385099995823
1021,TYPE=RAS COMPONENT=KERNEL LEVEL=INFO CONTENT=generating core.31197,0,- 1121707109 2005.07.18 R22-M0-N2-C:J12-U11 2005-07-18-10.18.29.909939 R22-M0-N2-C:J12-U11 RAS KERNEL INFO generating core.31197,-,few_shot,1,0,"=FATAL CONTENT=rts: kernel terminated
Label: 1
Log entry: TYPE=RAS COMPONENT=APP LEVEL=FATAL CONTENT=ciod: error reading message header
Label: 1

Log entry: TYPE=RAS COMPONENT=KERNEL LEVEL=INFO CONTENT=generating core.31197
Label: 0
Log",0,162.11385099995823
1025,TYPE=RAS COMPONENT=KERNEL LEVEL=INFO CONTENT=generating core.14142,0,- 1121707363 2005.07.18 R26-M0-NC-C:J07-U11 2005-07-18-10.22.43.700974 R26-M0-NC-C:J07-U11 RAS KERNEL INFO generating core.14142,-,few_shot,1,0,"=FATAL CONTENT=rts: kernel terminated
Label: 1
Log entry: TYPE=RAS COMPONENT=APP LEVEL=FATAL CONTENT=ciod: error reading message header
Label: 1

Log entry: TYPE=RAS COMPONENT=KERNEL LEVEL=INFO CONTENT=generating core.14142
Label: 0
Log",0,162.11385099995823
1411,"TYPE=RAS COMPONENT=KERNEL LEVEL=INFO CONTENT=CE sym 8, at 0x0a2ae600, mask 0x10",0,"- 1127154489 2005.09.19 R47-M0-N4-C:J07-U01 2005-09-19-11.28.09.693945 R47-M0-N4-C:J07-U01 RAS KERNEL INFO CE sym 8, at 0x0a2ae600, mask 0x10",-,few_shot,0,1,"0, mask 0x10
Label: 0
Log",0,151.56283099986467
1895,"TYPE=RAS COMPONENT=KERNEL LEVEL=INFO CONTENT=10684 total interrupts. 0 critical input interrupts. 0 microseconds total spent on critical input interrupts, 0 microseconds max time in a critical input interrupt.",0,"- 1133455122 2005.12.01 R53-M1-N8-C:J08-U11 2005-12-01-08.38.42.253020 R53-M1-N8-C:J08-U11 RAS KERNEL INFO 10684 total interrupts. 0 critical input interrupts. 0 microseconds total spent on critical input interrupts, 0 microseconds max time in a critical input interrupt.",-,few_shot,0,1," 0
Log",0,151.56283099986467
1585,TYPE=RAS COMPONENT=KERNEL LEVEL=INFO CONTENT=iar 00106534 dear 02494c3c,0,- 1131060537 2005.11.03 R67-M0-N4-C:J10-U01 2005-11-03-15.28.57.931792 R67-M0-N4-C:J10-U01 RAS KERNEL INFO iar 00106534 dear 02494c3c,-,few_shot,0,1,"4 dear 02494c3c
Label: 0
Log",0,151.56283099986467
1104,TYPE=RAS COMPONENT=KERNEL LEVEL=INFO CONTENT=5 floating point alignment exceptions,0,- 1122162364 2005.07.23 R27-M0-N9-C:J07-U11 2005-07-23-16.46.04.171597 R27-M0-N9-C:J07-U11 RAS KERNEL INFO 5 floating point alignment exceptions,-,few_shot,1,0," header
Label: 1

Log entry: TYPE=RAS COMPONENT=KERNEL LEVEL=INFO CONTENT=5 floating point alignment exceptions
Label: 0
Log",0,151.56283099986467
205,TYPE=RAS COMPONENT=KERNEL LEVEL=FATAL CONTENT=data address: 0x00000002,0,- 1118767049 2005.06.14 R25-M1-N3-C:J16-U01 2005-06-14-09.37.29.304192 R25-M1-N3-C:J16-U01 RAS KERNEL FATAL data address: 0x00000002,-,few_shot,0,1," 0
Log",0,134.1299575001358
34,TYPE=RAS COMPONENT=KERNEL LEVEL=INFO CONTENT=generating core.449,0,- 1117985464 2005.06.05 R32-M0-NF-C:J10-U01 2005-06-05-08.31.04.464776 R32-M0-NF-C:J10-U01 RAS KERNEL INFO generating core.449,-,few_shot,0,1,"449
Label: 0
Log",0,134.1299575001358
775,TYPE=RAS COMPONENT=KERNEL LEVEL=INFO CONTENT=generating core.13752,0,- 1120969138 2005.07.09 R22-M0-ND-C:J17-U11 2005-07-09-21.18.58.127449 R22-M0-ND-C:J17-U11 RAS KERNEL INFO generating core.13752,-,few_shot,0,1,"2
Label: 0
Log",0,134.1299575001358
508,TYPE=RAS COMPONENT=KERNEL LEVEL=INFO CONTENT=generating core.4525,0,- 1120216479 2005.07.01 R23-M1-NE-C:J13-U01 2005-07-01-04.14.39.846764 R23-M1-NE-C:J13-U01 RAS KERNEL INFO generating core.4525,-,few_shot,0,1,"25
Label: 0
Log",0,134.1299575001358
1451,TYPE=RAS COMPONENT=APP LEVEL=FATAL CONTENT=ciod: LOGIN chdir(/bgl/apps/SWL/performance/MINIBEN///2005.09.20-18.06.05) failed: No such file or directory,0,- 1127265535 2005.09.20 R23-M1-N8-I:J18-U11 2005-09-20-18.18.55.570301 R23-M1-N8-I:J18-U11 RAS APP FATAL ciod: LOGIN chdir(/bgl/apps/SWL/performance/MINIBEN///2005.09.20-18.06.05) failed: No such file or directory,-,few_shot,1,0," 1
Log",0,153.73821499997575
1478,"TYPE=RAS COMPONENT=APP LEVEL=FATAL CONTENT=ciod: Error loading /home/spelce1/HPCC_IBM/Urgent/VNM/64K/vnm.rts: invalid or missing program image, Permission denied",0,"- 1128510395 2005.10.05 R62-M1-N8-I:J18-U01 2005-10-05-04.06.35.463665 R62-M1-N8-I:J18-U01 RAS APP FATAL ciod: Error loading /home/spelce1/HPCC_IBM/Urgent/VNM/64K/vnm.rts: invalid or missing program image, Permission denied",-,few_shot,1,0," program image, Permission denied
Label: 1
Log",0,153.73821499997575
1970,"TYPE=RAS COMPONENT=APP LEVEL=FATAL CONTENT=ciod: Error loading /bgl/apps/SWL/stability/HPL/WORK/1501./hpl_DD: invalid or missing program image, No such file or directory",0,"- 1134161388 2005.12.09 R07-M0-N8-I:J18-U11 2005-12-09-12.49.48.361835 R07-M0-N8-I:J18-U11 RAS APP FATAL ciod: Error loading /bgl/apps/SWL/stability/HPL/WORK/1501./hpl_DD: invalid or missing program image, No such file or directory",-,few_shot,1,0," No such file or directory
Label: 1
Log",0,153.73821499997575
1390,"TYPE=RAS COMPONENT=KERNEL LEVEL=INFO CONTENT=CE sym 21, at 0x04d64dc0, mask 0x80",0,"- 1126180040 2005.09.08 R75-M0-N8-C:J10-U01 2005-09-08-04.47.20.324073 R75-M0-N8-C:J10-U01 RAS KERNEL INFO CE sym 21, at 0x04d64dc0, mask 0x80",-,few_shot,0,1," at 0x04d64dc0, mask 0x80
Label: 0
Log",0,153.73821499997575
91,TYPE=RAS COMPONENT=KERNEL LEVEL=INFO CONTENT=generating core.2599,0,- 1118290077 2005.06.08 R27-M1-N6-C:J04-U01 2005-06-08-21.07.57.879112 R27-M1-N6-C:J04-U01 RAS KERNEL INFO generating core.2599,-,few_shot,0,1,"ating core.2599
Label: 0
Log",0,132.8320447501028
1363,TYPE=RAS COMPONENT=KERNEL LEVEL=INFO CONTENT=iar 0014a150 dear 0098cdc8,0,- 1125224175 2005.08.28 R52-M1-N6-C:J13-U01 2005-08-28-03.16.15.509778 R52-M1-N6-C:J13-U01 RAS KERNEL INFO iar 0014a150 dear 0098cdc8,-,few_shot,0,1," 0
Log",0,132.8320447501028
897,TYPE=RAS COMPONENT=KERNEL LEVEL=INFO CONTENT=generating core.14852,0,- 1121311111 2005.07.13 R30-M1-NA-C:J14-U01 2005-07-13-20.18.31.598175 R30-M1-NA-C:J14-U01 RAS KERNEL INFO generating core.14852,-,few_shot,0,1,".14852
Label: 0
Log",0,132.8320447501028
564,TYPE=RAS COMPONENT=KERNEL LEVEL=INFO CONTENT=generating core.20392,0,- 1120446979 2005.07.03 R22-M1-N9-C:J15-U01 2005-07-03-20.16.19.279199 R22-M1-N9-C:J15-U01 RAS KERNEL INFO generating core.20392,-,few_shot,0,1,".20392
Label: 0
Log",0,132.8320447501028
1369,TYPE=RAS COMPONENT=KERNEL LEVEL=INFO CONTENT=iar 0014a150 dear 009a2998,0,- 1125224452 2005.08.28 R44-M1-NB-C:J14-U11 2005-08-28-03.20.52.331600 R44-M1-NB-C:J14-U11 RAS KERNEL INFO iar 0014a150 dear 009a2998,-,few_shot,0,1," 0
Log",0,132.86782149998544
776,TYPE=RAS COMPONENT=KERNEL LEVEL=INFO CONTENT=generating core.10860,0,- 1120969145 2005.07.09 R21-M0-N2-C:J15-U01 2005-07-09-21.19.05.376937 R21-M0-N2-C:J15-U01 RAS KERNEL INFO generating core.10860,-,few_shot,0,1,"ating core.10860
Label: 0
Log",0,132.86782149998544
241,TYPE=RAS COMPONENT=KERNEL LEVEL=FATAL CONTENT=machine check: i-fetch......................0,0,- 1118769993 2005.06.14 R20-M0-N4-C:J15-U01 2005-06-14-10.26.33.758477 R20-M0-N4-C:J15-U01 RAS KERNEL FATAL machine check: i-fetch......................0,-,few_shot,0,1,"=machine check: i-fetch......................0
Label: 0
Log",0,132.86782149998544
13,TYPE=RAS COMPONENT=KERNEL LEVEL=INFO CONTENT=generating core.728,0,- 1117956980 2005.06.05 R24-M1-NB-C:J15-U11 2005-06-05-00.36.20.945796 R24-M1-NB-C:J15-U11 RAS KERNEL INFO generating core.728,-,few_shot,0,1,"INFO CONTENT=generating core.728
Label: 0
Log",0,132.86782149998544
315,TYPE=RAS COMPONENT=KERNEL LEVEL=INFO CONTENT=generating core.145,0,- 1118795802 2005.06.14 R23-M0-ND-C:J13-U01 2005-06-14-17.36.42.381657 R23-M0-ND-C:J13-U01 RAS KERNEL INFO generating core.145,-,few_shot,0,1,"=generating core.145
Label: 0
Log",0,132.9306792499665
600,TYPE=RAS COMPONENT=KERNEL LEVEL=INFO CONTENT=generating core.1129,0,- 1120748233 2005.07.07 R07-M1-N7-C:J10-U11 2005-07-07-07.57.13.121223 R07-M1-N7-C:J10-U11 RAS KERNEL INFO generating core.1129,-,few_shot,0,1,"ating core.1129
Label: 0
Log",0,132.9306792499665
387,TYPE=RAS COMPONENT=KERNEL LEVEL=INFO CONTENT=259966605 double-hummer alignment exceptions,0,- 1119695647 2005.06.25 R31-M1-ND-C:J05-U01 2005-06-25-03.34.07.686513 R31-M1-ND-C:J05-U01 RAS KERNEL INFO 259966605 double-hummer alignment exceptions,-,few_shot,0,1," exceptions
Label: 0
Log",0,132.9306792499665
1297,TYPE=RAS COMPONENT=KERNEL LEVEL=INFO CONTENT=iar 003a92a0 dear 00efd518,0,- 1125083604 2005.08.26 R65-M1-N4-C:J06-U01 2005-08-26-12.13.24.227502 R65-M1-N4-C:J06-U01 RAS KERNEL INFO iar 003a92a0 dear 00efd518,-,few_shot,0,1," 0
Log",0,132.9306792499665
166,TYPE=RAS COMPONENT=KERNEL LEVEL=FATAL CONTENT=data storage interrupt,1,KERNSTOR 1118709482 2005.06.13 R16-M0-NB-C:J07-U11 2005-06-13-17.38.02.756042 R16-M0-NB-C:J07-U11 RAS KERNEL FATAL data storage interrupt,KERNSTOR,few_shot,1,1,"=KERNEL LEVEL=FATAL CONTENT=data storage interrupt
Label: 1
Log",0,132.62479349987188
840,TYPE=RAS COMPONENT=KERNEL LEVEL=INFO CONTENT=113170696 double-hummer alignment exceptions,0,- 1121252323 2005.07.13 R22-M1-N3-C:J02-U01 2005-07-13-03.58.43.479838 R22-M1-N3-C:J02-U01 RAS KERNEL INFO 113170696 double-hummer alignment exceptions,-,few_shot,0,1," 0
Log",0,132.62479349987188
20,TYPE=RAS COMPONENT=KERNEL LEVEL=INFO CONTENT=generating core.3055,0,- 1117973919 2005.06.05 R33-M0-N4-C:J02-U11 2005-06-05-05.18.39.396608 R33-M0-N4-C:J02-U11 RAS KERNEL INFO generating core.3055,-,few_shot,0,1,"055
Label: 0
Log",0,132.62479349987188
646,TYPE=RAS COMPONENT=KERNEL LEVEL=INFO CONTENT=generating core.23664,0,- 1120932365 2005.07.09 R31-M1-N9-C:J15-U11 2005-07-09-11.06.05.052923 R31-M1-N9-C:J15-U11 RAS KERNEL INFO generating core.23664,-,few_shot,0,1,"64
Label: 0
Log",0,132.62479349987188
1842,"TYPE=RAS COMPONENT=KERNEL LEVEL=INFO CONTENT=10738 total interrupts. 0 critical input interrupts. 0 microseconds total spent on critical input interrupts, 0 microseconds max time in a critical input interrupt.",0,"- 1133448439 2005.12.01 R73-M0-N2-C:J11-U11 2005-12-01-06.47.19.872148 R73-M0-N2-C:J11-U11 RAS KERNEL INFO 10738 total interrupts. 0 critical input interrupts. 0 microseconds total spent on critical input interrupts, 0 microseconds max time in a critical input interrupt.",-,few_shot,0,1," max time in a critical input interrupt.
Label: 0
Log",0,153.66343100004087
1508,"TYPE=RAS COMPONENT=KERNEL LEVEL=INFO CONTENT=CE sym 12, at 0x18e33e80, mask 0x04",0,"- 1129724002 2005.10.19 R21-M1-N4-C:J10-U01 2005-10-19-05.13.22.183386 R21-M1-N4-C:J10-U01 RAS KERNEL INFO CE sym 12, at 0x18e33e80, mask 0x04",-,few_shot,0,1,"x18e33e80, mask 0x04
Label: 0
Log",0,153.66343100004087
1154,TYPE=RAS COMPONENT=KERNEL LEVEL=INFO CONTENT=generating core.4535,0,- 1122256252 2005.07.24 R34-M0-N2-C:J04-U11 2005-07-24-18.50.52.804496 R34-M0-N2-C:J04-U11 RAS KERNEL INFO generating core.4535,-,few_shot,1,0,": error reading message header
Label: 1

Log entry: TYPE=RAS COMPONENT=KERNEL LEVEL=INFO CONTENT=generating core.4535
Label: 0
Log",0,153.66343100004087
1528,"TYPE=RAS COMPONENT=APP LEVEL=FATAL CONTENT=ciod: Error loading /g/g0/spelce1/HPCC_IBM/Urgent/COP/64K/RandomAccess.64R.rts: invalid or missing program image, Permission denied",0,"- 1131030168 2005.11.03 R54-M1-N8-I:J18-U01 2005-11-03-07.02.48.152436 R54-M1-N8-I:J18-U01 RAS APP FATAL ciod: Error loading /g/g0/spelce1/HPCC_IBM/Urgent/COP/64K/RandomAccess.64R.rts: invalid or missing program image, Permission denied",-,few_shot,1,0," 1
Log",0,153.66343100004087
831,TYPE=RAS COMPONENT=KERNEL LEVEL=INFO CONTENT=generating core.14070,0,- 1121172512 2005.07.12 R34-M1-N4-C:J07-U11 2005-07-12-05.48.32.532637 R34-M1-N4-C:J07-U11 RAS KERNEL INFO generating core.14070,-,few_shot,0,1," entry: TYPE=RAS COMPONENT=KERNEL LEVEL=INFO CONTENT=generating core.14070
Label: 0
Log",0,152.80807349972747
1267,TYPE=RAS COMPONENT=KERNEL LEVEL=INFO CONTENT=ciod: generated 1 core files for program /bgl/apps/swl-prep/ibm-swl/functional/sppm_chkpt/run/sppm,0,- 1124546691 2005.08.20 R44-M1-N4-I:J18-U11 2005-08-20-07.04.51.651202 R44-M1-N4-I:J18-U11 RAS KERNEL INFO ciod: generated 1 core files for program /bgl/apps/swl-prep/ibm-swl/functional/sppm_chkpt/run/sppm,-,few_shot,0,1,": 0
Log",0,152.80807349972747
1590,TYPE=RAS COMPONENT=KERNEL LEVEL=INFO CONTENT=iar 00106580 dear 02494c2c,0,- 1131060806 2005.11.03 R67-M0-N0-C:J03-U01 2005-11-03-15.33.26.605133 R67-M0-N0-C:J03-U01 RAS KERNEL INFO iar 00106580 dear 02494c2c,-,few_shot,0,1,"0 dear 02494c2c
Label: 0
Log",0,152.80807349972747
1899,"TYPE=RAS COMPONENT=KERNEL LEVEL=INFO CONTENT=10754 total interrupts. 0 critical input interrupts. 0 microseconds total spent on critical input interrupts, 0 microseconds max time in a critical input interrupt.",0,"- 1133455156 2005.12.01 R76-M1-N4-C:J06-U11 2005-12-01-08.39.16.294851 R76-M1-N4-C:J06-U11 RAS KERNEL INFO 10754 total interrupts. 0 critical input interrupts. 0 microseconds total spent on critical input interrupts, 0 microseconds max time in a critical input interrupt.",-,few_shot,0,1," 0
Log",0,152.80807349972747
562,TYPE=RAS COMPONENT=KERNEL LEVEL=INFO CONTENT=generating core.1351,0,- 1120351719 2005.07.02 R05-M0-NC-C:J04-U01 2005-07-02-17.48.39.742843 R05-M0-NC-C:J04-U01 RAS KERNEL INFO generating core.1351,-,few_shot,0,1,"ifying one BGL log entry for anomaly detection.
Return exactly one label: 0 or 1.
0 means normal. 1 means anomalous.
Do not explain your answer.
Do not output any other text.
Judge based mainly on the event content, not severity alone.

Examples:
Log entry: TYPE=RAS COMPONENT=KERNEL LEVEL=INFO CONTENT=ddr error(s) detected and corrected on rank 0
Label: 0
Log entry: TYPE=RAS COMPONENT=KERNEL LEVEL=INFO CONTENT=NFS Mount failed retrying
Label: 0
Log entry: TYPE=RAS COMPONENT=KERNEL LEVEL=FATAL CONTENT=rts: kernel terminated
Label: 1
Log entry: TYPE=RAS COMPONENT=APP LEVEL=FATAL CONTENT=ciod: error reading message header
Label: 1

Log entry: TYPE=RAS COMPONENT=KERNEL LEVEL=INFO CONTENT=generating core.1351
Label: 0
Log",0,191.3675532500747
1951,"TYPE=RAS COMPONENT=KERNEL LEVEL=INFO CONTENT=Kernel detected 3830884 integer alignment exceptions (3830877) iar 0x00544ea8, dear 0x01fc1ba0 (3830878) iar 0x00544eb8, dear 0x01fc1bc0 (3830879) iar 0x00544ea8, dear 0x01fc1be0 (3830880) iar 0x00544eb8, dear 0x01fc1c00 (3830881) iar 0x00544ee0, dear 0x01fc1c20 (3830882) iar 0x00544ef0, dear 0x01fc1c40 (3830883) iar 0x00544ee0, dear 0x01fc1c60 (3830884) iar 0x00544ef0, dear 0x01fc1c80",0,"- 1133925845 2005.12.06 R36-M0-N2-C:J05-U01 2005-12-06-19.24.05.504553 R36-M0-N2-C:J05-U01 RAS KERNEL INFO Kernel detected 3830884 integer alignment exceptions (3830877) iar 0x00544ea8, dear 0x01fc1ba0 (3830878) iar 0x00544eb8, dear 0x01fc1bc0 (3830879) iar 0x00544ea8, dear 0x01fc1be0 (3830880) iar 0x00544eb8, dear 0x01fc1c00 (3830881) iar 0x00544ee0, dear 0x01fc1c20 (3830882) iar 0x00544ef0, dear 0x01fc1c40 (3830883) iar 0x00544ee0, dear 0x01fc1c60 (3830884) iar 0x00544ef0, dear 0x01fc1c80",-,few_shot,0,1,0 (38,0,191.3675532500747
686,TYPE=RAS COMPONENT=KERNEL LEVEL=INFO CONTENT=generating core.52376,0,- 1120938039 2005.07.09 R21-M0-N5-C:J14-U01 2005-07-09-12.40.39.809863 R21-M0-N5-C:J14-U01 RAS KERNEL INFO generating core.52376,-,few_shot,0,1," BGL log entry for anomaly detection.
Return exactly one label: 0 or 1.
0 means normal. 1 means anomalous.
Do not explain your answer.
Do not output any other text.
Judge based mainly on the event content, not severity alone.

Examples:
Log entry: TYPE=RAS COMPONENT=KERNEL LEVEL=INFO CONTENT=ddr error(s) detected and corrected on rank 0
Label: 0
Log entry: TYPE=RAS COMPONENT=KERNEL LEVEL=INFO CONTENT=NFS Mount failed retrying
Label: 0
Log entry: TYPE=RAS COMPONENT=KERNEL LEVEL=FATAL CONTENT=rts: kernel terminated
Label: 1
Log entry: TYPE=RAS COMPONENT=APP LEVEL=FATAL CONTENT=ciod: error reading message header
Label: 1

Log entry: TYPE=RAS COMPONENT=KERNEL LEVEL=INFO CONTENT=generating core.52376
Label: 0
Log",0,191.3675532500747
957,TYPE=RAS COMPONENT=KERNEL LEVEL=INFO CONTENT=generating core.29431,0,- 1121494125 2005.07.15 R36-M1-N2-C:J05-U11 2005-07-15-23.08.45.113982 R36-M1-N2-C:J05-U11 RAS KERNEL INFO generating core.29431,-,few_shot,0,1," BGL log entry for anomaly detection.
Return exactly one label: 0 or 1.
0 means normal. 1 means anomalous.
Do not explain your answer.
Do not output any other text.
Judge based mainly on the event content, not severity alone.

Examples:
Log entry: TYPE=RAS COMPONENT=KERNEL LEVEL=INFO CONTENT=ddr error(s) detected and corrected on rank 0
Label: 0
Log entry: TYPE=RAS COMPONENT=KERNEL LEVEL=INFO CONTENT=NFS Mount failed retrying
Label: 0
Log entry: TYPE=RAS COMPONENT=KERNEL LEVEL=FATAL CONTENT=rts: kernel terminated
Label: 1
Log entry: TYPE=RAS COMPONENT=APP LEVEL=FATAL CONTENT=ciod: error reading message header
Label: 1

Log entry: TYPE=RAS COMPONENT=KERNEL LEVEL=INFO CONTENT=generating core.29431
Label: 0
Log",0,191.3675532500747
189,TYPE=RAS COMPONENT=KERNEL LEVEL=FATAL CONTENT=data storage interrupt,1,KERNSTOR 1118765370 2005.06.14 R01-M1-N6-C:J15-U11 2005-06-14-09.09.30.138103 R01-M1-N6-C:J15-U11 RAS KERNEL FATAL data storage interrupt,KERNSTOR,few_shot,1,1," error reading message header
Label: 1

Log entry: TYPE=RAS COMPONENT=KERNEL LEVEL=FATAL CONTENT=data storage interrupt
Label: 1
Log",0,151.3392877500337
1806,TYPE=RAS COMPONENT=KERNEL LEVEL=INFO CONTENT=0 microseconds spent in the rbs signal handler during 0 calls. 0 microseconds was the maximum time for a single instance of a correctable ddr.,0,- 1133447694 2005.12.01 R11-M1-ND-C:J08-U01 2005-12-01-06.34.54.203650 R11-M1-ND-C:J08-U01 RAS KERNEL INFO 0 microseconds spent in the rbs signal handler during 0 calls. 0 microseconds was the maximum time for a single instance of a correctable ddr.,-,few_shot,0,1," 0
Log",0,151.3392877500337
975,TYPE=RAS COMPONENT=KERNEL LEVEL=INFO CONTENT=generating core.33706,0,- 1121495976 2005.07.15 R12-M1-N7-C:J08-U11 2005-07-15-23.39.36.355775 R12-M1-N7-C:J08-U11 RAS KERNEL INFO generating core.33706,-,few_shot,0,1,"=RAS COMPONENT=KERNEL LEVEL=INFO CONTENT=generating core.33706
Label: 0
Log",0,151.3392877500337
699,TYPE=RAS COMPONENT=KERNEL LEVEL=INFO CONTENT=generating core.22376,0,- 1120938606 2005.07.09 R13-M0-NB-C:J15-U11 2005-07-09-12.50.06.846867 R13-M0-NB-C:J15-U11 RAS KERNEL INFO generating core.22376,-,few_shot,0,1,"=RAS COMPONENT=KERNEL LEVEL=INFO CONTENT=generating core.22376
Label: 0
Log",0,151.3392877500337
1499,TYPE=RAS COMPONENT=KERNEL LEVEL=INFO CONTENT=ciod: generated 64 core files for program /home/spelce1/HPCC_IBM/Urgent/COP/64K/opt_co_dc.rts,0,- 1129437983 2005.10.15 R25-M1-N0-I:J18-U01 2005-10-15-21.46.23.436761 R25-M1-N0-I:J18-U01 RAS KERNEL INFO ciod: generated 64 core files for program /home/spelce1/HPCC_IBM/Urgent/COP/64K/opt_co_dc.rts,-,few_shot,0,1," 0
Log",0,152.94995199974437
1705,TYPE=RAS COMPONENT=KERNEL LEVEL=INFO CONTENT=iar 00105e84 dear 024701dc,0,- 1131473805 2005.11.08 R62-M0-NE-C:J09-U01 2005-11-08-10.16.45.386821 R62-M0-NE-C:J09-U01 RAS KERNEL INFO iar 00105e84 dear 024701dc,-,few_shot,0,1,"5e84 dear 024701dc
Label: 0
Log",0,152.94995199974437
510,TYPE=RAS COMPONENT=KERNEL LEVEL=INFO CONTENT=generating core.6028,0,- 1120216621 2005.07.01 R23-M1-NC-C:J14-U01 2005-07-01-04.17.01.697115 R23-M1-NC-C:J14-U01 RAS KERNEL INFO generating core.6028,-,few_shot,1,0,"1

Log entry: TYPE=RAS COMPONENT=KERNEL LEVEL=INFO CONTENT=generating core.6028
Label: 0
Log",0,152.94995199974437
1082,TYPE=RAS COMPONENT=KERNEL LEVEL=INFO CONTENT=15 floating point alignment exceptions,0,- 1122139727 2005.07.23 R04-M0-N4-C:J12-U01 2005-07-23-10.28.47.226151 R04-M0-N4-C:J12-U01 RAS KERNEL INFO 15 floating point alignment exceptions,-,few_shot,1,0,"
Label: 1

Log entry: TYPE=RAS COMPONENT=KERNEL LEVEL=INFO CONTENT=15 floating point alignment exceptions
Label: 0
Log",0,152.94995199974437
474,TYPE=RAS COMPONENT=KERNEL LEVEL=INFO CONTENT=generating core.16904,0,- 1120145530 2005.06.30 R17-M0-NF-C:J16-U01 2005-06-30-08.32.10.323350 R17-M0-NF-C:J16-U01 RAS KERNEL INFO generating core.16904,-,few_shot,0,1,".16904
Label: 0
Log",0,132.9030537503968
1584,TYPE=RAS COMPONENT=KERNEL LEVEL=INFO CONTENT=iar 00106568 dear 02494bec,0,- 1131060431 2005.11.03 R66-M1-ND-C:J12-U11 2005-11-03-15.27.11.996914 R66-M1-ND-C:J12-U11 RAS KERNEL INFO iar 00106568 dear 02494bec,-,few_shot,0,1," 0
Log",0,132.9030537503968
856,TYPE=RAS COMPONENT=KERNEL LEVEL=INFO CONTENT=116332728 double-hummer alignment exceptions,0,- 1121252955 2005.07.13 R11-M1-N3-C:J10-U11 2005-07-13-04.09.15.514952 R11-M1-N3-C:J10-U11 RAS KERNEL INFO 116332728 double-hummer alignment exceptions,-,few_shot,0,1," exceptions
Label: 0
Log",0,132.9030537503968
747,TYPE=RAS COMPONENT=KERNEL LEVEL=INFO CONTENT=generating core.13592,0,- 1120958362 2005.07.09 R26-M0-ND-C:J16-U11 2005-07-09-18.19.22.664176 R26-M0-ND-C:J16-U11 RAS KERNEL INFO generating core.13592,-,few_shot,0,1,".13592
Label: 0
Log",0,132.9030537503968
252,TYPE=RAS COMPONENT=KERNEL LEVEL=FATAL CONTENT=data store interrupt caused by icbi.........0,0,- 1118770918 2005.06.14 R24-M0-N5-C:J05-U01 2005-06-14-10.41.58.776391 R24-M0-N5-C:J05-U01 RAS KERNEL FATAL data store interrupt caused by icbi.........0,-,few_shot,0,1," store interrupt caused by icbi.........0
Label: 1
Log",0,132.9657052501716
21,TYPE=RAS COMPONENT=KERNEL LEVEL=INFO CONTENT=generating core.201,0,- 1117974206 2005.06.05 R22-M0-ND-C:J10-U11 2005-06-05-05.23.26.239153 R22-M0-ND-C:J10-U11 RAS KERNEL INFO generating core.201,-,few_shot,0,1," CONTENT=generating core.201
Label: 0
Log",0,132.9657052501716
1337,TYPE=RAS COMPONENT=KERNEL LEVEL=INFO CONTENT=iar 0014a150 dear 00719fc8,0,- 1125220578 2005.08.28 R70-M0-NF-C:J06-U01 2005-08-28-02.16.18.871630 R70-M0-NF-C:J06-U01 RAS KERNEL INFO iar 0014a150 dear 00719fc8,-,few_shot,0,1," 0
Log",0,132.9657052501716
459,TYPE=RAS COMPONENT=KERNEL LEVEL=INFO CONTENT=generating core.1786,0,- 1120091427 2005.06.29 R05-M1-N3-C:J03-U11 2005-06-29-17.30.27.216695 R05-M1-N3-C:J03-U11 RAS KERNEL INFO generating core.1786,-,few_shot,0,1,"generating core.1786
Label: 0
Log",0,132.9657052501716
1184,TYPE=RAS COMPONENT=KERNEL LEVEL=INFO CONTENT=generating core.36904,0,- 1122431204 2005.07.26 R10-M1-NB-C:J16-U11 2005-07-26-19.26.44.167957 R10-M1-NB-C:J16-U11 RAS KERNEL INFO generating core.36904,-,few_shot,1,0,"=ciod: error reading message header
Label: 1

Log entry: TYPE=RAS COMPONENT=KERNEL LEVEL=INFO CONTENT=generating core.36904
Label: 0
Log",0,153.80897825025386
276,TYPE=RAS COMPONENT=KERNEL LEVEL=FATAL CONTENT=program interrupt: fp cr field .............0,0,- 1118771875 2005.06.14 R20-M1-NB-C:J11-U11 2005-06-14-10.57.55.166387 R20-M1-NB-C:J11-U11 RAS KERNEL FATAL program interrupt: fp cr field .............0,-,few_shot,1,0,"=ciod: error reading message header
Label: 1

Log entry: TYPE=RAS COMPONENT=KERNEL LEVEL=FATAL CONTENT=program interrupt: fp cr field .............0
Label: 0
Log",0,153.80897825025386
955,TYPE=RAS COMPONENT=KERNEL LEVEL=INFO CONTENT=generating core.38143,0,- 1121493886 2005.07.15 R20-M1-N2-C:J03-U11 2005-07-15-23.04.46.601583 R20-M1-N2-C:J03-U11 RAS KERNEL INFO generating core.38143,-,few_shot,1,0,"=ciod: error reading message header
Label: 1

Log entry: TYPE=RAS COMPONENT=KERNEL LEVEL=INFO CONTENT=generating core.38143
Label: 0
Log",0,153.80897825025386
1215,"TYPE=RAS COMPONENT=MMCS LEVEL=ERROR CONTENT=idoproxydb hit ASSERT condition: ASSERT expression=0 Source file=idotransportmgr.cpp Source line=1043 Function=int IdoTransportMgr::SendPacket(IdoUdpMgr*, BglCtlPavTrace*)",0,"- 1123110898 2005.08.03 NULL 2005-08-03-16.14.58.668464 NULL RAS MMCS ERROR idoproxydb hit ASSERT condition: ASSERT expression=0 Source file=idotransportmgr.cpp Source line=1043 Function=int IdoTransportMgr::SendPacket(IdoUdpMgr*, BglCtlPavTrace*)",-,few_shot,1,0," 1
Log",0,153.80897825025386
385,"TYPE=RAS COMPONENT=KERNEL LEVEL=INFO CONTENT=CE sym 23, at 0x03f89c00, mask 0x10",0,"- 1119677904 2005.06.24 R36-M0-N5-C:J03-U01 2005-06-24-22.38.24.830252 R36-M0-N5-C:J03-U01 RAS KERNEL INFO CE sym 23, at 0x03f89c00, mask 0x10",-,few_shot,0,1,", at 0x03f89c00, mask 0x10
Label: 0
Log",0,153.83861300006174
805,TYPE=RAS COMPONENT=KERNEL LEVEL=INFO CONTENT=generating core.3269,0,- 1120975821 2005.07.09 R04-M1-NE-C:J10-U01 2005-07-09-23.10.21.207634 R04-M1-NE-C:J10-U01 RAS KERNEL INFO generating core.3269,-,few_shot,1,0,"ATAL CONTENT=ciod: error reading message header
Label: 1

Log entry: TYPE=RAS COMPONENT=KERNEL LEVEL=INFO CONTENT=generating core.3269
Label: 0
Log",0,153.83861300006174
1437,"TYPE=RAS COMPONENT=MMCS LEVEL=ERROR CONTENT=idoproxydb hit ASSERT condition: ASSERT expression=0 Source file=idotransportmgr.cpp Source line=1043 Function=int IdoTransportMgr::SendPacket(IdoUdpMgr*, BglCtlPavTrace*)",0,"- 1127243560 2005.09.20 NULL 2005-09-20-12.12.40.943077 NULL RAS MMCS ERROR idoproxydb hit ASSERT condition: ASSERT expression=0 Source file=idotransportmgr.cpp Source line=1043 Function=int IdoTransportMgr::SendPacket(IdoUdpMgr*, BglCtlPavTrace*)",-,few_shot,1,0," 1
Log",0,153.83861300006174
1515,"TYPE=RAS COMPONENT=KERNEL LEVEL=INFO CONTENT=1 ddr errors(s) detected and corrected on rank 0, symbol 17, bit 7",0,"- 1130123101 2005.10.23 R21-M1-N0-C:J10-U11 2005-10-23-20.05.01.813190 R21-M1-N0-C:J10-U11 RAS KERNEL INFO 1 ddr errors(s) detected and corrected on rank 0, symbol 17, bit 7",-,few_shot,1,0,"=1 ddr errors(s) detected and corrected on rank 0, symbol 17, bit 7
Label: 0
Log",0,153.83861300006174
343,TYPE=RAS COMPONENT=KERNEL LEVEL=INFO CONTENT=generating core.3053,0,- 1118916076 2005.06.16 R23-M1-N4-C:J10-U11 2005-06-16-03.01.16.485975 R23-M1-N4-C:J10-U11 RAS KERNEL INFO generating core.3053,-,few_shot,0,1,"generating core.3053
Label: 0
Log",0,132.95114550010112
769,TYPE=RAS COMPONENT=KERNEL LEVEL=INFO CONTENT=generating core.3111,0,- 1120968857 2005.07.09 R11-M1-N2-C:J04-U01 2005-07-09-21.14.17.975757 R11-M1-N2-C:J04-U01 RAS KERNEL INFO generating core.3111,-,few_shot,0,1,"generating core.3111
Label: 0
Log",0,132.95114550010112
1332,TYPE=RAS COMPONENT=KERNEL LEVEL=INFO CONTENT=147337410 double-hummer alignment exceptions,0,- 1125219610 2005.08.28 R72-M1-NA-C:J04-U11 2005-08-28-02.00.10.847914 R72-M1-NA-C:J04-U11 RAS KERNEL INFO 147337410 double-hummer alignment exceptions,-,few_shot,0,1," alignment exceptions
Label: 0
Log",0,132.95114550010112
1685,TYPE=RAS COMPONENT=KERNEL LEVEL=INFO CONTENT=iar 001061d4 dear 024696cc,0,- 1131148482 2005.11.04 R63-M0-N0-C:J17-U01 2005-11-04-15.54.42.089011 R63-M0-N0-C:J17-U01 RAS KERNEL INFO iar 001061d4 dear 024696cc,-,few_shot,0,1," 0
Log",0,132.95114550010112
130,TYPE=RAS COMPONENT=KERNEL LEVEL=FATAL CONTENT=data TLB error interrupt,1,KERNDTLB 1118544523 2005.06.11 R30-M0-N9-C:J16-U01 2005-06-11-19.48.43.752466 R30-M0-N9-C:J16-U01 RAS KERNEL FATAL data TLB error interrupt,KERNDTLB,few_shot,1,1," COMPONENT=KERNEL LEVEL=FATAL CONTENT=data TLB error interrupt
Label: 1
Log",0,132.8485985000043
1687,TYPE=RAS COMPONENT=KERNEL LEVEL=INFO CONTENT=iar 00106204 dear 02f75edc,0,- 1131148496 2005.11.04 R63-M0-NF-C:J08-U11 2005-11-04-15.54.56.089471 R63-M0-NF-C:J08-U11 RAS KERNEL INFO iar 00106204 dear 02f75edc,-,few_shot,0,1," 0
Log",0,132.8485985000043
871,TYPE=RAS COMPONENT=KERNEL LEVEL=INFO CONTENT=generating core.26059,0,- 1121308028 2005.07.13 R23-M0-N5-C:J04-U01 2005-07-13-19.27.08.790721 R23-M0-N5-C:J04-U01 RAS KERNEL INFO generating core.26059,-,few_shot,0,1," core.26059
Label: 0
Log",0,132.8485985000043
1123,TYPE=RAS COMPONENT=KERNEL LEVEL=INFO CONTENT=5 floating point alignment exceptions,0,- 1122165615 2005.07.23 R15-M0-N6-C:J10-U11 2005-07-23-17.40.15.015021 R15-M0-N6-C:J10-U11 RAS KERNEL INFO 5 floating point alignment exceptions,-,few_shot,0,1,"KERNEL LEVEL=INFO CONTENT=5 floating point alignment exceptions
Label: 0
Log",0,132.8485985000043
1396,"TYPE=RAS COMPONENT=KERNEL LEVEL=INFO CONTENT=CE sym 6, at 0x1880a8e0, mask 0x40",0,"- 1126275477 2005.09.09 R03-M1-N6-C:J11-U11 2005-09-09-07.17.57.768677 R03-M1-N6-C:J11-U11 RAS KERNEL INFO CE sym 6, at 0x1880a8e0, mask 0x40",-,few_shot,0,1,": 0
Log",0,151.12562300009813
87,"TYPE=RAS COMPONENT=KERNEL LEVEL=INFO CONTENT=CE sym 28, at 0x110067e0, mask 0x02",0,"- 1118251556 2005.06.08 R16-M1-N2-C:J12-U01 2005-06-08-10.25.56.322381 R16-M1-N2-C:J12-U01 RAS KERNEL INFO CE sym 28, at 0x110067e0, mask 0x02",-,few_shot,0,1," 0
Log",0,151.12562300009813
1482,"TYPE=RAS COMPONENT=KERNEL LEVEL=INFO CONTENT=CE sym 25, at 0x06c27c60, mask 0x40",0,"- 1128832724 2005.10.08 R03-M1-N9-C:J09-U11 2005-10-08-21.38.44.248283 R03-M1-N9-C:J09-U11 RAS KERNEL INFO CE sym 25, at 0x06c27c60, mask 0x40",-,few_shot,0,1," 0
Log",0,151.12562300009813
330,TYPE=RAS COMPONENT=KERNEL LEVEL=INFO CONTENT=instruction cache parity error corrected,0,- 1118852706 2005.06.15 R02-M1-N0-C:J12-U11 2005-06-15-09.25.06.962646 R02-M1-N0-C:J12-U11 RAS KERNEL INFO instruction cache parity error corrected,-,few_shot,0,1,": TYPE=RAS COMPONENT=KERNEL LEVEL=INFO CONTENT=instruction cache parity error corrected
Label: 0
Log",0,151.12562300009813
1238,"TYPE=RAS COMPONENT=APP LEVEL=FATAL CONTENT=ciod: Error loading /bgl/apps/scaletest/performance/MINIBEN/mb_243_0810/allreduce.rts: invalid or missing program image, Exec format error",0,"- 1123914312 2005.08.12 R44-M0-N8-I:J18-U01 2005-08-12-23.25.12.135766 R44-M0-N8-I:J18-U01 RAS APP FATAL ciod: Error loading /bgl/apps/scaletest/performance/MINIBEN/mb_243_0810/allreduce.rts: invalid or missing program image, Exec format error",-,few_shot,1,0," 1
Log",0,153.63847499975236
466,TYPE=RAS COMPONENT=KERNEL LEVEL=INFO CONTENT=generating core.7151,0,- 1120092194 2005.06.29 R12-M0-N0-C:J13-U01 2005-06-29-17.43.14.852439 R12-M0-N0-C:J13-U01 RAS KERNEL INFO generating core.7151,-,few_shot,1,0," error reading message header
Label: 1

Log entry: TYPE=RAS COMPONENT=KERNEL LEVEL=INFO CONTENT=generating core.7151
Label: 0
Log",0,153.63847499975236
121,TYPE=RAS COMPONENT=KERNEL LEVEL=FATAL CONTENT=data TLB error interrupt,1,KERNDTLB 1118542376 2005.06.11 R30-M0-N9-C:J16-U01 2005-06-11-19.12.56.115636 R30-M0-N9-C:J16-U01 RAS KERNEL FATAL data TLB error interrupt,KERNDTLB,few_shot,1,1,"APP LEVEL=FATAL CONTENT=ciod: error reading message header
Label: 1

Log entry: TYPE=RAS COMPONENT=KERNEL LEVEL=FATAL CONTENT=data TLB error interrupt
Label: 1
Log",0,153.63847499975236
1638,TYPE=RAS COMPONENT=KERNEL LEVEL=INFO CONTENT=iar 00106704 dear 0245b80c,0,- 1131127207 2005.11.04 R62-M0-N1-C:J10-U01 2005-11-04-10.00.07.211412 R62-M0-N1-C:J10-U01 RAS KERNEL INFO iar 00106704 dear 0245b80c,-,few_shot,0,1,"iar 00106704 dear 0245b80c
Label: 0
Log",0,153.63847499975236
1044,TYPE=RAS COMPONENT=KERNEL LEVEL=INFO CONTENT=8 floating point alignment exceptions,0,- 1121901286 2005.07.20 R04-M1-NE-C:J02-U11 2005-07-20-16.14.46.720905 R04-M1-NE-C:J02-U11 RAS KERNEL INFO 8 floating point alignment exceptions,-,few_shot,0,1," LEVEL=INFO CONTENT=8 floating point alignment exceptions
Label: 0
Log",0,132.83973300030993
1724,TYPE=RAS COMPONENT=KERNEL LEVEL=INFO CONTENT=iar 00106448 dear 0246dbbc,0,- 1131582323 2005.11.09 R63-M0-N8-C:J14-U11 2005-11-09-16.25.23.800081 R63-M0-N8-C:J14-U11 RAS KERNEL INFO iar 00106448 dear 0246dbbc,-,few_shot,0,1," 0
Log",0,132.83973300030993
1095,TYPE=RAS COMPONENT=KERNEL LEVEL=INFO CONTENT=generating core.31691,0,- 1122144022 2005.07.23 R22-M0-N3-C:J02-U01 2005-07-23-11.40.22.071233 R22-M0-N3-C:J02-U01 RAS KERNEL INFO generating core.31691,-,few_shot,0,1,".31691
Label: 0
Log",0,132.83973300030993
1130,TYPE=RAS COMPONENT=KERNEL LEVEL=INFO CONTENT=generating core.11357,0,- 1122165890 2005.07.23 R15-M1-NA-C:J13-U11 2005-07-23-17.44.50.608907 R15-M1-NA-C:J13-U11 RAS KERNEL INFO generating core.11357,-,few_shot,0,1,".11357
Label: 0
Log",0,132.83973300030993
1294,TYPE=RAS COMPONENT=KERNEL LEVEL=INFO CONTENT=iar 003a929c dear 00efd448,0,- 1125083438 2005.08.26 R60-M0-NE-C:J10-U11 2005-08-26-12.10.38.958016 R60-M0-NE-C:J10-U11 RAS KERNEL INFO iar 003a929c dear 00efd448,-,few_shot,0,1," 0
Log",0,132.85966124976767
860,TYPE=RAS COMPONENT=KERNEL LEVEL=INFO CONTENT=generating core.4159,0,- 1121256367 2005.07.13 R20-M1-NA-C:J04-U11 2005-07-13-05.06.07.030871 R20-M1-NA-C:J04-U11 RAS KERNEL INFO generating core.4159,-,few_shot,0,1,"ating core.4159
Label: 0
Log",0,132.85966124976767
1459,TYPE=RAS COMPONENT=KERNEL LEVEL=INFO CONTENT=total of 4 ddr error(s) detected and corrected,0,- 1127464998 2005.09.23 R10-M0-N0-C:J06-U01 2005-09-23-01.43.18.801088 R10-M0-N0-C:J06-U01 RAS KERNEL INFO total of 4 ddr error(s) detected and corrected,-,few_shot,0,1," detected and corrected
Label: 0
Log",0,132.85966124976767
1126,TYPE=RAS COMPONENT=KERNEL LEVEL=INFO CONTENT=5 floating point alignment exceptions,0,- 1122165850 2005.07.23 R17-M0-NF-C:J04-U01 2005-07-23-17.44.10.520225 R17-M0-NF-C:J04-U01 RAS KERNEL INFO 5 floating point alignment exceptions,-,few_shot,0,1," LEVEL=INFO CONTENT=5 floating point alignment exceptions
Label: 0
Log",0,132.85966124976767
